Points_num,Min_date,Max_date,date2012_p,date2013_p,date2014_p,date2015_p,date2016_p,date2017_p,date2018_p,date2019_p,date2020_p,date2021_p,CONTINENT,area,Type,Nation,Locations,ORIG_FID,geometry
551,2012-04-11,2020-05-29,20,3,0,6,105,98,189,128,2,0,Sea,0.0316468,0,India,"[70.4441200000000,22.9600516888334;70.4469229665565,22.9620400000000]",1413,POINT (70.4450543221855 22.96137722961114)
172,2016-04-16,2019-07-19,0,0,0,0,124,43,3,2,0,0,Sea,0.195766,0,India,"[70.1013300000000,22.9215500000001;70.1107300000000,22.9239339004230]",1414,POINT (70.10650055190906 22.922494200094416)
161,2012-11-08,2018-09-24,3,6,73,0,31,29,19,0,0,0,Sea,1.08036,0,India,"[72.6631200000001,21.1604000000000;72.6740100000000,21.1706800000000]",1426,POINT (72.66798911318143 21.166210319441202)
107,2014-02-13,0201-12-12,0,0,2,89,13,1,1,0,1,0,Sea,0.360586,0,India,"[72.5359200000000,21.6669800000000;72.5442200000000,21.6724243845902]",1427,POINT (72.53946661254253 21.668995640684034)
582,2012-01-28,0202-10-30,67,36,48,45,48,92,84,158,2,2,Sea,0.0149685,0,India,"[72.9094480539824,19.0095600000000;72.9110600000001,19.0111535587727]",1435,POINT (72.91052268466086 19.01009118625758)
258,2012-01-20,2019-12-08,29,15,90,8,17,35,14,50,0,0,Sea,0.0914188,0,India,"[72.8857600000000,19.0160200000000;72.8877502937086,19.0239026104902]",1436,POINT (72.8864234312362 19.0186475368301)
251,2012-02-26,0201-12-13,104,12,0,0,27,5,0,86,17,0,Sea,0.549896,0,India,"[80.3220100000000,13.2394900000000;80.3287300000001,13.2479034199073]",1486,POINT (80.32514068440187 13.24295037400948)
309,2019-02-28,0202-10-30,0,0,0,0,0,0,0,102,127,80,Sea,0.431543,0,India,"[80.3395200000000,13.2865200000000;80.3461700000000,13.2921100000000]",1487,POINT (80.34294639732052 13.289262593161162)
15,2018-08-04,2019-07-12,0,0,0,0,0,0,2,13,0,0,Sea,0.0592357,0,India,"[83.2718700000000,17.7131800000000;83.2761928833841,17.7155143576647]",1490,POINT (83.27331096112806 17.71395811922156)
202,2012-01-20,2019-05-31,41,66,55,30,0,3,3,4,0,0,Sea,0.169737,0,India,"[83.2592000000000,17.7143700000000;83.2644800000000,17.7172594222698]",1491,POINT (83.26188857350816 17.71574052902714)
1250,2012-03-18,2019-07-11,74,209,562,126,212,51,4,12,0,0,Sea,1.25303,0,India,"[83.2129012380001,17.6228200000000;83.2265500000000,17.6349144550001]",1492,POINT (83.22165002399275 17.629828962217445)
768,2012-03-03,2019-05-23,180,573,0,0,3,0,0,12,0,0,Sea,1.10912,0,India,"[86.9586384260067,20.8170100000000;86.9688600000000,20.8284200000000]",1494,POINT (86.96457954855691 20.823117857400337)
5439,2012-01-20,2019-12-31,572,614,698,652,640,760,800,703,0,0,Sea,0.105864,0,India,"[88.1270929142584,22.0485100000000;88.1317400000000,22.0524959671603]",1495,POINT (88.13019097141945 22.049838655720105)
1015,2013-10-12,0202-10-31,0,82,79,323,79,74,215,85,31,47,Sea,1.81167,0,India,"[93.8577000000000,12.2758300000000;93.8695800000000,12.2906200000000]",1519,POINT (93.8640698725756 12.28414749060815)
201,2012-05-01,2019-07-16,4,1,0,3,65,46,18,64,0,0,Asia,0.348333,0,India,"[70.4439756299086,22.9551291045206;70.4606883514280,22.9617979316877]",11932,POINT (70.45163909196451 22.95838932091748)
153,2016-04-16,2019-07-19,0,0,0,0,110,38,3,2,0,0,Asia,0.830554,0,India,"[70.1021321007726,22.9192207519613;70.1092228945701,22.9320698413927]",11933,POINT (70.10534155704566 22.92541492613954)
19,2013-06-20,2018-02-03,0,1,9,0,4,2,3,0,0,0,Asia,0.191014,0,India,"[72.6666955361961,21.1604000000001;72.6740100000000,21.1653202966089]",11999,POINT (72.67157184539869 21.162040098869713)
12,2014-02-27,2016-06-27,0,0,1,10,1,0,0,0,0,0,Asia,0.308775,0,India,"[72.5333361814110,21.6702611211819;72.5388922228596,21.6758350085879]",12000,POINT (72.53613529735074 21.67297213685419)
568,2012-01-28,2019-09-05,67,34,47,44,47,92,83,154,0,0,Asia,0.902882,0,India,"[72.8998600000000,19.0095600000001;72.9110600000000,19.0173400000001]",12001,POINT (72.90561871837393 19.013366967187267)
754,2012-03-03,2019-05-23,178,561,0,0,3,0,0,12,0,0,Asia,1.145,0,India,"[86.9571800000001,20.8170016802084;86.9667952214659,20.8284200000001]",12141,POINT (86.96203005323846 20.822746758808307)
4210,2012-01-20,2019-09-05,513,466,618,487,490,526,547,563,0,0,Asia,1.13112,0,India,"[88.1159789508939,22.0470141513251;88.1317400000000,22.0592564782002]",12142,POINT (88.12384407627762 22.05347167408858)
57,2015-03-18,2018-09-11,0,0,0,25,1,0,31,0,0,0,Asia,0.315815,1,India,"[93.8577000000001,12.2758300000001;93.8659185731285,12.2811953800001]",12167,POINT (93.86106873219768 12.277707154635404)
0,2013-12-18,2021-02-02,0,90,87,298,81,85,243,88,31,52,Asia,2.55976,1,India,"[93.8522110235765,12.2766567780334;93.8669181526962,12.2911192120201]",18249,POINT (93.85956458813635 12.28388799502676)
42,2015-03-18,2018-11-02,0,0,0,0,0,0,0,0,0,0,Asia,0.289359,0,India,"[93.8586900000000,12.2770400000000;93.8627500000000,12.2809200000000]",20183,POINT (93.86072 12.27898)
46,2013-08-22,2016-01-09,0,0,11,5,2,0,0,0,0,0,Asia,0.383784,0,India,"[77.5135700000000,13.7033700000000;77.5203200000000,13.7075700000000]",20184,POINT (77.51694499999999 13.70547)
47,2016-01-01,2021-03-16,0,0,0,0,5,6,5,1,0,2,Asia,0.139071,0,India,"[76.8479500000000,14.9899900000000;76.8511200000000,14.9932800000000]",20185,POINT (76.849535 14.991635)
222,2012-01-25,2017-02-23,13,13,36,22,14,2,0,0,0,0,Asia,0.3327,0,India,"[76.9968500000000,15.0025000000000;77.0016400000000,15.0077000000000]",20186,POINT (76.999245 15.005099999999999)
555,2015-06-05,2021-08-09,0,0,0,21,61,40,58,27,25,25,Asia,0.619665,0,India,"[78.0495600000000,14.8700200000000;78.0567900000000,14.8763500000000]",20187,POINT (78.05317500000001 14.873185)
99,2012-01-24,2021-07-06,13,13,5,2,0,0,4,8,3,2,Asia,0.158552,0,India,"[78.0738200000000,14.9500000000000;78.0776600000000,14.9530500000000]",20188,POINT (78.07574 14.951525)
381,2012-02-10,2021-02-06,20,20,32,31,12,23,15,13,10,25,Asia,0.477972,0,India,"[79.6226000000000,13.7125000000000;79.6276300000000,13.7193300000000]",20189,POINT (79.625115 13.715915)
90,2013-08-08,2019-01-31,0,0,4,21,12,5,1,1,0,0,Asia,0.236416,0,India,"[79.6171600000000,13.7068300000000;79.6206000000000,13.7117700000000]",20190,POINT (79.61887999999999 13.7093)
759,2012-01-20,2021-07-28,70,70,41,119,89,0,3,6,2,6,Asia,0.691034,0,India,"[81.9695900000000,16.4126500000000;81.9766400000000,16.4195800000000]",20191,POINT (81.973115 16.416114999999998)
633,2012-02-16,2021-03-11,17,17,75,107,10,8,36,24,6,3,Asia,0.676184,0,India,"[82.0848100000000,16.4806900000000;82.0917100000000,16.4876100000000]",20192,POINT (82.08826 16.48415)
165,2012-01-26,2021-03-06,5,5,5,10,12,16,7,9,12,5,Asia,0.324148,0,India,"[81.9566300000000,16.8800800000000;81.9608500000000,16.8855300000000]",20193,POINT (81.95873999999999 16.882804999999998)
1201,2015-12-16,2020-02-21,0,0,0,13,209,97,124,45,21,0,Asia,0.655214,0,India,"[81.9180700000000,16.4062900000000;81.9251800000000,16.4128100000000]",20194,POINT (81.921625 16.40955)
161,2015-01-27,2020-03-10,0,0,0,40,3,1,16,6,1,0,Asia,0.325036,0,India,"[81.8925400000000,16.4976300000000;81.8974800000000,16.5022900000000]",20195,POINT (81.89501 16.49996)
153,2012-01-24,2021-02-12,14,14,3,2,1,10,17,3,0,2,Asia,0.208174,0,India,"[79.8955400000000,16.4889500000000;79.8993500000000,16.4929300000000]",20196,POINT (79.897445 16.490940000000002)
77,2012-01-20,2021-03-11,14,14,4,1,2,0,0,1,0,3,Asia,0.152367,0,India,"[79.5009200000000,16.6227600000000;79.5046800000000,16.6257300000000]",20197,POINT (79.5028 16.624245000000002)
101,2013-09-11,2021-03-01,0,0,18,0,0,0,0,18,31,10,Asia,0.248571,0,India,"[80.9361800000000,15.9609700000000;80.9413200000000,15.9644300000000]",20198,POINT (80.93875 15.9627)
112,2012-11-23,2021-03-16,5,5,7,11,7,5,5,1,9,14,Asia,0.081917,0,India,"[80.0365800000000,16.8307200000000;80.0386600000000,16.8335900000000]",20199,POINT (80.03762 16.832155)
498,2012-12-02,2021-02-15,1,1,26,19,26,23,21,63,55,58,Asia,0.338128,0,India,"[80.0199100000000,16.8691000000000;80.0246600000000,16.8742900000000]",20200,POINT (80.022285 16.871695)
59,2012-02-15,2021-08-07,8,8,1,3,0,0,0,5,4,7,Asia,0.121829,0,India,"[80.1195500000000,16.8735200000000;80.1222300000000,16.8768300000000]",20201,POINT (80.12089 16.875175)
412,2013-11-12,2021-01-01,0,0,0,6,0,14,55,83,27,39,Asia,0.196325,0,India,"[77.3612000000000,15.9131000000000;77.3647800000000,15.9172100000000]",20202,POINT (77.36299 15.915155)
20,2012-11-13,2014-05-11,2,2,6,0,0,0,0,0,0,0,Asia,0.095002,0,India,"[78.2156800000000,15.3627600000000;78.2187600000000,15.3650400000000]",20203,POINT (78.21721999999998 15.363900000000001)
1750,2012-01-20,2021-02-27,111,111,107,76,73,96,109,50,62,66,Asia,0.366944,0,India,"[78.0119900000000,15.0203800000000;78.0172800000000,15.0255100000000]",20204,POINT (78.014635 15.022945)
480,2012-10-08,2021-12-27,18,18,33,19,20,28,32,11,18,19,Asia,0.257446,0,India,"[78.4557200000000,15.6821300000000;78.4600700000000,15.6865000000000]",20205,POINT (78.457895 15.684315)
266,2012-01-27,2021-10-22,61,61,1,4,4,0,0,0,0,1,Asia,0.798937,0,India,"[79.9835100000000,14.1318500000000;79.9907600000000,14.1397500000000]",20206,POINT (79.987135 14.1358)
100,2012-03-10,2020-05-06,31,31,0,0,0,0,0,0,3,0,Asia,0.227156,0,India,"[80.1005900000000,14.2579200000000;80.1045200000000,14.2620600000000]",20207,POINT (80.102555 14.25999)
42,2017-01-15,2021-11-21,0,0,0,0,0,10,3,3,2,4,Asia,0.180716,0,India,"[83.5410300000000,18.2645200000000;83.5440500000000,18.2687100000000]",20208,POINT (83.54254 18.266615)
1492,2012-03-18,2021-06-04,62,62,413,55,79,12,0,7,0,1,Asia,1.6914,0,India,"[83.2117300000000,17.6347900000000;83.2247300000000,17.6439000000000]",20209,POINT (83.21822999999999 17.639345)
489,2014-10-19,2021-10-26,0,0,4,1,0,0,59,59,105,80,Asia,0.507391,0,India,"[83.1809600000000,17.5971500000000;83.1876900000000,17.6024300000000]",20210,POINT (83.184325 17.59979)
9505,2012-01-20,2021-02-22,435,435,418,511,492,475,544,655,449,696,Asia,10.7016,0,India,"[83.1879600000000,17.5955000000000;83.2129800000000,17.6254500000000]",20211,POINT (83.20047 17.610475)
241,2012-01-20,2021-10-09,9,9,10,18,3,11,13,17,24,28,Asia,0.323907,0,India,"[83.2425000000000,17.6913500000000;83.2470000000000,17.6963900000000]",20212,POINT (83.24475000000001 17.69387)
249,2012-04-10,2021-08-22,8,8,9,15,2,3,15,18,40,38,Asia,0.428767,0,India,"[83.2375100000000,17.6910800000000;83.2424000000000,17.6972200000000]",20213,POINT (83.23995500000001 17.69415)
66,2012-01-31,2019-05-30,7,7,6,4,0,2,0,1,0,0,Asia,0.085268,0,India,"[83.2605000000000,17.7171100000000;83.2644800000000,17.7186100000000]",20214,POINT (83.26248999999999 17.71786)
169,2012-08-13,2021-11-21,14,14,7,1,0,8,8,15,10,16,Asia,0.37527,0,India,"[82.9992500000000,17.5289100000000;83.0045500000000,17.5338800000000]",20215,POINT (83.0019 17.531395)
110,2014-08-08,2021-08-22,0,0,8,3,0,15,11,6,5,2,Asia,0.292459,0,India,"[83.2196400000000,17.9405800000000;83.2250700000000,17.9443600000000]",20216,POINT (83.222355 17.94247)
243,2012-02-07,2021-03-22,1,1,9,22,22,20,15,8,12,11,Asia,0.383798,0,India,"[83.1573000000000,17.9612200000000;83.1636900000000,17.9654400000000]",20217,POINT (83.16049500000001 17.96333)
465,2012-02-15,2021-12-19,16,16,34,2,7,29,49,9,18,21,Asia,0.402215,0,India,"[78.5781700000000,14.5856600000000;78.5840500000000,14.5906700000000]",20218,POINT (78.58111000000001 14.588165)
1064,2012-01-20,2021-02-10,41,41,52,54,48,35,100,51,55,16,Asia,0.475372,0,India,"[78.5194600000000,14.6027900000000;78.5257500000000,14.6083300000000]",20219,POINT (78.522605 14.605560000000002)
1157,2012-01-27,2021-12-02,103,103,31,6,10,5,0,101,217,253,Asia,0.690186,0,India,"[96.0365100000000,27.5543300000000;96.0430900000000,27.5609100000000]",20220,POINT (96.03980000000001 27.55762)
456,2012-01-31,2021-11-25,10,10,37,30,20,20,0,11,114,34,Asia,1.4355,0,India,"[90.5256700000000,26.5196200000000;90.5392800000000,26.5268300000000]",20221,POINT (90.532475 26.523225)
962,2012-01-24,2021-03-18,6,6,36,67,115,159,0,53,29,16,Asia,0.886702,0,India,"[95.1201500000000,27.2622800000000;95.1280100000000,27.2694500000000]",20222,POINT (95.12407999999999 27.265864999999994)
423,2012-05-05,2021-12-18,9,9,68,49,6,23,0,16,0,3,Asia,0.730325,1,India,"[95.1472500000000,27.2571600000000;95.1543000000000,27.2637400000000]",20223,POINT (95.150775 27.26045)
1409,2012-12-21,2021-11-16,7,7,264,251,29,1,0,103,49,29,Asia,1.27195,0,India,"[95.2724400000000,27.3204100000000;95.2816500000000,27.3291700000000]",20224,POINT (95.277045 27.32479)
85,2012-12-31,2020-03-24,1,1,0,24,15,0,0,0,1,0,Asia,0.387244,0,India,"[95.2969100000000,27.3231100000000;95.3031100000000,27.3270700000000]",20225,POINT (95.30001 27.32509)
1262,2012-02-09,2021-11-27,68,68,127,184,44,49,0,6,17,51,Asia,1.02825,1,India,"[95.2623500000000,27.3143700000000;95.2714600000000,27.3215300000000]",20226,POINT (95.26690500000001 27.31795)
273,2012-01-31,2021-02-18,17,17,33,56,0,5,0,4,2,5,Asia,0.583224,0,India,"[95.3156900000000,27.3497800000000;95.3219900000000,27.3556500000000]",20227,POINT (95.31884000000001 27.352715000000003)
591,2012-02-12,2021-12-05,2,2,57,63,101,18,0,0,82,23,Asia,0.714866,0,India,"[95.3916400000000,27.2986800000000;95.3990900000000,27.3047500000000]",20228,POINT (95.39536499999998 27.301715000000005)
176,2012-03-04,2017-01-24,24,24,3,0,17,12,0,0,0,0,Asia,0.418533,0,India,"[95.3631900000000,27.2652100000000;95.3691800000000,27.2696300000000]",20229,POINT (95.366185 27.26742)
570,2012-01-23,1899-12-30,134,134,11,10,12,0,0,0,0,0,Asia,0.727217,1,India,"[95.1901400000000,27.4439300000000;95.1966700000000,27.4510200000000]",20230,POINT (95.19340499999998 27.447475)
87,2014-01-29,2021-04-29,0,0,0,5,24,1,0,4,7,5,Asia,0.416548,0,India,"[95.1943900000000,27.3767700000000;95.1998400000000,27.3816300000000]",20231,POINT (95.197115 27.3792)
1285,2015-06-25,2021-04-22,0,0,0,167,308,100,0,24,33,38,Asia,2.30733,0,India,"[94.8877000000000,27.3628500000000;94.9034300000000,27.3722300000000]",20232,POINT (94.895565 27.36754)
628,2012-01-22,2016-01-06,148,148,38,6,3,0,0,0,0,0,Asia,0.907667,0,India,"[95.0821400000000,27.4454500000000;95.0907700000000,27.4521600000000]",20233,POINT (95.086455 27.448805)
26,2012-01-26,1899-12-30,7,7,0,0,0,0,0,0,0,0,Asia,0.137086,1,India,"[94.9844700000000,27.4384100000000;94.9874200000000,27.4413800000000]",20234,POINT (94.985945 27.439895)
606,2012-01-27,2021-12-23,8,8,79,49,38,40,0,5,6,48,Asia,0.466888,1,India,"[95.0847800000000,27.3744500000000;95.0907300000000,27.3794500000000]",20235,POINT (95.087755 27.37695)
906,2012-02-12,2019-03-29,100,100,90,41,60,41,0,1,0,0,Asia,0.780847,0,India,"[95.1132400000000,27.3972500000000;95.1199900000000,27.4046200000000]",20236,POINT (95.11661500000001 27.400935)
431,2012-02-23,2017-03-03,16,16,83,76,6,1,0,0,0,0,Asia,0.382925,1,India,"[95.1219100000000,27.4228800000000;95.1266300000000,27.4280500000000]",20237,POINT (95.12427 27.425465)
1050,2012-01-21,2021-02-05,123,123,100,135,26,30,0,0,6,1,Asia,0.604973,1,India,"[93.8900800000000,26.0554300000000;93.8962900000000,26.0616500000000]",20238,POINT (93.89318499999999 26.05854)
229,2012-01-31,2021-11-07,2,2,1,2,2,2,0,58,72,35,Asia,0.309645,0,India,"[93.9269000000000,26.0615300000000;93.9313400000000,26.0659800000000]",20239,POINT (93.92912000000001 26.063755)
2665,2012-01-22,2021-11-05,103,103,170,288,327,240,0,37,27,27,Asia,1.02543,0,India,"[94.6856800000000,26.7894200000000;94.6941500000000,26.7971200000000]",20240,POINT (94.689915 26.79327)
750,2012-02-06,2021-09-04,36,36,73,63,55,65,0,10,18,28,Asia,0.964538,0,India,"[94.6912800000000,26.8061600000000;94.6992900000000,26.8138200000000]",20241,POINT (94.69528500000001 26.80999)
673,2012-04-28,2021-02-23,10,10,14,79,107,43,0,55,41,44,Asia,0.793561,0,India,"[94.6679800000000,26.7814000000000;94.6759300000000,26.7877500000000]",20242,POINT (94.671955 26.784575)
95,2012-12-01,2021-12-24,1,1,10,12,12,9,0,0,1,1,Asia,0.433009,0,India,"[94.5852300000000,26.9679400000000;94.5907100000000,26.9729900000000]",20243,POINT (94.58796999999998 26.970464999999997)
176,2015-11-03,1899-12-30,0,0,0,4,27,49,0,2,0,0,Asia,0.452165,0,India,"[94.7387200000000,26.9607600000000;94.7445400000000,26.9657100000000]",20244,POINT (94.74163 26.963235000000005)
195,2015-03-16,2021-12-28,0,0,0,1,25,40,0,9,5,11,Asia,0.822371,0,India,"[94.8872800000000,27.0275300000000;94.8948600000000,27.0344300000000]",20245,POINT (94.89107 27.03098)
111,2012-04-19,2021-11-05,6,6,12,22,0,1,0,1,0,1,Asia,0.334609,0,India,"[94.8835400000000,27.0335300000000;94.8874100000000,27.0390300000000]",20246,POINT (94.885475 27.036279999999998)
76,2012-05-04,2017-04-12,9,9,1,1,1,18,0,0,0,0,Asia,0.306256,1,India,"[94.8979400000000,27.0030000000000;94.9018100000000,27.0080300000000]",20247,POINT (94.89987500000001 27.005515000000006)
152,2016-05-10,2020-12-30,0,0,0,0,3,23,0,20,3,0,Asia,0.548609,0,India,"[94.8085900000000,26.9842000000000;94.8144100000000,26.9902000000000]",20248,POINT (94.8115 26.9872)
6330,2012-01-22,2021-01-07,585,585,793,642,167,156,0,75,40,30,Asia,1.88487,0,India,"[95.3970600000000,27.5998800000000;95.4082800000000,27.6105600000000]",20249,POINT (95.40267 27.60522)
884,2013-02-13,2021-10-26,0,0,8,75,147,148,0,14,8,21,Asia,0.91471,0,India,"[95.3958800000000,27.5314800000000;95.4039700000000,27.5386600000000]",20250,POINT (95.399925 27.535069999999997)
3690,2012-01-22,2021-11-27,229,229,350,285,289,98,0,142,184,301,Asia,1.1882,0,India,"[95.4184300000000,27.4648500000000;95.4271900000000,27.4734500000000]",20251,POINT (95.42281 27.46915)
68,2014-10-17,2021-12-19,0,0,3,8,4,11,0,0,0,14,Asia,0.202306,0,India,"[95.3765100000000,27.4361500000000;95.3802400000000,27.4395900000000]",20252,POINT (95.378375 27.43787)
1515,2012-01-21,2021-10-26,73,73,50,141,120,226,0,76,28,26,Asia,0.871436,0,India,"[95.4726300000000,27.4574200000000;95.4803700000000,27.4645500000000]",20253,POINT (95.47649999999999 27.460985)
689,2012-01-27,2021-02-23,46,46,17,40,25,55,0,143,31,28,Asia,0.529384,0,India,"[95.4315600000000,27.3905200000000;95.4374500000000,27.3962100000000]",20254,POINT (95.434505 27.393365)
563,2012-04-01,2021-04-28,13,13,39,118,52,19,0,5,30,18,Asia,0.746353,0,India,"[95.4779100000000,27.3369800000000;95.4846000000000,27.3440300000000]",20255,POINT (95.481255 27.340504999999997)
1115,2012-03-31,2020-04-12,60,60,126,131,67,62,0,2,1,0,Asia,0.68684,0,India,"[95.2327700000000,27.4780600000000;95.2397200000000,27.4843500000000]",20256,POINT (95.23624500000001 27.481205)
498,2012-01-22,2020-12-25,62,62,58,36,26,12,0,4,1,0,Asia,0.469489,1,India,"[95.6176100000000,27.7263000000000;95.6227100000000,27.7321400000000]",20257,POINT (95.62016 27.729219999999998)
62,2015-01-11,2019-02-13,0,0,0,10,3,10,0,6,0,0,Asia,0.591302,0,India,"[95.7710600000000,27.2904200000000;95.7782400000000,27.2955900000000]",20258,POINT (95.77465000000001 27.293004999999997)
101,2013-12-09,2015-01-18,0,0,45,3,0,0,0,0,0,0,Asia,0.480018,0,India,"[95.7162200000000,27.2611500000000;95.7210600000000,27.2673800000000]",20259,POINT (95.71864 27.264265)
1063,2012-03-14,2021-08-17,21,21,54,14,70,244,0,11,20,30,Asia,1.57401,0,India,"[86.0618500000000,25.4320400000000;86.0750600000000,25.4406700000000]",20260,POINT (86.068455 25.436355)
521,2012-01-20,2021-11-27,40,40,24,37,30,36,0,10,25,29,Asia,0.633544,0,India,"[84.1455200000000,24.9251300000000;84.1524700000000,24.9318800000000]",20261,POINT (84.148995 24.928505)
1723,2012-01-20,2021-11-26,88,88,106,118,146,129,0,72,50,42,Asia,0.612001,0,India,"[84.1517800000000,24.9207600000000;84.1591000000000,24.9269500000000]",20262,POINT (84.15544 24.923855000000003)
343,2012-01-20,2021-02-18,18,18,30,18,24,22,0,17,22,17,Asia,0.358539,0,India,"[84.1637100000000,24.9208700000000;84.1694300000000,24.9255100000000]",20263,POINT (84.16657 24.923189999999998)
3274,2012-01-27,2021-12-11,172,172,196,209,194,172,181,168,98,85,Asia,0.71103,0,India,"[82.2112900000000,21.7274200000000;82.2186200000000,21.7345600000000]",20264,POINT (82.214955 21.73099)
4422,2012-01-20,2021-02-04,145,145,236,189,232,274,299,294,217,223,Asia,1.08225,0,India,"[82.0770200000000,21.6687500000000;82.0867000000000,21.6769900000000]",20265,POINT (82.08186 21.67287)
853,2012-02-03,2021-01-04,63,63,55,52,50,52,33,31,15,18,Asia,0.31285,0,India,"[81.9457300000000,21.5422200000000;81.9506600000000,21.5469000000000]",20266,POINT (81.948195 21.544560000000004)
631,2012-01-24,2021-10-20,8,8,42,54,36,35,28,32,42,70,Asia,0.380385,0,India,"[82.0199900000000,21.5743200000000;82.0252200000000,21.5796800000000]",20267,POINT (82.02260500000001 21.576999999999998)
3495,2012-04-14,2021-04-03,19,19,2,443,130,291,218,484,148,122,Asia,3.49038,0,India,"[83.2126800000000,23.3493200000000;83.2297400000000,23.3644100000000]",20268,POINT (83.22121000000001 23.356865)
60,2016-01-23,2021-12-22,0,0,0,0,2,12,7,1,0,3,Asia,0.381364,0,India,"[82.1216700000000,22.1847000000000;82.1262900000000,22.1908100000000]",20269,POINT (82.12397999999999 22.187755)
46,2016-11-08,2020-11-24,0,0,0,0,1,7,6,1,3,0,Asia,0.110808,0,India,"[82.2329600000000,21.7887000000000;82.2361100000000,21.7912900000000]",20270,POINT (82.234535 21.789995)
106,2016-10-28,2018-01-14,0,0,0,0,8,26,9,0,0,0,Asia,0.189203,0,India,"[82.1387000000000,22.0346200000000;82.1423600000000,22.0384400000000]",20271,POINT (82.14053 22.036530000000003)
21427,2012-01-20,2021-10-08,1291,1291,1222,1257,1245,1089,1084,842,738,839,Asia,4.89071,0,India,"[81.3780300000000,21.1767400000000;81.3952400000000,21.1977900000000]",20272,POINT (81.386635 21.187265)
7719,2012-01-20,2021-02-09,340,340,438,578,591,583,327,202,171,252,Asia,1.96695,0,India,"[81.4095300000000,21.1901100000000;81.4217800000000,21.2020000000000]",20273,POINT (81.415655 21.196055)
187,2012-01-21,2021-10-29,29,29,11,9,1,1,0,0,1,20,Asia,0.74923,0,India,"[81.3993600000000,21.1938700000000;81.4063400000000,21.2018200000000]",20274,POINT (81.40285 21.197845)
930,2012-01-25,2021-03-11,76,76,92,102,44,16,16,17,13,6,Asia,0.546221,0,India,"[81.3810300000000,21.2352200000000;81.3880700000000,21.2409700000000]",20275,POINT (81.38454999999999 21.238095)
176,2012-02-04,2021-01-13,6,6,7,6,13,14,5,11,24,7,Asia,0.234705,0,India,"[81.2068600000000,21.1866500000000;81.2115700000000,21.1903500000000]",20276,POINT (81.209215 21.188499999999998)
197,2013-02-28,2021-12-18,0,0,4,4,14,15,26,23,0,8,Asia,0.146558,0,India,"[81.1975200000000,21.1885900000000;81.2011600000000,21.1915800000000]",20277,POINT (81.19934 21.190085)
7092,2012-01-20,2021-10-24,268,268,335,344,329,411,450,415,444,473,Asia,1.22702,0,India,"[82.6640500000000,21.9992700000000;82.6741600000000,22.0081700000000]",20278,POINT (82.669105 22.00372)
219,2012-01-20,2020-03-24,13,13,24,12,9,20,7,3,5,0,Asia,0.168139,0,India,"[82.3497500000000,21.9661800000000;82.3533700000000,21.9696000000000]",20279,POINT (82.35156 21.967890000000004)
9095,2012-01-20,2021-04-02,216,216,256,312,483,636,777,840,497,334,Asia,12.7289,0,India,"[82.5876100000000,22.3234800000000;82.6269900000000,22.3472800000000]",20280,POINT (82.60730000000001 22.33538)
13373,2012-01-20,2021-03-26,389,389,225,287,422,730,1297,1147,1047,1085,Asia,6.77966,0,India,"[82.6553600000000,22.3231600000000;82.6837300000000,22.3407400000000]",20281,POINT (82.669545 22.33195)
2025,2012-05-05,2021-02-04,1,1,0,0,8,131,292,247,197,130,Asia,0.483504,0,India,"[82.6837400000000,22.3229600000000;82.6881300000000,22.3310600000000]",20282,POINT (82.685935 22.32701)
47,2016-06-19,2018-04-26,0,0,0,0,14,7,1,0,0,0,Asia,0.283471,0,India,"[82.6593700000000,22.3417500000000;82.6626600000000,22.3480900000000]",20283,POINT (82.66101499999999 22.34492)
485,2013-10-20,2021-05-07,0,0,134,56,36,1,0,0,0,3,Asia,0.713572,0,India,"[82.4946100000000,22.3374500000000;82.5017600000000,22.3448100000000]",20284,POINT (82.498185 22.34113)
115,2016-10-01,2018-04-20,0,0,0,0,14,40,1,0,0,0,Asia,0.229154,0,India,"[82.5006300000000,22.3303900000000;82.5051600000000,22.3341200000000]",20285,POINT (82.502895 22.332255)
8421,2012-01-20,2021-12-19,435,435,354,575,632,460,256,447,649,858,Asia,17.6602,0,India,"[82.5136900000000,22.3111000000000;82.5580800000000,22.3404200000000]",20286,POINT (82.53588500000001 22.325760000000002)
125,2016-02-10,2021-01-16,0,0,0,0,2,42,0,13,5,16,Asia,0.445265,0,India,"[82.5633200000000,22.3207500000000;82.5688700000000,22.3266600000000]",20287,POINT (82.566095 22.323705)
168,2014-04-26,2021-02-10,0,0,1,0,33,44,0,4,0,5,Asia,0.271816,0,India,"[82.5591900000000,22.3252400000000;82.5636500000000,22.3297300000000]",20288,POINT (82.56142 22.327485000000003)
232,2014-10-27,2021-03-16,0,0,16,4,1,5,10,29,68,41,Asia,0.433037,0,India,"[82.7357500000000,22.3126200000000;82.7402700000000,22.3196600000000]",20289,POINT (82.73801 22.31614)
320,2012-05-05,2021-04-21,1,1,3,31,31,26,19,17,28,11,Asia,0.241339,0,India,"[82.7315400000000,22.3150300000000;82.7355800000000,22.3194200000000]",20290,POINT (82.73356 22.317225)
144,2012-05-31,2021-01-04,1,1,3,0,59,0,0,0,0,1,Asia,0.529578,0,India,"[82.7139000000000,22.3191700000000;82.7221300000000,22.3239000000000]",20291,POINT (82.71801500000001 22.321535)
94,2012-02-04,2017-02-24,22,22,1,2,2,1,0,0,0,0,Asia,0.260597,0,India,"[82.3591700000000,23.1717100000000;82.3648300000000,23.1751400000000]",20292,POINT (82.36200000000001 23.173425)
6183,2012-01-24,2021-10-28,52,52,109,55,192,979,518,448,126,698,Asia,3.52766,0,India,"[82.3308600000000,23.1646100000000;82.3478200000000,23.1801100000000]",20293,POINT (82.33933999999999 23.172359999999998)
751,2012-01-29,2019-01-01,29,29,196,54,26,3,11,1,0,0,Asia,1.21631,0,India,"[83.1033600000000,22.0954600000000;83.1132400000000,22.1044400000000]",20294,POINT (83.1083 22.09995)
1973,2012-01-23,2021-02-26,97,97,125,84,85,91,102,119,127,155,Asia,0.615634,0,India,"[83.3577500000000,22.0300400000000;83.3656500000000,22.0357000000000]",20295,POINT (83.3617 22.03287)
188,2012-01-29,2021-03-11,15,15,4,4,2,3,15,18,19,11,Asia,0.341396,0,India,"[83.3644000000000,22.0233200000000;83.3692900000000,22.0283900000000]",20296,POINT (83.36684500000001 22.025855)
574,2012-11-09,2021-11-26,4,4,11,6,14,26,48,62,66,109,Asia,0.566317,0,India,"[83.3500500000000,22.0341300000000;83.3563500000000,22.0406600000000]",20297,POINT (83.3532 22.037395)
1988,2012-01-20,2021-12-12,120,120,88,84,90,80,129,94,120,125,Asia,0.696071,0,India,"[83.3757300000000,22.0180100000000;83.3829600000000,22.0250000000000]",20298,POINT (83.379345 22.021504999999998)
112,2012-02-04,2021-02-22,4,4,28,5,1,3,1,9,5,4,Asia,0.329448,0,India,"[83.2997400000000,22.0191700000000;83.3072700000000,22.0223500000000]",20299,POINT (83.303505 22.020759999999996)
180,2012-02-09,2015-01-18,31,31,0,39,0,0,0,0,0,0,Asia,1.19128,0,India,"[83.3387700000000,22.2615200000000;83.3475500000000,22.2714000000000]",20300,POINT (83.34316 22.266460000000002)
1450,2012-01-20,2018-01-09,95,95,14,391,122,27,7,0,0,0,Asia,0.89745,0,India,"[83.5211200000000,22.1025100000000;83.5300100000000,22.1098300000000]",20301,POINT (83.525565 22.10617)
110,2013-10-31,2017-03-27,0,0,25,3,0,9,0,0,0,0,Asia,0.546203,0,India,"[83.5335300000000,22.1160800000000;83.5393800000000,22.1228500000000]",20302,POINT (83.53645499999999 22.119464999999998)
1534,2014-03-31,2018-01-09,0,0,25,219,337,177,4,0,0,0,Asia,1.74939,0,India,"[83.5456200000000,22.1071400000000;83.5631100000000,22.1143900000000]",20303,POINT (83.55436499999999 22.110765)
61,2014-12-18,2021-03-23,0,0,1,0,2,8,7,0,0,9,Asia,0.167265,0,India,"[83.1992100000000,21.9694900000000;83.2022600000000,21.9734800000000]",20304,POINT (83.200735 21.971484999999998)
17168,2012-01-20,2021-12-17,794,794,984,914,830,811,970,1036,909,965,Asia,2.22364,0,India,"[83.3450700000000,21.9143100000000;83.3575200000000,21.9272700000000]",20305,POINT (83.351295 21.92079)
7091,2012-01-20,2021-01-09,274,274,359,320,327,363,461,489,415,464,Asia,1.20111,0,India,"[83.3346100000000,21.9218300000000;83.3448900000000,21.9303100000000]",20306,POINT (83.33975000000001 21.92607)
189,2013-10-15,2021-12-13,0,0,1,7,33,12,20,6,1,1,Asia,0.333537,0,India,"[83.3101700000000,21.9578000000000;83.3152700000000,21.9625500000000]",20307,POINT (83.31272 21.960175)
136,2012-02-25,2018-06-18,3,3,23,15,1,19,1,0,0,0,Asia,0.408347,0,India,"[83.3070100000000,21.9604800000000;83.3119700000000,21.9664600000000]",20308,POINT (83.30949000000001 21.96347)
3662,2012-01-20,2021-10-02,156,156,184,124,191,170,230,250,228,262,Asia,0.580175,0,India,"[83.2297800000000,21.9813100000000;83.2360500000000,21.9880400000000]",20309,POINT (83.232915 21.984675000000003)
405,2013-10-21,2021-12-14,0,0,77,40,11,0,0,17,24,73,Asia,0.644429,0,India,"[83.2360200000000,21.9756900000000;83.2436400000000,21.9818400000000]",20310,POINT (83.23983 21.978765)
3942,2012-01-20,2021-03-22,85,85,184,198,244,219,278,251,217,260,Asia,4.00146,0,India,"[83.5469700000000,21.8698600000000;83.5624200000000,21.8885900000000]",20311,POINT (83.55469500000001 21.879224999999998)
569,2014-04-14,2021-11-09,0,0,0,0,0,1,33,130,131,170,Asia,0.451006,0,India,"[83.4937700000000,21.8742000000000;83.4993500000000,21.8800500000000]",20312,POINT (83.49656 21.877125)
1116,2013-12-06,2021-05-16,0,0,29,42,73,51,84,97,150,137,Asia,0.402469,0,India,"[81.7660800000000,21.4840000000000;81.7716700000000,21.4893200000000]",20313,POINT (81.76887500000001 21.48666)
747,2012-01-24,2021-02-07,23,23,50,43,46,43,41,52,42,28,Asia,0.280442,0,India,"[81.7809200000000,21.4950500000000;81.7861000000000,21.4990500000000]",20314,POINT (81.78351 21.49705)
2268,2012-01-20,2021-11-30,118,118,91,133,124,112,130,93,93,178,Asia,0.560178,0,India,"[81.5879100000000,21.3065700000000;81.5945700000000,21.3127900000000]",20315,POINT (81.59124 21.30968)
334,2012-02-05,2021-10-19,18,18,10,4,29,26,17,17,29,14,Asia,0.214675,0,India,"[81.5770800000000,21.3223300000000;81.5810800000000,21.3263000000000]",20316,POINT (81.57908 21.324315)
34,2016-10-18,2018-01-20,0,0,0,0,6,2,4,0,0,0,Asia,0.156871,1,India,"[81.6072300000000,21.3319000000000;81.6109600000000,21.3350100000000]",20317,POINT (81.609095 21.333455)
163,2012-01-21,2021-04-23,1,1,18,8,13,12,9,6,5,3,Asia,0.369146,1,India,"[81.5561900000000,21.3141200000000;81.5618800000000,21.3189200000000]",20318,POINT (81.559035 21.316519999999997)
3573,2012-01-20,2021-01-08,116,116,181,152,231,209,219,199,180,226,Asia,0.860063,0,India,"[81.6427200000000,21.3859400000000;81.6512000000000,21.3934400000000]",20319,POINT (81.64696 21.38969)
301,2012-01-25,2021-01-09,6,6,6,4,5,14,29,29,38,39,Asia,0.314323,0,India,"[81.6548100000000,21.3793700000000;81.6591700000000,21.3847000000000]",20320,POINT (81.65699000000001 21.382035)
1425,2012-01-25,2021-12-15,39,39,34,81,141,90,80,71,92,85,Asia,1.38518,0,India,"[81.6438800000000,21.3594000000000;81.6555300000000,21.3681900000000]",20321,POINT (81.64970500000001 21.363795)
2863,2012-01-26,2021-03-03,71,71,102,60,136,242,224,150,207,236,Asia,1.08028,0,India,"[81.6362000000000,21.3734300000000;81.6487400000000,21.3798000000000]",20322,POINT (81.64247 21.376615)
125,2012-06-07,2021-12-31,2,2,8,9,6,9,4,9,6,17,Asia,0.250327,1,India,"[81.6411300000000,21.3673500000000;81.6449700000000,21.3721700000000]",20323,POINT (81.64305 21.36976)
2560,2012-01-20,2021-01-08,94,94,126,126,170,104,164,156,155,185,Asia,0.751742,0,India,"[81.6747300000000,21.3628300000000;81.6831600000000,21.3694200000000]",20324,POINT (81.678945 21.366125)
5693,2012-01-21,2021-02-25,20,20,225,366,370,397,380,403,367,473,Asia,1.78322,0,India,"[81.6761200000000,21.3695200000000;81.6876700000000,21.3809300000000]",20325,POINT (81.681895 21.375225)
1077,2012-01-30,2021-02-14,38,38,28,67,68,52,80,68,67,67,Asia,0.750734,1,India,"[81.6679500000000,21.3374900000000;81.6741000000000,21.3465100000000]",20326,POINT (81.671025 21.342)
3797,2012-01-20,2021-05-02,190,190,213,245,142,198,198,208,174,217,Asia,0.821751,1,India,"[81.6616300000000,21.3427200000000;81.6692400000000,21.3507000000000]",20327,POINT (81.665435 21.34671)
70,2014-12-19,2021-01-11,0,0,1,2,5,8,7,4,2,2,Asia,0.151147,0,India,"[81.6474200000000,21.3184400000000;81.6510000000000,21.3215600000000]",20328,POINT (81.64921 21.32)
472,2012-02-04,2021-12-24,12,12,34,38,37,27,19,23,24,18,Asia,0.412534,0,India,"[81.7675200000000,21.2421200000000;81.7730600000000,21.2476100000000]",20329,POINT (81.77029 21.244865)
209,2012-05-26,2016-05-08,6,6,4,5,85,0,0,0,0,0,Asia,0.889304,0,India,"[83.0466000000000,23.0541100000000;83.0555300000000,23.0614500000000]",20330,POINT (83.051065 23.05778)
52,2015-04-06,2019-06-10,0,0,0,14,8,1,0,2,0,0,Asia,0.533801,1,India,"[82.8159500000000,22.8378700000000;82.8232300000000,22.8432800000000]",20331,POINT (82.81959 22.840575)
428,2012-12-08,2021-02-22,2,2,17,31,34,20,40,33,18,13,Asia,0.313778,0,India,"[73.9951500000000,15.5208100000000;74.0004300000000,15.5254200000000]",20332,POINT (73.99779 15.523115)
1451,2012-01-20,2021-01-01,81,81,105,86,80,65,73,56,67,50,Asia,0.387995,1,India,"[73.9903600000000,15.5241300000000;73.9963800000000,15.5291300000000]",20333,POINT (73.99337 15.52663)
137,2014-03-11,2021-10-08,0,0,7,19,8,6,8,7,5,9,Asia,0.106284,0,India,"[71.3960200000000,20.8667200000000;71.3987400000000,20.8699300000000]",20334,POINT (71.39738 20.868325)
4801,2012-01-20,2021-12-18,328,328,352,181,225,199,273,196,144,185,Asia,0.579653,0,India,"[71.4566600000000,20.9066600000000;71.4635800000000,20.9135400000000]",20335,POINT (71.46011999999999 20.9101)
3808,2012-01-22,2021-12-24,459,459,479,288,129,12,28,10,25,18,Asia,1.17381,1,India,"[72.6765900000000,21.9039900000000;72.6882200000000,21.9122600000000]",20336,POINT (72.682405 21.908125)
610,2012-02-07,2021-03-03,34,34,17,8,69,121,6,4,19,12,Asia,2.02584,1,India,"[72.5541600000000,21.6809700000000;72.5681700000000,21.6928100000000]",20337,POINT (72.561165 21.68689)
150,2015-06-13,2020-09-01,0,0,0,62,9,1,1,0,4,0,Asia,0.373007,1,India,"[72.5375800000000,21.6700600000000;72.5442200000000,21.6746600000000]",20338,POINT (72.5409 21.672359999999998)
1686,2016-05-19,2021-10-16,0,0,0,0,213,409,71,38,78,40,Asia,2.70464,0,India,"[72.5960200000000,21.6876400000000;72.6147500000000,21.6994600000000]",20339,POINT (72.605385 21.69355)
1202,2012-01-22,2021-04-08,121,121,82,52,39,48,24,20,23,32,Asia,0.801517,0,India,"[72.6427200000000,21.7909000000000;72.6523300000000,21.7977300000000]",20340,POINT (72.647525 21.794315)
64,2012-02-05,2018-01-06,2,2,2,0,0,0,1,0,0,0,Asia,0.289166,0,India,"[72.6857800000000,21.9027100000000;72.6892900000000,21.9094600000000]",20341,POINT (72.687535 21.906084999999997)
3153,2012-01-20,2021-08-24,482,482,255,162,14,14,55,78,130,58,Asia,1.41737,0,India,"[72.7499200000000,21.9013500000000;72.7632300000000,21.9100700000000]",20342,POINT (72.756575 21.905710000000003)
68,2012-01-29,2012-01-29,21,21,0,0,0,0,0,0,0,0,Asia,0.182511,0,India,"[72.0492000000000,21.6376700000000;72.0533100000000,21.6413200000000]",20343,POINT (72.051255 21.639495)
7757,2012-01-21,2021-02-18,355,355,420,447,384,393,433,432,385,422,Asia,0.77588,0,India,"[69.0351800000000,22.4123800000000;69.0437500000000,22.4200300000000]",20344,POINT (69.039465 22.416204999999998)
95,2012-04-06,2021-01-31,6,6,8,1,0,3,1,0,9,7,Asia,0.214671,0,India,"[69.0174700000000,22.3992300000000;69.0215100000000,22.4037200000000]",20345,POINT (69.01949 22.401474999999998)
932,2012-01-20,1899-12-30,283,283,2,0,1,0,0,0,0,0,Asia,0.628124,0,India,"[69.6903900000000,22.2460800000000;69.6986500000000,22.2524700000000]",20346,POINT (69.69452 22.249274999999997)
439,2012-02-01,2021-12-21,24,24,41,22,14,18,18,28,26,23,Asia,0.23386,0,India,"[69.7478900000000,22.3281800000000;69.7529300000000,22.3320800000000]",20347,POINT (69.75041 22.33013)
2541,2012-01-20,2021-01-11,165,165,159,343,42,87,95,101,84,21,Asia,1.94077,0,India,"[69.7274900000000,22.3261400000000;69.7426800000000,22.3368800000000]",20348,POINT (69.735085 22.33151)
546,2012-04-28,2020-02-08,0,0,6,25,0,0,72,96,97,0,Asia,0.586329,0,India,"[69.6820400000000,22.3159100000000;69.6900300000000,22.3220800000000]",20349,POINT (69.686035 22.318994999999997)
1221,2012-01-21,2021-10-05,47,47,36,52,76,49,81,108,74,105,Asia,0.35971,0,India,"[70.6917500000000,20.8325000000000;70.6972300000000,20.8379200000000]",20350,POINT (70.69449 20.835210000000004)
205,2012-02-06,2021-01-27,3,3,5,12,10,12,11,24,25,23,Asia,0.214133,1,India,"[70.6862100000000,20.8332500000000;70.6904100000000,20.8374600000000]",20351,POINT (70.68831 20.835355)
545,2012-01-28,2021-11-09,4,4,48,48,65,43,17,9,13,19,Asia,0.213285,0,India,"[70.5633200000000,20.8659400000000;70.5679600000000,20.8697400000000]",20352,POINT (70.56564 20.86784)
669,2015-03-16,2021-10-20,0,0,0,3,1,159,70,51,7,8,Asia,1.59831,0,India,"[69.8711900000000,22.3391100000000;69.8868900000000,22.3476600000000]",20353,POINT (69.87904 22.343385)
425,2012-01-27,2021-10-01,20,20,31,29,27,21,29,32,25,22,Asia,0.299526,0,India,"[69.8666400000000,22.3343100000000;69.8714500000000,22.3395400000000]",20354,POINT (69.869045 22.336925000000004)
207,2013-05-22,2021-01-25,0,0,5,28,13,7,15,31,4,9,Asia,0.462894,0,India,"[69.8614700000000,22.3398700000000;69.8682200000000,22.3456300000000]",20355,POINT (69.864845 22.34275)
226,2012-02-18,2021-01-29,2,2,2,33,8,24,11,7,16,18,Asia,0.223287,0,India,"[69.8310200000000,22.4278500000000;69.8352100000000,22.4323300000000]",20356,POINT (69.83311499999999 22.43009)
246,2012-01-20,2021-10-29,35,35,7,2,0,0,0,0,3,99,Asia,0.178285,0,India,"[70.2264500000000,22.5728400000000;70.2308000000000,22.5762800000000]",20357,POINT (70.228625 22.574559999999998)
566,2012-02-05,2021-12-05,14,14,24,30,19,28,29,63,61,54,Asia,0.516027,0,India,"[69.8533100000000,22.3366500000000;69.8610500000000,22.3422500000000]",20358,POINT (69.85718 22.33945)
165,2012-01-20,2021-06-23,5,5,10,10,3,2,1,9,2,3,Asia,0.257987,0,India,"[69.8664000000000,22.3315600000000;69.8702900000000,22.3371300000000]",20359,POINT (69.868345 22.334345)
369,2017-12-18,2021-01-25,0,0,0,0,0,2,45,172,9,1,Asia,0.542486,0,India,"[69.8594600000000,22.3114500000000;69.8661300000000,22.3182800000000]",20360,POINT (69.862795 22.314865)
193,2017-12-20,2020-11-01,0,0,0,0,0,1,27,76,5,0,Asia,0.181393,0,India,"[69.8564500000000,22.3131400000000;69.8591800000000,22.3187200000000]",20361,POINT (69.85781499999999 22.31593)
210,2013-02-05,2021-01-01,0,0,0,2,45,29,0,31,32,1,Asia,0.290708,0,India,"[70.4441200000000,22.9562400000000;70.4499800000000,22.9604100000000]",20362,POINT (70.44704999999999 22.958325000000002)
1168,2012-04-11,2021-01-01,18,18,0,2,34,44,189,70,125,2,Asia,0.918881,0,India,"[70.4501700000000,22.9512100000000;70.4598000000000,22.9592300000000]",20363,POINT (70.454985 22.95522)
940,2012-01-24,2021-11-16,45,45,125,96,51,24,39,2,3,15,Asia,0.443591,0,India,"[70.1965000000000,23.3102300000000;70.2030600000000,23.3159400000000]",20364,POINT (70.19977999999999 23.313085)
693,2012-03-21,2021-11-24,11,11,46,107,65,20,20,23,9,15,Asia,0.365305,0,India,"[70.2162600000000,23.1666300000000;70.2215900000000,23.1724100000000]",20365,POINT (70.21892500000001 23.16952)
2232,2012-01-25,2021-12-14,65,65,120,149,152,146,104,162,122,111,Asia,0.513292,0,India,"[70.0996000000000,23.0106100000000;70.1066700000000,23.0167300000000]",20366,POINT (70.103135 23.013669999999998)
461,2016-04-16,2021-01-08,0,0,0,0,88,33,2,1,160,9,Asia,0.94424,1,India,"[70.1010300000000,22.9235700000000;70.1107300000000,22.9317700000000]",20367,POINT (70.10588 22.92767)
459,2012-01-22,2021-01-20,19,19,33,45,37,26,11,6,19,18,Asia,0.410082,0,India,"[70.0847500000000,23.1108800000000;70.0918400000000,23.1157600000000]",20368,POINT (70.088295 23.11332)
1150,2013-01-07,2021-12-29,0,0,40,80,57,69,90,108,120,66,Asia,0.434841,0,India,"[70.1845200000000,23.1021300000000;70.1910900000000,23.1077100000000]",20369,POINT (70.187805 23.10492)
443,2012-01-21,2021-08-11,125,125,9,0,0,3,0,0,2,3,Asia,0.422362,0,India,"[70.2571300000000,23.2608900000000;70.2631700000000,23.2667900000000]",20370,POINT (70.26015000000001 23.26384)
3248,2012-01-20,2021-12-19,297,297,178,141,190,218,109,40,63,221,Asia,1.25467,0,India,"[70.2470800000000,23.2548700000000;70.2558800000000,23.2669000000000]",20371,POINT (70.25148 23.260885000000002)
376,2012-05-29,2021-12-14,1,1,14,19,9,6,38,57,23,35,Asia,0.600443,0,India,"[70.2796500000000,23.2635600000000;70.2869700000000,23.2704800000000]",20372,POINT (70.28331 23.26702)
144,2017-09-27,2021-10-29,0,0,0,0,0,11,19,23,18,2,Asia,0.280426,0,India,"[70.2735400000000,23.2583600000000;70.2785100000000,23.2631200000000]",20373,POINT (70.276025 23.260740000000002)
319,2013-01-03,2021-10-24,0,0,4,12,10,39,22,16,44,36,Asia,0.166213,0,India,"[70.4853800000000,23.3142400000000;70.4896900000000,23.3174900000000]",20374,POINT (70.487535 23.315865000000002)
833,2012-01-25,2021-12-15,0,0,25,59,67,89,52,43,51,49,Asia,0.312111,0,India,"[70.4747500000000,23.3021700000000;70.4800000000000,23.3071800000000]",20375,POINT (70.477375 23.304675)
2950,2012-01-20,2021-11-09,136,136,116,105,121,117,209,226,245,181,Asia,0.503109,0,India,"[68.7090000000000,23.4271700000000;68.7164800000000,23.4329100000000]",20376,POINT (68.71274 23.430039999999995)
367,2012-01-21,2021-01-01,30,30,21,22,10,20,11,16,14,35,Asia,0.196014,1,India,"[68.5763900000000,23.4965200000000;68.5810300000000,23.5001300000000]",20377,POINT (68.57871 23.498325)
14334,2012-01-20,2021-09-03,988,988,720,617,823,763,925,651,195,299,Asia,2.22314,0,India,"[69.6928200000000,22.9274400000000;69.7074800000000,22.9402500000000]",20378,POINT (69.70015000000001 22.933845)
2034,2012-01-20,2021-01-28,45,45,170,190,100,75,87,107,125,82,Asia,0.798907,0,India,"[69.6952500000000,22.9047000000000;69.7047800000000,22.9117800000000]",20379,POINT (69.70001500000001 22.90824)
109,2012-02-23,2021-04-15,6,6,7,10,3,6,4,5,6,8,Asia,0.17688,0,India,"[69.8396300000000,22.9622500000000;69.8434100000000,22.9662000000000]",20380,POINT (69.84152 22.964225)
349,2012-10-08,2021-01-15,2,2,7,2,12,16,17,38,75,79,Asia,0.190523,0,India,"[69.8220600000000,22.9241600000000;69.8260900000000,22.9281500000000]",20381,POINT (69.824075 22.926155)
141,2015-05-22,2020-12-30,0,0,0,2,21,20,0,19,18,0,Asia,0.260979,0,India,"[70.4459100000000,22.9590100000000;70.4531500000000,22.9620400000000]",20382,POINT (70.44953 22.960525)
32,2012-01-27,2014-03-05,4,4,7,0,0,0,0,0,0,0,Asia,0.269725,0,India,"[68.5766800000000,23.4244300000000;68.5823400000000,23.4285000000000]",20383,POINT (68.57951 23.426465)
67,2014-10-01,2020-11-23,0,0,1,4,14,6,3,2,3,0,Asia,0.146199,0,India,"[72.4199300000000,23.4024700000000;72.4241200000000,23.4053700000000]",20384,POINT (72.42202499999999 23.403920000000003)
60,2013-03-24,1899-12-30,0,0,0,19,0,9,0,1,0,0,Asia,0.224901,0,India,"[72.2700600000000,23.5247600000000;72.2738600000000,23.5296900000000]",20385,POINT (72.27196 23.527225)
90,2013-11-03,2020-11-18,0,0,2,7,4,7,10,4,1,0,Asia,0.303832,0,India,"[72.3525200000000,23.4121600000000;72.3584100000000,23.4164500000000]",20386,POINT (72.35546500000001 23.414304999999995)
33,2015-02-26,2017-05-01,0,0,0,3,3,9,0,0,0,0,Asia,0.188809,0,India,"[72.6192400000000,23.5618800000000;72.6228300000000,23.5662500000000]",20387,POINT (72.621035 23.564065)
4610,2012-01-20,2021-05-04,484,484,257,88,80,141,184,251,262,358,Asia,1.26736,1,India,"[72.7310500000000,21.1501800000000;72.7445400000000,21.1578300000000]",20388,POINT (72.73779499999999 21.154005)
32259,2012-01-20,2021-02-07,1276,1276,1000,1028,1568,2203,2366,2249,1933,2179,Asia,6.42481,0,India,"[72.6260600000000,21.0978600000000;72.6574200000000,21.1145500000000]",20389,POINT (72.64174 21.106205000000003)
2318,2012-01-20,2021-09-30,182,182,69,132,137,113,86,131,165,75,Asia,1.33273,0,India,"[73.1088700000000,22.3609100000000;73.1226400000000,22.3688400000000]",20390,POINT (73.11575500000001 22.364874999999998)
121,2012-09-30,2019-03-29,4,4,11,6,23,6,0,3,0,0,Asia,0.507846,0,India,"[73.1160900000000,22.3845200000000;73.1223200000000,22.3912000000000]",20391,POINT (73.119205 22.38786)
28,2013-10-19,2016-01-19,0,0,2,3,6,0,0,0,0,0,Asia,0.223761,0,India,"[73.1132800000000,22.3858900000000;73.1160500000000,22.3925100000000]",20392,POINT (73.114665 22.389200000000002)
674,2013-03-07,2021-03-30,0,0,11,16,57,31,79,48,63,10,Asia,0.898413,0,India,"[72.9442100000000,20.3527000000000;72.9544200000000,20.3598100000000]",20393,POINT (72.949315 20.356254999999997)
2066,2012-01-22,2021-02-15,161,161,121,140,134,98,0,87,99,120,Asia,0.629632,0,India,"[75.7728700000000,29.1212600000000;75.7817000000000,29.1273500000000]",20394,POINT (75.777285 29.124305)
21,2018-02-24,2021-08-11,0,0,0,0,0,0,0,2,0,5,Asia,0.090975,0,India,"[76.8945200000000,28.7526200000000;76.8975000000000,28.7551900000000]",20395,POINT (76.89600999999999 28.753905)
642,2012-02-06,2021-03-02,34,34,93,40,28,25,0,33,19,15,Asia,0.573172,0,India,"[76.8898000000000,29.4558300000000;76.8962600000000,29.4633600000000]",20396,POINT (76.89303 29.459595)
602,2012-01-30,2021-03-02,35,35,104,32,18,14,0,44,20,12,Asia,0.623967,1,India,"[76.8823100000000,29.4566000000000;76.8897900000000,29.4636800000000]",20397,POINT (76.88605000000001 29.46014)
824,2012-02-09,2021-02-17,31,31,63,33,22,12,0,79,78,15,Asia,0.999217,0,India,"[76.8544200000000,29.4707800000000;76.8643200000000,29.4793500000000]",20398,POINT (76.85937000000001 29.475065)
1376,2012-01-20,2021-05-11,178,178,51,91,63,69,0,52,48,16,Asia,3.25298,0,India,"[76.8573700000000,29.4507500000000;76.8772500000000,29.4646400000000]",20399,POINT (76.86731 29.457694999999998)
34,2012-04-09,2014-01-09,4,4,1,0,0,0,0,0,0,0,Asia,0.277231,0,India,"[77.0975500000000,28.9611200000000;77.1011700000000,28.9675700000000]",20400,POINT (77.09935999999999 28.964345000000005)
43,2012-03-11,2012-07-02,9,9,0,0,0,0,0,0,0,0,Asia,0.13744,1,India,"[77.1017500000000,28.9616300000000;77.1042500000000,28.9662600000000]",20401,POINT (77.103 28.963945)
233,2012-01-23,2021-11-19,26,26,20,14,1,4,0,10,15,24,Asia,0.148172,0,India,"[76.8333100000000,31.4118000000000;76.8373100000000,31.4150200000000]",20402,POINT (76.83530999999998 31.41341)
1543,2012-01-28,2021-07-15,82,82,91,93,90,107,0,92,105,119,Asia,0.37726,0,India,"[76.9259200000000,31.2470200000000;76.9319200000000,31.2524700000000]",20403,POINT (76.92892 31.249744999999994)
1034,2012-01-27,2021-02-19,53,53,79,44,52,76,0,47,89,96,Asia,0.50066,0,India,"[76.9221000000000,31.2555000000000;76.9293700000000,31.2614700000000]",20404,POINT (76.925735 31.258485)
750,2012-03-11,2021-01-10,36,36,70,60,35,33,0,40,34,49,Asia,0.384155,0,India,"[76.8926000000000,31.3253000000000;76.8994600000000,31.3301600000000]",20405,POINT (76.89603000000001 31.32773)
116,2012-01-23,2017-02-26,5,5,26,13,2,1,0,0,0,0,Asia,0.234747,0,India,"[74.9183000000000,32.6353600000000;74.9235900000000,32.6393400000000]",20406,POINT (74.920945 32.63735)
206,2015-03-11,2017-01-05,0,0,0,0,86,16,0,0,0,0,Asia,0.461892,1,India,"[86.0214300000000,23.7720200000000;86.0272100000000,23.7777000000000]",20407,POINT (86.02431999999999 23.77486)
35,2012-01-20,2012-04-25,11,11,0,0,0,0,0,0,0,0,Asia,0.119645,0,India,"[85.9907500000000,23.7731900000000;85.9943400000000,23.7755600000000]",20408,POINT (85.992545 23.774375)
8433,2012-02-23,2021-11-25,2,2,121,230,236,372,944,1167,998,566,Asia,3.85115,0,India,"[85.8489400000000,23.7480000000000;85.8673300000000,23.7629200000000]",20409,POINT (85.858135 23.75546)
444,2018-06-27,2021-02-27,0,0,0,0,0,0,0,37,120,153,Asia,0.609423,0,India,"[85.8575200000000,23.8038900000000;85.8650100000000,23.8096900000000]",20410,POINT (85.861265 23.80679)
218,2017-10-16,1899-12-30,0,0,0,0,0,95,0,0,0,0,Asia,0.365691,0,India,"[85.6097000000000,23.7920000000000;85.6166400000000,23.7957700000000]",20411,POINT (85.61317 23.793885000000003)
129,2015-03-23,2017-06-29,0,0,0,1,0,54,0,0,0,0,Asia,0.170661,0,India,"[85.6125900000000,23.7885200000000;85.6161600000000,23.7919400000000]",20412,POINT (85.614375 23.790230000000005)
89,2017-10-28,1899-12-30,0,0,0,0,0,33,0,0,0,0,Asia,0.199017,0,India,"[85.6076000000000,23.7889600000000;85.6125100000000,23.7918600000000]",20413,POINT (85.610055 23.79041)
40,2016-08-31,2018-06-29,0,0,0,0,13,2,2,0,0,0,Asia,0.221256,1,India,"[85.6350900000000,23.6269800000000;85.6391400000000,23.6308800000000]",20414,POINT (85.637115 23.62893)
995,2012-01-20,2021-01-26,111,111,58,50,45,7,33,29,31,38,Asia,1.08418,1,India,"[85.6213100000000,23.6288000000000;85.6319000000000,23.6361100000000]",20415,POINT (85.626605 23.632455)
391,2015-10-16,2021-03-03,0,0,0,3,23,33,49,24,25,26,Asia,0.34001,0,India,"[85.6390900000000,23.6217600000000;85.6449100000000,23.6259300000000]",20416,POINT (85.642 23.623845000000003)
43,2014-05-15,2021-03-23,0,0,0,0,2,17,0,0,0,1,Asia,0.29408,0,India,"[85.6644600000000,23.6210200000000;85.6711000000000,23.6241800000000]",20417,POINT (85.66778 23.622600000000006)
7592,2012-01-20,2021-11-21,554,554,544,516,256,324,309,392,257,206,Asia,4.31634,1,India,"[86.0697700000000,23.6914600000000;86.0839700000000,23.7130300000000]",20418,POINT (86.07687 23.702244999999998)
245,2012-03-09,2021-09-26,9,9,5,17,7,20,19,6,10,14,Asia,0.348473,0,India,"[86.1129200000000,23.6697500000000;86.1174200000000,23.6752400000000]",20419,POINT (86.11517 23.672494999999998)
30277,2012-01-20,2021-11-28,2005,2005,1798,1426,1369,1560,1536,1354,1385,1284,Asia,11.619,0,India,"[86.0726700000000,23.6654300000000;86.1094100000000,23.6878600000000]",20420,POINT (86.09104 23.676645)
753,2012-02-23,2021-11-01,15,15,33,46,50,43,52,50,66,43,Asia,0.737371,0,India,"[86.2863000000000,23.6257700000000;86.2944800000000,23.6321400000000]",20421,POINT (86.29039 23.628955)
711,2012-02-10,2021-10-11,4,4,15,24,36,27,68,50,77,66,Asia,0.939415,0,India,"[86.2931300000000,23.6291100000000;86.3020400000000,23.6365600000000]",20422,POINT (86.297585 23.632835)
32,2016-11-14,2021-05-11,0,0,0,0,6,4,2,0,1,2,Asia,0.080155,0,India,"[86.3511400000000,23.6888400000000;86.3548900000000,23.6903500000000]",20423,POINT (86.353015 23.689594999999997)
10626,2012-09-24,2021-03-10,76,76,757,1066,865,684,626,431,393,207,Asia,1.95654,0,India,"[86.0305800000000,23.7615900000000;86.0433700000000,23.7724600000000]",20424,POINT (86.036975 23.767025)
631,2012-01-20,2020-03-04,77,77,55,0,0,0,0,1,28,0,Asia,1.33232,0,India,"[84.9825800000000,23.7043500000000;84.9918600000000,23.7147100000000]",20425,POINT (84.98722 23.70953)
67,2015-05-03,2020-07-26,0,0,0,12,17,1,0,0,5,0,Asia,0.285685,0,India,"[85.0014900000000,23.6928500000000;85.0061000000000,23.6973200000000]",20426,POINT (85.003795 23.695085)
20117,2012-01-20,2021-01-14,895,895,1022,1193,971,1338,1184,1021,874,1052,Asia,19.1138,1,India,"[84.9975900000000,23.7150100000000;85.0478200000000,23.7424600000000]",20427,POINT (85.022705 23.728735)
318,2012-02-04,2018-05-12,4,4,0,6,1,153,1,0,0,0,Asia,0.692734,0,India,"[85.0499600000000,23.7306300000000;85.0556300000000,23.7394400000000]",20428,POINT (85.05279500000002 23.735035000000003)
1339,2015-05-19,2021-03-02,0,0,0,135,47,291,0,47,1,2,Asia,1.90223,0,India,"[84.9833300000000,23.8861000000000;84.9998800000000,23.8944100000000]",20429,POINT (84.99160499999999 23.890255)
486,2017-04-28,2019-05-28,0,0,0,0,0,139,0,117,0,0,Asia,0.422521,0,India,"[85.0049100000000,23.8851800000000;85.0091400000000,23.8924000000000]",20430,POINT (85.007025 23.88879)
294,2017-01-18,2019-02-12,0,0,0,0,0,52,0,66,0,0,Asia,0.544607,0,India,"[85.0091900000000,23.8845900000000;85.0145600000000,23.8919200000000]",20431,POINT (85.011875 23.888255)
334,2015-12-15,2017-01-25,0,0,0,20,114,32,0,0,0,0,Asia,0.933548,0,India,"[84.9734600000000,23.8364200000000;84.9826900000000,23.8437300000000]",20432,POINT (84.978075 23.840075)
51,2015-12-30,2016-01-15,0,0,0,1,24,0,0,0,0,0,Asia,0.458542,0,India,"[84.9859300000000,23.8386100000000;84.9913800000000,23.8446900000000]",20433,POINT (84.988655 23.841649999999998)
567,2018-03-12,2021-01-03,0,0,0,0,0,0,0,399,5,1,Asia,1.32893,0,India,"[84.9454000000000,23.8288600000000;84.9567300000000,23.8373400000000]",20434,POINT (84.951065 23.8331)
121,2017-11-28,2021-04-25,0,0,0,0,0,1,0,23,0,1,Asia,0.549433,0,India,"[84.9545500000000,23.8457300000000;84.9606900000000,23.8522000000000]",20435,POINT (84.95762 23.848965)
59,2018-01-17,2021-01-23,0,0,0,0,0,0,0,12,6,5,Asia,0.297087,0,India,"[84.9500800000000,23.8431300000000;84.9546700000000,23.8478100000000]",20436,POINT (84.952375 23.84547)
88,2017-03-20,2017-05-28,0,0,0,0,0,43,0,0,0,0,Asia,0.328771,0,India,"[84.9492700000000,23.8509100000000;84.9543500000000,23.8555900000000]",20437,POINT (84.95181 23.85325)
8129,2012-01-20,2021-09-04,851,851,688,528,334,325,0,178,211,168,Asia,3.72656,0,India,"[86.2280800000000,23.7882200000000;86.2493400000000,23.8006400000000]",20438,POINT (86.23871 23.794430000000002)
3172,2012-01-20,2021-09-25,206,206,142,284,107,177,0,169,199,391,Asia,1.44024,0,India,"[86.2035600000000,23.7713600000000;86.2131000000000,23.7820600000000]",20439,POINT (86.20833 23.77671)
11154,2012-01-20,2021-03-13,928,928,931,706,762,570,0,352,147,54,Asia,2.82906,0,India,"[86.3093000000000,23.7795400000000;86.3240200000000,23.7931400000000]",20440,POINT (86.31666 23.786340000000003)
246,2012-01-20,2015-01-07,77,77,1,1,0,0,0,0,0,0,Asia,0.368764,0,India,"[86.3105500000000,23.7932200000000;86.3174000000000,23.7970300000000]",20441,POINT (86.313975 23.795125)
2887,2012-12-18,2021-02-19,1,1,0,0,157,513,0,505,64,84,Asia,2.19902,0,India,"[86.2951100000000,23.7805600000000;86.3091700000000,23.7916300000000]",20442,POINT (86.30214 23.786095000000003)
190,2016-08-14,2019-01-07,0,0,0,0,11,54,0,5,0,0,Asia,0.455561,0,India,"[86.2887600000000,23.7855100000000;86.2950100000000,23.7906700000000]",20443,POINT (86.291885 23.788089999999997)
8570,2012-01-20,2021-03-20,388,388,448,408,445,621,0,558,783,1089,Asia,3.46247,1,India,"[86.3157000000000,23.7974200000000;86.3361700000000,23.8093900000000]",20444,POINT (86.325935 23.803404999999998)
7392,2012-01-20,2021-10-27,624,624,677,494,796,779,0,542,368,174,Asia,1.50961,1,India,"[86.3282200000000,23.7818800000000;86.3424400000000,23.7893900000000]",20445,POINT (86.33533 23.785635)
109,2012-01-20,1899-12-30,6,6,21,16,0,0,0,0,0,0,Asia,0.273428,0,India,"[86.3345400000000,23.7918700000000;86.3395000000000,23.7957700000000]",20446,POINT (86.33702 23.79382)
7143,2012-01-20,2021-03-14,311,311,112,287,778,676,0,953,612,596,Asia,2.35404,1,India,"[86.3415100000000,23.7895400000000;86.3540300000000,23.8028400000000]",20447,POINT (86.34777 23.79619)
10972,2012-01-20,2021-01-09,1171,1171,897,815,503,273,324,152,118,122,Asia,4.6108,1,India,"[86.4204600000000,23.7284300000000;86.4393300000000,23.7456800000000]",20448,POINT (86.429895 23.737055)
17189,2012-01-20,2021-12-30,513,513,1008,906,999,873,1290,1531,585,594,Asia,2.9587,0,India,"[86.4134000000000,23.7446700000000;86.4257200000000,23.7616300000000]",20449,POINT (86.41955999999999 23.753149999999998)
12072,2012-01-20,2021-12-23,15,15,10,49,217,759,1754,1234,1212,1105,Asia,4.18704,1,India,"[86.4343500000000,23.7140000000000;86.4514200000000,23.7313100000000]",20450,POINT (86.44288499999999 23.722655)
484,2014-05-18,2020-02-01,0,0,1,0,0,10,108,77,11,0,Asia,0.312764,1,India,"[86.4279600000000,23.7028900000000;86.4324100000000,23.7078500000000]",20451,POINT (86.430185 23.705370000000002)
10641,2012-01-20,2021-12-12,566,566,383,249,489,820,0,479,464,712,Asia,2.84369,0,India,"[86.3335300000000,23.7762500000000;86.3523100000000,23.7869600000000]",20452,POINT (86.34292 23.781605)
664,2012-04-04,2021-04-28,0,0,0,4,13,2,0,14,11,12,Asia,0.57824,0,India,"[86.3462000000000,23.7879200000000;86.3546500000000,23.7927600000000]",20453,POINT (86.350425 23.79034)
3278,2013-02-28,2021-11-10,0,0,396,195,118,230,244,132,112,153,Asia,2.27475,0,India,"[86.7477600000000,23.7263900000000;86.7615200000000,23.7380000000000]",20454,POINT (86.75464 23.732194999999997)
1443,2012-01-20,2020-04-05,360,360,83,0,0,0,0,0,1,0,Asia,1.50395,1,India,"[86.7365800000000,23.7585400000000;86.7503400000000,23.7662200000000]",20455,POINT (86.74346 23.76238)
282,2012-02-05,2021-02-23,18,18,27,12,0,46,0,0,1,5,Asia,0.483878,0,India,"[86.5621900000000,23.8127400000000;86.5682500000000,23.8183700000000]",20456,POINT (86.56522000000001 23.815555000000003)
2079,2012-03-07,2021-10-24,73,73,159,12,208,247,0,164,96,70,Asia,1.80021,0,India,"[86.3612600000000,23.7706100000000;86.3706600000000,23.7841500000000]",20457,POINT (86.36596 23.77738)
58155,2012-01-20,2021-11-23,2982,2982,3818,3747,3509,4473,996,3801,2892,2873,Asia,16.6389,0,India,"[86.3802500000000,23.7491800000000;86.4080000000000,23.7915500000000]",20458,POINT (86.394125 23.770364999999998)
520,2012-01-22,2018-05-19,59,59,40,59,38,0,1,0,0,0,Asia,0.55713,1,India,"[86.4267300000000,23.6943900000000;86.4325200000000,23.7011800000000]",20459,POINT (86.429625 23.697785)
2218,2012-01-21,2021-12-17,14,14,231,399,30,48,88,172,138,103,Asia,0.918922,0,India,"[86.4383200000000,23.6566300000000;86.4474600000000,23.6637200000000]",20460,POINT (86.44289 23.660175)
4986,2012-01-20,2021-11-05,545,545,157,297,167,60,100,44,401,775,Asia,1.86019,0,India,"[86.3847000000000,23.6817700000000;86.3961900000000,23.6932000000000]",20461,POINT (86.390445 23.687485000000002)
75,2018-06-18,2018-12-29,0,0,0,0,0,0,0,0,0,0,Asia,0.336271,0,India,"[86.4300500000000,23.7368300000000;86.4358400000000,23.7409300000000]",20462,POINT (86.43294499999998 23.73888)
676,2018-06-18,2021-12-17,0,0,0,1,0,0,0,2,1,1,Asia,3.09669,0,India,"[86.4359700000000,23.7147300000000;86.4487800000000,23.7317900000000]",20463,POINT (86.442375 23.72326)
111,2018-06-29,2019-03-02,0,0,0,0,0,2,9,9,0,0,Asia,0.457863,0,India,"[86.4272100000000,23.7029500000000;86.4329800000000,23.7085500000000]",20464,POINT (86.43009500000001 23.705750000000002)
747,2018-06-18,2021-06-24,0,0,0,0,1,0,5,4,5,1,Asia,3.49987,0,India,"[86.4126100000000,23.7428900000000;86.4248400000000,23.7631000000000]",20465,POINT (86.41872500000001 23.752995)
1901,2018-08-16,2021-03-21,0,0,0,0,0,0,187,463,369,322,Asia,0.702411,0,India,"[86.3941900000000,23.6754200000000;86.4015900000000,23.6821200000000]",20466,POINT (86.39788999999999 23.678770000000004)
66,2018-06-22,2018-12-27,0,0,0,0,0,0,0,0,0,0,Asia,0.426128,0,India,"[86.3886800000000,23.6850400000000;86.3941400000000,23.6905500000000]",20467,POINT (86.39141 23.687795)
67,2018-08-10,2018-12-31,0,0,0,0,0,0,0,0,0,0,Asia,0.478894,0,India,"[86.4400700000000,23.6577200000000;86.4464300000000,23.6630300000000]",20468,POINT (86.44325 23.660375)
68,2018-06-24,2018-12-31,0,0,0,0,0,0,0,0,0,0,Asia,0.3042,0,India,"[86.3471100000000,23.7893700000000;86.3543300000000,23.7923500000000]",20469,POINT (86.35072 23.79086)
444,2018-06-18,2018-12-31,0,0,0,0,0,0,0,0,0,0,Asia,1.61841,0,India,"[86.3337700000000,23.7768000000000;86.3470500000000,23.7854200000000]",20470,POINT (86.34041000000002 23.78111)
69,2018-06-18,2018-12-31,0,0,0,0,0,0,0,0,0,0,Asia,0.262368,0,India,"[86.3621000000000,23.7734300000000;86.3668200000000,23.7773600000000]",20471,POINT (86.36446000000001 23.775395000000003)
72,2018-06-18,2018-12-31,0,0,0,0,0,0,0,0,0,0,Asia,0.308676,0,India,"[86.7537500000000,23.7284400000000;86.7590500000000,23.7325300000000]",20472,POINT (86.7564 23.730485)
23,2018-06-18,2018-12-28,0,0,0,0,0,0,0,0,0,0,Asia,0.115079,0,India,"[86.7490700000000,23.7322300000000;86.7521200000000,23.7348800000000]",20473,POINT (86.750595 23.733555000000003)
673,2012-01-31,2021-01-28,28,28,45,28,36,64,0,55,31,25,Asia,0.552697,0,India,"[86.3285700000000,24.1431200000000;86.3351800000000,24.1490600000000]",20474,POINT (86.331875 24.146089999999997)
490,2012-01-20,2021-05-08,39,39,38,23,29,15,0,14,61,42,Asia,0.487691,0,India,"[86.3487300000000,24.1165600000000;86.3563900000000,24.1210800000000]",20475,POINT (86.35256000000001 24.11882)
1598,2012-05-15,2021-04-18,20,20,0,0,0,507,0,101,0,19,Asia,1.61425,0,India,"[87.3647800000000,25.0240400000000;87.3777500000000,25.0328300000000]",20476,POINT (87.371265 25.028435)
369,2012-01-21,2012-01-25,122,122,0,0,0,0,0,0,0,0,Asia,0.517664,1,India,"[87.3714700000000,25.0387900000000;87.3783300000000,25.0441200000000]",20477,POINT (87.3749 25.041455)
188,2012-01-22,2021-04-15,58,58,0,0,0,0,0,0,0,1,Asia,0.833034,1,India,"[87.3656700000000,25.0333500000000;87.3744000000000,25.0400900000000]",20478,POINT (87.370035 25.03672)
359,2012-01-22,2021-03-17,112,112,0,0,0,0,0,0,0,6,Asia,0.623335,0,India,"[87.3415300000000,25.0417000000000;87.3485000000000,25.0480200000000]",20479,POINT (87.345015 25.04486)
1288,2012-01-21,2018-02-15,0,0,7,12,2,206,39,0,0,0,Asia,3.66547,0,India,"[85.0389300000000,23.7224100000000;85.0564000000000,23.7375400000000]",20480,POINT (85.047665 23.729975)
75,2012-02-05,2017-06-27,15,15,8,2,0,1,0,0,0,0,Asia,0.31402,0,India,"[85.3092600000000,23.8278000000000;85.3159600000000,23.8311700000000]",20481,POINT (85.31261 23.829485)
193,2012-02-09,2021-10-27,16,16,8,12,18,6,0,8,17,21,Asia,0.340024,0,India,"[85.3026100000000,23.8400300000000;85.3094600000000,23.8436000000000]",20482,POINT (85.30603500000001 23.841815)
118,2013-01-11,2021-05-05,0,0,4,5,6,5,0,23,25,13,Asia,0.155644,0,India,"[85.4624200000000,23.8224000000000;85.4655300000000,23.8259900000000]",20483,POINT (85.463975 23.824194999999996)
126,2016-03-23,1899-12-30,0,0,0,0,62,0,0,0,0,0,Asia,0.300531,0,India,"[85.3543800000000,23.6945300000000;85.3589100000000,23.6992900000000]",20484,POINT (85.356645 23.696910000000003)
576,2012-01-20,2021-02-14,37,37,25,10,38,29,52,1,6,1,Asia,0.688429,0,India,"[85.2839800000000,23.6937700000000;85.2929700000000,23.6992700000000]",20485,POINT (85.288475 23.69652)
750,2013-03-20,2021-03-25,0,0,18,7,13,4,55,25,188,203,Asia,0.696731,0,India,"[85.2731300000000,23.6958600000000;85.2791100000000,23.7042300000000]",20486,POINT (85.27611999999999 23.700044999999996)
820,2018-01-15,2021-01-28,0,0,0,0,0,0,143,166,72,9,Asia,0.483628,0,India,"[85.2934800000000,23.7063900000000;85.3001600000000,23.7115900000000]",20487,POINT (85.29682 23.70899)
119,2017-12-25,2021-02-26,0,0,0,0,0,1,12,41,5,21,Asia,0.174428,0,India,"[85.2806100000000,23.7122200000000;85.2841600000000,23.7157500000000]",20488,POINT (85.282385 23.713984999999994)
53,2013-10-31,1899-12-30,0,0,17,0,5,0,0,0,0,0,Asia,0.227445,0,India,"[86.6623200000000,23.9501700000000;86.6663800000000,23.9541200000000]",20489,POINT (86.66435 23.952145)
20,2016-04-09,2016-04-09,0,0,0,0,9,0,0,0,0,0,Asia,0.077726,0,India,"[85.5583000000000,24.3812600000000;85.5610600000000,24.3832900000000]",20490,POINT (85.55968 24.382275)
809,2012-01-20,2021-03-02,29,29,6,8,20,13,0,143,263,168,Asia,0.310131,0,India,"[84.8444900000000,23.8057100000000;84.8497600000000,23.8099700000000]",20491,POINT (84.847125 23.80784)
390,2012-02-18,2021-02-26,14,14,0,0,1,122,0,80,15,6,Asia,0.573575,0,India,"[84.8428300000000,23.8100600000000;84.8490000000000,23.8167900000000]",20492,POINT (84.845915 23.813425000000002)
196,2013-03-23,2021-02-24,0,0,0,4,13,14,22,16,14,13,Asia,0.300993,0,India,"[85.4346400000000,22.1661800000000;85.4382000000000,22.1721400000000]",20493,POINT (85.43642 22.169159999999998)
239,2013-02-27,2021-01-15,0,0,19,12,6,14,8,5,46,35,Asia,0.338584,0,India,"[85.7688600000000,22.3888800000000;85.7736100000000,22.3938900000000]",20494,POINT (85.771235 22.391385)
110,2012-01-20,2017-01-24,12,12,9,10,7,2,0,0,0,0,Asia,0.400226,0,India,"[86.5900800000000,22.4555500000000;86.5949200000000,22.4612900000000]",20495,POINT (86.5925 22.45842)
39539,2012-01-20,2021-09-01,1879,1879,2196,1998,1942,2167,2226,2118,1825,2217,Asia,9.52959,0,India,"[86.1903200000000,22.7783900000000;86.2165500000000,22.8038600000000]",20496,POINT (86.203435 22.791125)
144,2013-12-26,2021-01-23,0,0,0,0,9,10,11,20,24,16,Asia,0.143727,0,India,"[86.1772800000000,22.6289400000000;86.1805900000000,22.6319800000000]",20497,POINT (86.178935 22.63046)
671,2012-02-21,2021-10-31,22,22,2,6,5,3,72,49,103,109,Asia,0.498114,0,India,"[85.5044700000000,23.7426800000000;85.5102900000000,23.7488100000000]",20498,POINT (85.50738 23.745745)
807,2012-01-29,2020-04-11,19,19,103,52,105,90,5,2,1,0,Asia,1.189,1,India,"[85.5027200000000,23.7570800000000;85.5124100000000,23.7658700000000]",20499,POINT (85.507565 23.761474999999997)
122,2012-03-04,2019-03-22,1,1,20,10,8,11,0,1,0,0,Asia,0.440476,1,India,"[85.4969700000000,23.7793900000000;85.5023200000000,23.7852900000000]",20500,POINT (85.499645 23.782339999999998)
37,2016-10-03,2021-02-08,0,0,0,0,13,2,0,0,3,1,Asia,0.176178,0,India,"[85.5651800000000,23.7975300000000;85.5695000000000,23.8004500000000]",20501,POINT (85.56733999999999 23.798990000000003)
381,2012-02-10,2021-11-26,5,5,0,5,53,74,0,4,18,14,Asia,0.503643,0,India,"[85.5302600000000,23.8078700000000;85.5367500000000,23.8134300000000]",20502,POINT (85.533505 23.810650000000003)
185,2012-02-05,2018-03-13,4,4,50,27,0,0,2,0,0,0,Asia,0.321225,0,India,"[85.5533100000000,23.7501400000000;85.5581100000000,23.7549300000000]",20503,POINT (85.55571 23.752535)
14,2012-11-14,2014-01-03,1,1,3,0,0,0,0,0,0,0,Asia,0.135211,0,India,"[85.5708900000000,23.7281700000000;85.5751700000000,23.7304300000000]",20504,POINT (85.57303 23.7293)
3507,2013-01-11,2021-07-16,0,0,0,125,429,505,270,152,72,79,Asia,1.07556,0,India,"[85.4319800000000,23.6451500000000;85.4416700000000,23.6531000000000]",20505,POINT (85.436825 23.649124999999998)
551,2012-03-07,2021-03-26,2,2,1,17,48,32,55,38,47,38,Asia,0.47778,0,India,"[85.5051300000000,23.6528200000000;85.5102400000000,23.6595100000000]",20506,POINT (85.507685 23.656165)
143,2014-01-25,2021-02-13,0,0,1,2,15,7,7,17,30,14,Asia,0.169693,0,India,"[85.5510600000000,23.6610700000000;85.5542200000000,23.6649100000000]",20507,POINT (85.55264 23.66299)
35,2013-01-07,2016-04-17,0,0,0,0,1,0,0,0,0,0,Asia,0.244102,1,India,"[85.3487900000000,23.6878100000000;85.3543500000000,23.6909600000000]",20508,POINT (85.35157 23.689385)
183,2015-01-26,2021-03-31,0,0,0,3,5,14,26,13,4,17,Asia,0.274373,0,India,"[85.6974700000000,23.5270300000000;85.7017100000000,23.5316400000000]",20509,POINT (85.69959 23.529335)
231,2012-01-20,2021-03-30,22,22,18,1,1,8,20,7,0,1,Asia,0.801329,0,India,"[85.6805200000000,23.6181300000000;85.6883500000000,23.6254300000000]",20510,POINT (85.68443500000001 23.62178)
6884,2012-01-20,2021-01-01,533,533,305,241,418,448,321,248,211,310,Asia,4.355,0,India,"[84.9896400000000,23.6602700000000;85.0061700000000,23.6792700000000]",20511,POINT (84.997905 23.66977)
63,2012-01-20,2015-03-14,3,3,18,3,0,0,0,0,0,0,Asia,0.281447,0,India,"[85.0095200000000,23.6573500000000;85.0145300000000,23.6614000000000]",20512,POINT (85.012025 23.659375)
118,2012-01-23,1899-12-30,2,2,0,15,15,3,11,1,0,0,Asia,0.201376,0,India,"[85.0148500000000,23.6566000000000;85.0182900000000,23.6608200000000]",20513,POINT (85.01657 23.658710000000003)
2159,2012-02-10,2021-02-01,13,13,43,42,88,74,182,301,274,323,Asia,0.66641,0,India,"[85.9023200000000,22.5862400000000;85.9087100000000,22.5935700000000]",20514,POINT (85.90551500000001 22.589904999999998)
197,2014-04-04,2021-01-26,0,0,1,7,8,2,13,40,47,21,Asia,0.216322,0,India,"[85.9965100000000,22.9604500000000;86.0003400000000,22.9644300000000]",20515,POINT (85.998425 22.96244)
77,2014-12-18,2021-03-28,0,0,2,5,19,1,1,8,4,3,Asia,0.37659,1,India,"[85.9659900000000,22.9396200000000;85.9713200000000,22.9446000000000]",20516,POINT (85.96865500000001 22.94211)
2141,2012-01-27,2021-11-26,71,71,82,74,123,130,154,130,149,142,Asia,0.546986,0,India,"[86.0539300000000,22.8539600000000;86.0599400000000,22.8603600000000]",20517,POINT (86.056935 22.85716)
852,2013-06-17,2021-01-20,0,0,0,0,50,112,77,82,85,48,Asia,0.464879,0,India,"[86.0605100000000,22.8709800000000;86.0663900000000,22.8765400000000]",20518,POINT (86.06344999999999 22.873759999999997)
1693,2012-01-25,2021-11-28,39,39,138,133,91,98,82,58,84,92,Asia,1.62793,0,India,"[86.0804100000000,22.8059800000000;86.0935100000000,22.8147100000000]",20519,POINT (86.08695999999999 22.810345)
7316,2013-04-28,2021-12-01,0,0,335,460,522,434,620,385,393,471,Asia,1.33451,0,India,"[86.0855400000000,22.7950500000000;86.0954800000000,22.8044800000000]",20520,POINT (86.09051 22.799765)
79,2012-12-14,2021-12-18,1,1,5,11,1,2,1,13,4,1,Asia,0.268773,1,India,"[77.5669900000000,12.8412100000000;77.5717500000000,12.8453600000000]",20521,POINT (77.56936999999999 12.843285)
52,2016-11-24,2021-04-28,0,0,0,0,1,3,7,8,0,6,Asia,0.179737,1,India,"[77.4433800000000,12.8590400000000;77.4464500000000,12.8633500000000]",20522,POINT (77.444915 12.861195)
17,2012-03-16,1899-12-30,4,4,0,0,0,0,0,0,0,0,Asia,0.167643,0,India,"[77.6519400000000,13.3027600000000;77.6553200000000,13.3064100000000]",20523,POINT (77.65363 13.304585)
74,2016-10-07,2019-01-05,0,0,0,0,13,19,1,3,0,0,Asia,0.434275,1,India,"[77.9312000000000,13.1963300000000;77.9381800000000,13.2008900000000]",20524,POINT (77.93469 13.198609999999999)
3230,2012-01-22,2021-02-28,85,85,198,246,205,151,286,68,26,10,Asia,0.908104,0,India,"[76.7584100000000,15.2217300000000;76.7681200000000,15.2287600000000]",20525,POINT (76.76326499999999 15.225245)
482,2012-02-16,2021-12-29,5,5,0,2,9,15,76,59,42,9,Asia,0.585198,0,India,"[76.7870100000000,15.1777300000000;76.7928100000000,15.1853100000000]",20526,POINT (76.78990999999999 15.181519999999999)
220,2012-06-23,2021-02-24,3,3,9,5,11,15,14,7,33,27,Asia,0.201018,0,India,"[76.7852600000000,15.1710700000000;76.7887000000000,15.1754600000000]",20527,POINT (76.78698 15.173265)
255,2015-01-16,2021-02-08,0,0,0,16,5,18,31,20,17,14,Asia,0.223632,0,India,"[76.8100400000000,15.1163600000000;76.8132200000000,15.1216400000000]",20528,POINT (76.81163000000001 15.119)
397,2012-01-20,2021-04-20,4,4,0,0,20,35,30,29,66,57,Asia,0.715456,0,India,"[76.8644100000000,15.0664800000000;76.8704400000000,15.0753800000000]",20529,POINT (76.867425 15.07093)
2575,2012-01-22,2021-01-30,115,115,98,113,115,138,182,170,140,161,Asia,0.533417,0,India,"[77.1006500000000,15.1756700000000;77.1068400000000,15.1821200000000]",20530,POINT (77.103745 15.178895)
431,2013-01-09,2021-09-17,0,0,54,47,27,25,16,5,4,6,Asia,0.550675,0,India,"[76.3125100000000,15.1821100000000;76.3185300000000,15.1890200000000]",20531,POINT (76.31551999999999 15.185564999999999)
4750,2012-01-21,2021-06-11,229,229,169,254,292,198,274,348,292,309,Asia,1.43361,0,India,"[76.3739300000000,15.1645300000000;76.3829700000000,15.1765000000000]",20532,POINT (76.37845 15.170515)
1776,2012-01-23,2021-02-26,92,92,111,83,84,86,121,79,69,45,Asia,0.680055,0,India,"[76.6812200000000,15.1676200000000;76.6880400000000,15.1751200000000]",20533,POINT (76.68463 15.171369999999998)
35584,2012-01-20,2021-12-18,1631,1631,1870,2117,2336,2066,2061,1458,1209,1177,Asia,18.0984,0,India,"[76.6328700000000,15.1621200000000;76.6790000000000,15.1916400000000]",20534,POINT (76.655935 15.17688)
3208,2012-02-23,2021-02-13,21,21,58,124,152,291,353,277,67,104,Asia,0.953346,0,India,"[76.7062800000000,15.1329300000000;76.7163600000000,15.1400400000000]",20535,POINT (76.71132 15.136485)
1245,2012-01-27,2021-02-14,24,24,32,23,95,92,111,85,50,82,Asia,0.563961,0,India,"[76.7080200000000,15.1459300000000;76.7133200000000,15.1539300000000]",20536,POINT (76.71067 15.149930000000001)
672,2012-01-20,2021-01-29,63,63,42,46,24,19,23,15,24,13,Asia,1.05825,0,India,"[74.8448000000000,13.0003400000000;74.8560500000000,13.0074800000000]",20537,POINT (74.850425 13.00391)
648,2012-04-12,2021-12-30,3,3,46,98,54,43,29,27,2,7,Asia,0.846124,0,India,"[74.8477700000000,12.9810000000000;74.8582800000000,12.9871100000000]",20538,POINT (74.853025 12.984055)
23,2015-10-24,2021-12-07,0,0,0,3,5,1,0,1,1,1,Asia,0.070689,0,India,"[74.8416100000000,12.9728300000000;74.8442400000000,12.9748700000000]",20539,POINT (74.84292500000001 12.973849999999999)
64,2016-04-23,2020-04-17,0,0,0,0,4,9,7,8,1,0,Asia,0.171318,0,India,"[74.8077800000000,12.9320900000000;74.8120300000000,12.9351500000000]",20540,POINT (74.80990499999999 12.93362)
1070,2012-01-23,2021-04-16,68,68,62,125,37,59,62,10,0,9,Asia,0.304974,0,India,"[74.9247400000000,15.4977800000000;74.9287800000000,15.5035800000000]",20541,POINT (74.92676 15.500679999999997)
1136,2012-01-22,2021-12-07,80,80,39,107,36,78,83,4,0,10,Asia,0.303376,0,India,"[74.9205400000000,15.4982000000000;74.9247100000000,15.5037900000000]",20542,POINT (74.92262500000001 15.500994999999998)
1917,2012-01-20,2021-02-07,112,112,91,111,85,100,103,88,103,103,Asia,1.01343,0,India,"[76.9757600000000,17.0558700000000;76.9835700000000,17.0657100000000]",20543,POINT (76.979665 17.060789999999997)
705,2012-01-20,2021-11-27,112,112,73,8,2,1,11,9,7,23,Asia,0.362416,0,India,"[77.1734700000000,17.1372900000000;77.1784400000000,17.1428100000000]",20544,POINT (77.17595499999999 17.140050000000002)
411,2013-12-27,2021-11-05,0,0,33,23,9,25,35,21,29,39,Asia,0.304515,1,India,"[77.1823200000000,17.1390400000000;77.1881700000000,17.1429800000000]",20545,POINT (77.18524500000001 17.14101)
1739,2012-01-21,2021-02-24,50,50,101,91,45,97,142,107,80,85,Asia,0.62346,0,India,"[76.2816400000000,15.3309500000000;76.2904700000000,15.3362900000000]",20546,POINT (76.286055 15.33362)
249,2012-02-14,2021-02-17,5,5,17,11,22,15,17,8,5,12,Asia,0.34789,0,India,"[76.2481800000000,15.3364700000000;76.2543300000000,15.3407500000000]",20547,POINT (76.25125499999999 15.33861)
185,2012-03-06,2021-08-06,8,8,3,6,17,9,10,11,26,11,Asia,0.38773,0,India,"[76.2477300000000,15.3146500000000;76.2551000000000,15.3186300000000]",20548,POINT (76.25141500000001 15.31664)
234,2014-01-08,2021-12-22,0,0,13,20,16,18,22,8,0,2,Asia,0.23176,0,India,"[76.2186700000000,15.2993300000000;76.2231900000000,15.3032100000000]",20549,POINT (76.22093000000001 15.301269999999999)
58,2016-11-06,2021-03-12,0,0,0,0,2,10,3,9,12,1,Asia,0.200361,0,India,"[76.2168500000000,15.2755600000000;76.2214300000000,15.2788700000000]",20550,POINT (76.21914 15.277215)
34,2012-02-01,2012-02-01,8,8,0,0,0,0,0,0,0,0,Asia,0.237348,0,India,"[77.3589100000000,16.3048700000000;77.3626800000000,16.3096000000000]",20551,POINT (77.360795 16.307235)
623,2012-01-22,2021-12-10,38,38,8,37,59,24,46,15,11,10,Asia,0.444283,0,India,"[77.0097400000000,13.5519200000000;77.0157500000000,13.5574100000000]",20552,POINT (77.012745 13.554665)
611,2012-03-30,2021-02-22,4,4,3,0,13,68,78,59,37,20,Asia,1.33593,0,India,"[76.3693800000000,9.97212000000000;76.3811500000000,9.98048000000000]",20553,POINT (76.37526500000001 9.9763)
86,2012-11-23,2020-01-14,5,5,7,7,5,7,1,4,1,0,Asia,0.17808,1,India,"[77.0803400000000,9.43257000000000;77.0834900000000,9.43669000000000]",20554,POINT (77.08191500000001 9.43463)
39,2015-09-13,2017-02-10,0,0,0,5,3,11,0,0,0,0,Asia,0.384381,1,India,"[82.0620700000000,23.1570600000000;82.0671400000000,23.1627300000000]",20555,POINT (82.064605 23.159895)
130,2012-02-09,2021-03-14,5,5,16,6,6,6,5,6,5,6,Asia,0.296787,1,India,"[77.4588900000000,23.2421500000000;77.4630400000000,23.2478100000000]",20556,POINT (77.460965 23.244979999999998)
1635,2012-01-20,2021-08-14,84,84,90,113,122,104,0,89,98,132,Asia,0.64326,0,India,"[79.3873600000000,23.9864800000000;79.3955700000000,23.9925900000000]",20557,POINT (79.39146500000001 23.989535)
477,2012-08-18,2021-02-15,9,9,18,0,3,4,49,78,67,34,Asia,0.517579,0,India,"[75.5643600000000,22.6257900000000;75.5720400000000,22.6312000000000]",20558,POINT (75.5682 22.628494999999997)
387,2018-09-10,2021-11-22,0,0,0,0,0,0,37,105,84,46,Asia,0.293405,1,India,"[75.1294500000000,22.2628900000000;75.1353900000000,22.2668600000000]",20559,POINT (75.13242 22.264875)
883,2012-01-21,2021-05-31,11,11,0,192,133,43,0,28,33,28,Asia,1.51819,0,India,"[77.1391200000000,24.4782700000000;77.1530100000000,24.4870500000000]",20560,POINT (77.146065 24.48266)
1410,2012-01-22,2021-01-20,66,66,107,95,84,124,0,89,49,62,Asia,0.492769,0,India,"[80.6099500000000,24.0502800000000;80.6173500000000,24.0554000000000]",20561,POINT (80.61364999999999 24.05284)
1391,2012-01-21,2021-02-26,120,120,118,67,62,72,0,59,46,92,Asia,0.28241,0,India,"[74.8012600000000,24.5764600000000;74.8064000000000,24.5809800000000]",20562,POINT (74.80383 24.57872)
71,2014-11-24,2021-03-10,0,0,2,4,1,6,10,0,2,1,Asia,0.304705,0,India,"[77.5357700000000,23.0741500000000;77.5406600000000,23.0790700000000]",20563,POINT (77.53821500000001 23.07661)
340,2012-01-23,2021-12-18,12,12,20,33,24,15,0,26,20,29,Asia,0.216071,0,India,"[81.1678000000000,24.5262500000000;81.1717100000000,24.5304900000000]",20564,POINT (81.16975500000001 24.528370000000002)
366,2012-01-23,2021-10-29,42,42,33,1,5,14,0,16,20,30,Asia,0.23992,0,India,"[81.1740600000000,24.5635300000000;81.1780200000000,24.5681800000000]",20565,POINT (81.17604 24.565855)
269,2012-01-29,2021-12-07,25,25,35,9,9,6,0,4,1,2,Asia,0.396693,1,India,"[78.1550700000000,24.2384900000000;78.1625400000000,24.2427000000000]",20566,POINT (78.158805 24.240595)
260,2012-01-30,2021-02-20,41,41,27,5,2,9,0,0,2,5,Asia,0.373485,1,India,"[78.1554300000000,24.2427300000000;78.1624800000000,24.2469300000000]",20567,POINT (78.158955 24.24483)
605,2012-01-21,2021-09-29,64,64,89,21,12,14,0,14,9,8,Asia,0.783997,0,India,"[78.1625600000000,24.2374200000000;78.1697200000000,24.2461000000000]",20568,POINT (78.16614 24.24176)
1443,2012-01-20,2021-02-02,103,103,102,73,78,109,0,79,37,40,Asia,0.567463,0,India,"[80.7967900000000,24.1984300000000;80.8035700000000,24.2048600000000]",20569,POINT (80.80018 24.201645000000003)
838,2014-12-04,2021-01-20,0,0,3,39,73,122,0,77,75,117,Asia,0.443878,0,India,"[80.6930500000000,24.1641900000000;80.6987200000000,24.1702100000000]",20570,POINT (80.695885 24.1672)
846,2012-01-20,2021-12-29,79,79,47,49,36,34,0,44,43,40,Asia,0.442395,0,India,"[81.0009400000000,24.5621400000000;81.0070600000000,24.5677000000000]",20571,POINT (81.00399999999999 24.56492)
306,2012-01-24,2021-07-06,20,20,19,26,17,19,0,13,11,23,Asia,0.254042,0,India,"[80.8574900000000,24.5939100000000;80.8635900000000,24.5971200000000]",20572,POINT (80.86054 24.595515000000002)
216,2012-02-04,2021-02-07,13,13,5,1,0,1,0,16,34,41,Asia,0.240807,0,India,"[81.3257500000000,24.3244300000000;81.3302600000000,24.3285100000000]",20573,POINT (81.32800499999999 24.32647)
774,2012-01-23,2021-12-17,42,42,51,31,61,30,0,47,81,29,Asia,0.602964,0,India,"[82.5215000000000,24.2031300000000;82.5288900000000,24.2092600000000]",20574,POINT (82.525195 24.206195)
8655,2012-02-05,2021-03-03,350,350,2,283,352,1604,0,715,291,881,Asia,25.0962,0,India,"[82.5441700000000,24.1283100000000;82.5771000000000,24.1855100000000]",20575,POINT (82.56063499999999 24.15691)
691,2014-01-19,2021-12-06,0,0,16,41,20,114,0,89,105,96,Asia,0.764802,1,India,"[82.6114900000000,24.1218300000000;82.6194100000000,24.1290700000000]",20576,POINT (82.61545000000001 24.125449999999997)
1220,2012-01-20,2021-01-10,159,159,174,163,15,0,0,1,6,56,Asia,2.75851,1,India,"[82.5813400000000,24.1299800000000;82.5956300000000,24.1444600000000]",20577,POINT (82.58848499999999 24.13722)
132,2012-10-06,2021-02-12,1,1,0,1,3,33,0,8,13,30,Asia,0.286943,0,India,"[82.5886500000000,24.1187800000000;82.5933900000000,24.1233200000000]",20578,POINT (82.59102 24.12105)
95,2013-11-14,2021-03-14,0,0,10,2,3,0,0,0,0,1,Asia,0.793546,1,India,"[82.5925100000000,24.1404400000000;82.5989800000000,24.1496400000000]",20579,POINT (82.595745 24.14504)
149,2014-05-01,2021-10-24,0,0,28,4,0,0,0,0,9,74,Asia,0.302494,0,India,"[82.6226200000000,23.9883700000000;82.6287400000000,23.9920700000000]",20580,POINT (82.62567999999999 23.99022)
9650,2012-01-20,2021-11-08,370,370,723,1123,638,735,0,415,46,54,Asia,3.16844,0,India,"[82.7085200000000,24.1991500000000;82.7315700000000,24.2094500000000]",20581,POINT (82.720045 24.2043)
1106,2012-04-01,2020-04-12,0,0,44,270,109,84,0,17,4,0,Asia,2.09943,0,India,"[82.6911300000000,24.2043100000000;82.7036000000000,24.2169300000000]",20582,POINT (82.697365 24.21062)
1191,2012-02-05,2021-01-22,149,149,149,128,47,12,0,3,4,30,Asia,2.51845,0,India,"[82.6679800000000,24.1534700000000;82.6881000000000,24.1628500000000]",20583,POINT (82.67804000000001 24.15816)
54,2017-04-05,2021-01-01,0,0,0,0,0,4,0,34,2,1,Asia,0.260443,0,India,"[82.6638300000000,24.1699900000000;82.6687600000000,24.1739500000000]",20584,POINT (82.666295 24.17197)
31,2016-04-29,2016-06-20,0,0,0,0,14,0,0,0,0,0,Asia,0.322517,1,India,"[82.7096700000000,24.1404600000000;82.7141100000000,24.1459000000000]",20585,POINT (82.71189 24.14318)
29,2012-03-05,2015-01-25,3,3,4,2,0,0,0,0,0,0,Asia,0.189013,1,India,"[77.5186800000000,20.9452400000000;77.5227400000000,20.9488500000000]",20586,POINT (77.52071000000001 20.947045)
1427,2012-01-20,2021-02-22,70,70,62,46,83,63,110,64,80,74,Asia,0.73332,0,India,"[79.6255800000000,21.2300900000000;79.6342800000000,21.2364800000000]",20587,POINT (79.62993 21.233285)
117,2017-07-06,2021-03-16,0,0,0,0,0,1,14,37,16,5,Asia,0.310141,1,India,"[79.0151700000000,20.1324000000000;79.0200000000000,20.1372600000000]",20588,POINT (79.017585 20.13483)
263,2013-03-03,2020-02-27,0,0,0,0,0,11,53,19,6,0,Asia,0.656852,0,India,"[79.3489800000000,19.8252400000000;79.3543600000000,19.8344200000000]",20589,POINT (79.35167 19.82983)
66,2017-01-10,2021-03-26,0,0,0,0,0,15,3,0,12,10,Asia,0.263938,0,India,"[79.2670500000000,20.0562400000000;79.2712400000000,20.0609900000000]",20590,POINT (79.26914500000001 20.058615)
23,2012-11-12,1899-12-30,2,2,0,0,0,0,0,0,0,0,Asia,0.136455,1,India,"[79.3095500000000,20.0358300000000;79.3135200000000,20.0384200000000]",20591,POINT (79.31153499999999 20.037125)
2300,2012-01-20,2021-11-02,141,141,96,84,71,137,154,126,104,162,Asia,0.770134,0,India,"[79.3303100000000,19.9594700000000;79.3378400000000,19.9671700000000]",20592,POINT (79.334075 19.96332)
28,2012-03-14,1899-12-30,8,8,0,0,0,0,0,0,0,0,Asia,0.158439,0,India,"[79.3189800000000,19.9965500000000;79.3210200000000,20.0024000000000]",20593,POINT (79.32 19.999475)
23,2012-02-04,2014-01-15,3,3,1,0,0,0,0,0,0,0,Asia,0.214417,0,India,"[79.3051400000000,19.9157500000000;79.3085600000000,19.9204700000000]",20594,POINT (79.30685 19.91811)
2114,2012-01-20,2021-07-14,111,111,124,125,81,86,96,150,130,144,Asia,0.67025,0,India,"[79.1095400000000,19.9180500000000;79.1173100000000,19.9245600000000]",20595,POINT (79.113425 19.921305)
419,2012-02-04,2021-11-02,9,9,17,24,23,23,34,31,17,10,Asia,0.28337,0,India,"[79.1178200000000,19.9281000000000;79.1228400000000,19.9323600000000]",20596,POINT (79.12033 19.93023)
481,2012-01-20,2016-02-13,47,47,11,56,77,0,0,0,0,0,Asia,0.917455,0,India,"[79.0985900000000,19.9320400000000;79.1073900000000,19.9399100000000]",20597,POINT (79.10299 19.935975)
1264,2012-01-20,2015-01-08,239,239,78,61,0,0,0,0,0,0,Asia,1.70995,0,India,"[79.0929200000000,19.9364200000000;79.1017200000000,19.9510900000000]",20598,POINT (79.09732 19.943755)
87,2014-05-21,2016-02-21,0,0,15,14,13,0,0,0,0,0,Asia,0.327367,1,India,"[79.2922900000000,19.7716800000000;79.2979500000000,19.7760300000000]",20599,POINT (79.29512 19.773854999999998)
279,2012-01-20,2021-01-18,21,21,7,13,7,15,23,16,7,13,Asia,0.235245,0,India,"[79.2158800000000,19.7025500000000;79.2196300000000,19.7072700000000]",20600,POINT (79.217755 19.704909999999998)
712,2012-01-20,2021-01-14,25,25,36,86,24,27,22,44,88,46,Asia,0.409174,0,India,"[79.1727800000000,19.7206300000000;79.1790800000000,19.7255200000000]",20601,POINT (79.17593 19.723075)
1952,2012-01-20,2021-11-04,130,130,87,76,77,94,105,118,111,116,Asia,0.484471,0,India,"[79.1457200000000,19.7833500000000;79.1513800000000,19.7898000000000]",20602,POINT (79.14855 19.786575)
278,2017-02-28,2019-05-04,0,0,0,0,0,71,32,5,0,0,Asia,0.820403,0,India,"[79.1325100000000,19.8487200000000;79.1411500000000,19.8558800000000]",20603,POINT (79.13683 19.8523)
591,2017-06-23,2019-05-02,0,0,0,0,0,66,112,10,0,0,Asia,0.518882,0,India,"[79.1330600000000,19.8424000000000;79.1393400000000,19.8486300000000]",20604,POINT (79.1362 19.845515000000002)
104,2017-05-15,2021-03-25,0,0,0,0,0,2,17,16,7,8,Asia,0.406795,0,India,"[74.7912800000000,20.8777700000000;74.7984100000000,20.8823200000000]",20605,POINT (74.79484500000001 20.880045000000003)
110,2013-10-21,2018-01-20,0,0,19,24,6,0,1,0,0,0,Asia,0.328767,0,India,"[75.8356800000000,19.8456500000000;75.8408700000000,19.8506100000000]",20606,POINT (75.838275 19.848129999999998)
430,2012-01-28,2021-10-06,0,0,1,1,0,0,0,1,4,3,Asia,1.0629,0,India,"[72.8998600000000,19.0095600000000;72.9108000000000,19.0173400000000]",20607,POINT (72.90532999999999 19.01345)
524,2012-01-20,2021-03-01,28,28,90,8,16,33,14,48,15,11,Asia,1.23774,0,India,"[72.8867300000000,19.0160200000000;72.8972200000000,19.0254700000000]",20608,POINT (72.891975 19.020744999999998)
202,2016-06-15,2020-06-04,0,0,0,0,3,25,33,8,4,0,Asia,0.474217,0,India,"[79.3005800000000,20.6786000000000;79.3068500000000,20.6843300000000]",20609,POINT (79.303715 20.681465)
94,2016-11-13,2020-03-06,0,0,0,0,0,17,13,5,1,0,Asia,0.562508,0,India,"[79.2035500000000,21.2506700000000;79.2107800000000,21.2566000000000]",20610,POINT (79.207165 21.253635)
3121,2012-01-20,2021-12-14,185,185,126,74,151,176,219,174,31,126,Asia,1.29791,0,India,"[79.2216000000000,21.2396400000000;79.2304300000000,21.2508400000000]",20611,POINT (79.22601499999999 21.245240000000003)
1841,2017-02-08,2021-01-30,0,0,0,0,0,256,329,6,1,4,Asia,1.19258,0,India,"[79.2900800000000,20.8608900000000;79.2994100000000,20.8705900000000]",20612,POINT (79.294745 20.865740000000002)
1988,2016-12-23,2021-10-28,0,0,0,0,1,220,186,517,204,80,Asia,1.16314,0,India,"[79.2798600000000,20.8557900000000;79.2914900000000,20.8633800000000]",20613,POINT (79.285675 20.859585)
251,2012-01-20,2019-03-15,25,25,41,27,0,8,0,6,0,0,Asia,0.753126,0,India,"[79.2570400000000,20.8623800000000;79.2635300000000,20.8711900000000]",20614,POINT (79.26028499999998 20.866785)
93,2016-04-23,2021-03-05,0,0,0,0,3,2,13,13,12,5,Asia,0.225275,1,India,"[73.7109100000000,19.9334400000000;73.7141000000000,19.9390900000000]",20615,POINT (73.71250500000001 19.936265)
7264,2012-01-24,2021-02-07,135,135,391,215,240,384,573,676,661,1108,Asia,3.73073,0,India,"[73.0239600000000,18.6794900000000;73.0425000000000,18.6955500000000]",20616,POINT (73.03323 18.68752)
2491,2012-01-27,2021-12-30,26,26,64,69,104,136,207,185,60,57,Asia,1.35066,0,India,"[73.0387700000000,18.6847500000000;73.0450700000000,18.7018600000000]",20617,POINT (73.04192 18.693305)
70,2013-04-01,2021-06-07,0,0,4,17,0,6,1,0,1,2,Asia,0.337059,0,India,"[73.1077000000000,18.5640700000000;73.1149400000000,18.5677800000000]",20618,POINT (73.11132 18.565925)
75,2012-11-17,2021-08-25,1,1,2,13,6,4,1,1,0,5,Asia,0.397136,0,India,"[73.1081900000000,18.5592600000000;73.1150400000000,18.5638800000000]",20619,POINT (73.11161499999999 18.56157)
228,2013-04-01,2021-02-03,0,0,16,45,7,13,7,2,2,10,Asia,0.850113,0,India,"[73.1151800000000,18.5591200000000;73.1226900000000,18.5681400000000]",20620,POINT (73.118935 18.56363)
146,2012-04-12,2021-04-17,5,5,9,5,0,0,1,0,0,4,Asia,0.56443,0,India,"[73.1563700000000,17.5407000000000;73.1627600000000,17.5476900000000]",20621,POINT (73.159565 17.544195000000002)
526,2012-01-24,2018-02-23,23,23,31,34,26,29,46,0,0,0,Asia,0.332682,0,India,"[74.1698000000000,18.0529000000000;74.1744800000000,18.0584900000000]",20622,POINT (74.17214 18.055695)
649,2012-01-22,2021-03-25,7,7,0,0,0,0,72,99,91,147,Asia,0.291079,0,India,"[73.9856800000000,15.6561700000000;73.9910100000000,15.6604100000000]",20623,POINT (73.98834500000001 15.658290000000001)
476,2012-01-20,2021-02-20,24,24,11,3,10,27,30,4,39,95,Asia,0.656004,0,India,"[73.0504800000000,19.0990200000000;73.0571500000000,19.1068900000000]",20624,POINT (73.05381499999999 19.102955)
164,2012-02-11,2020-01-31,10,10,6,9,6,14,10,8,2,0,Asia,0.348453,0,India,"[78.4878500000000,20.6593800000000;78.4931600000000,20.6644000000000]",20625,POINT (78.490505 20.66189)
420,2012-01-28,2021-02-23,32,32,17,17,17,28,22,14,24,27,Asia,0.746799,0,India,"[78.6345700000000,20.6929800000000;78.6424600000000,20.7002100000000]",20626,POINT (78.638515 20.696595)
958,2012-01-20,2021-03-13,58,58,68,73,59,40,33,24,33,37,Asia,1.13525,0,India,"[78.6179800000000,20.7005600000000;78.6279500000000,20.7092600000000]",20627,POINT (78.622965 20.704909999999998)
20,2016-04-12,2016-04-30,0,0,0,0,9,0,0,0,0,0,Asia,0.142677,0,India,"[79.1118900000000,19.8778200000000;79.1150100000000,19.8812700000000]",20628,POINT (79.11345 19.879545)
29,2014-09-26,2021-03-21,0,0,5,8,0,0,0,0,0,1,Asia,0.232241,0,India,"[79.0924200000000,19.8635000000000;79.0973700000000,19.8670400000000]",20629,POINT (79.09489500000001 19.86527)
4140,2012-01-20,2019-03-12,450,450,263,326,239,114,54,3,0,0,Asia,4.07694,0,India,"[79.0839100000000,19.9562100000000;79.0999200000000,19.9754400000000]",20630,POINT (79.091915 19.965825)
90,2016-05-24,2017-01-01,0,0,0,0,35,9,0,0,0,0,Asia,0.45258,1,India,"[79.0600400000000,19.9487600000000;79.0669600000000,19.9537000000000]",20631,POINT (79.0635 19.951230000000002)
47,2014-12-31,2019-04-27,0,0,1,20,1,0,0,1,0,0,Asia,0.36025,0,India,"[79.0764200000000,19.9952100000000;79.0831900000000,19.9992300000000]",20632,POINT (79.079805 19.99722)
191,2012-01-24,2019-06-21,19,19,1,12,0,15,16,12,0,0,Asia,0.444909,0,India,"[79.0743200000000,19.9873000000000;79.0821000000000,19.9916200000000]",20633,POINT (79.07821 19.98946)
75,2012-03-07,2015-06-09,2,2,2,31,0,0,0,0,0,0,Asia,0.285397,0,India,"[79.0700600000000,20.0000300000000;79.0743300000000,20.0050800000000]",20634,POINT (79.072195 20.002555)
269,2014-06-25,2021-01-02,0,0,36,28,34,15,7,1,11,2,Asia,0.39282,1,India,"[79.0256600000000,20.0880600000000;79.0322200000000,20.0925900000000]",20635,POINT (79.02893999999999 20.090325)
34,2014-12-05,2021-03-17,0,0,5,8,0,0,0,2,2,3,Asia,0.317325,1,India,"[79.0365600000000,20.0779900000000;79.0419900000000,20.0824100000000]",20636,POINT (79.039275 20.0802)
1500,2012-02-06,2021-12-23,94,94,110,142,120,147,0,33,3,2,Asia,2.57816,1,India,"[91.9059100000000,25.6612000000000;91.9210100000000,25.6724500000000]",20637,POINT (91.91346 25.666825000000003)
934,2012-05-07,2021-10-07,25,25,138,113,104,36,0,3,0,1,Asia,0.77947,1,India,"[91.2325700000000,25.5378500000000;91.2398700000000,25.5449600000000]",20638,POINT (91.23622 25.541404999999997)
29,2014-11-11,2017-01-24,0,0,4,8,1,1,0,0,0,0,Asia,0.173337,1,India,"[94.3731200000000,26.5064600000000;94.3772400000000,26.5091400000000]",20639,POINT (94.37518 26.507799999999996)
15,2013-02-04,2014-01-27,0,0,5,0,0,0,0,0,0,0,Asia,0.126594,1,India,"[95.0578800000000,26.9166700000000;95.0605500000000,26.9196700000000]",20640,POINT (95.05921500000001 26.91817)
177,2014-10-17,2021-12-10,0,0,1,2,3,36,0,0,1,1,Asia,0.599417,0,India,"[77.0503200000000,28.7539900000000;77.0559500000000,28.7629400000000]",20641,POINT (77.053135 28.758465)
97,2012-04-09,2016-05-25,29,29,1,0,3,0,0,0,0,0,Asia,0.31229,1,India,"[76.9625500000000,28.6973800000000;76.9675800000000,28.7026000000000]",20642,POINT (76.965065 28.69999)
1994,2013-10-05,2021-11-20,0,0,122,202,183,117,58,102,163,211,Asia,1.1478,0,India,"[84.9762900000000,20.8846700000000;84.9858900000000,20.8930500000000]",20643,POINT (84.98109 20.88886)
3227,2014-03-25,2021-01-22,0,0,3,3,0,242,331,403,532,469,Asia,5.25066,0,India,"[84.9854400000000,20.8572100000000;85.0016600000000,20.8798900000000]",20644,POINT (84.99355 20.86855)
18983,2012-01-20,2021-11-26,1129,1129,653,711,771,578,1209,1245,1356,1878,Asia,32.519,0,India,"[85.0976900000000,20.9468400000000;85.1662900000000,20.9800100000000]",20645,POINT (85.13199 20.963425)
63625,2012-01-20,2021-05-16,1015,1015,3069,3789,4036,3899,4464,4067,3685,3058,Asia,7.06696,0,India,"[85.1662900000000,20.9533800000000;85.1999700000000,20.9680500000000]",20646,POINT (85.18313 20.960715)
5598,2013-01-13,2021-10-09,0,0,0,5,67,245,504,719,964,1258,Asia,1.87266,0,India,"[85.0331100000000,21.0728300000000;85.0456100000000,21.0833400000000]",20647,POINT (85.03935999999999 21.078085)
2630,2012-01-20,2021-01-09,49,49,43,36,119,240,289,204,132,54,Asia,2.53051,0,India,"[85.0125900000000,20.9624000000000;85.0295000000000,20.9728900000000]",20648,POINT (85.021045 20.967644999999997)
1504,2012-01-21,2020-01-16,70,70,63,91,95,92,107,97,17,0,Asia,0.460326,0,India,"[86.8312100000000,21.5280000000000;86.8364100000000,21.5340600000000]",20649,POINT (86.83381 21.53103)
165,2012-06-01,2012-06-01,9,9,0,0,0,0,0,0,0,0,Asia,0.590737,0,India,"[86.9571800000000,20.8171700000000;86.9615200000000,20.8264000000000]",20650,POINT (86.95935 20.821785)
172,2015-03-02,2021-04-30,0,0,0,1,2,23,15,25,22,13,Asia,0.487948,0,India,"[85.7198100000000,20.5184900000000;85.7251300000000,20.5248200000000]",20651,POINT (85.72246999999999 20.521655)
664,2012-11-14,2021-01-17,4,4,35,30,45,53,47,35,48,48,Asia,0.367416,0,India,"[85.7229900000000,20.5123200000000;85.7289000000000,20.5166100000000]",20652,POINT (85.725945 20.514465)
439,2012-01-22,2021-02-15,39,39,25,33,17,19,13,14,23,12,Asia,0.583538,1,India,"[85.9115400000000,20.5293000000000;85.9174100000000,20.5361400000000]",20653,POINT (85.91447500000001 20.532719999999998)
89,2012-09-14,2021-01-31,2,2,0,15,9,7,1,4,2,4,Asia,0.366306,0,India,"[85.9051500000000,20.5307200000000;85.9108400000000,20.5351500000000]",20654,POINT (85.907995 20.532935000000002)
2060,2012-01-25,2021-10-25,167,167,76,0,34,61,83,112,209,389,Asia,0.703839,0,India,"[85.2538300000000,20.8030100000000;85.2604800000000,20.8103900000000]",20655,POINT (85.257155 20.8067)
11601,2012-01-20,2021-11-01,263,263,485,606,729,764,853,880,719,814,Asia,1.55698,0,India,"[85.2500100000000,20.7907100000000;85.2616700000000,20.8000200000000]",20656,POINT (85.25584 20.795365)
2819,2013-10-19,2021-09-23,19,19,169,327,195,168,260,217,189,228,Asia,0.702006,0,India,"[85.2640500000000,20.7839900000000;85.2704800000000,20.7916000000000]",20657,POINT (85.26726500000001 20.787795)
7527,2012-01-20,2021-09-07,159,159,348,410,281,302,439,409,376,445,Asia,2.96675,0,India,"[85.2512900000000,20.7813400000000;85.2683400000000,20.7934700000000]",20658,POINT (85.25981500000002 20.787405)
37,2017-08-08,2021-03-29,0,0,0,0,0,8,2,3,3,3,Asia,0.127843,0,India,"[86.5989200000000,20.2572000000000;86.6010200000000,20.2613300000000]",20659,POINT (86.59997000000001 20.259265)
73,2017-06-10,2021-03-29,0,0,0,0,0,12,5,12,6,10,Asia,0.209027,0,India,"[86.6012700000000,20.2552300000000;86.6045000000000,20.2596200000000]",20660,POINT (86.602885 20.257425)
2651,2015-04-26,2021-01-05,0,0,0,56,312,269,211,141,254,134,Asia,1.9662,0,India,"[86.5990600000000,20.2383700000000;86.6148600000000,20.2468100000000]",20661,POINT (86.60695999999999 20.24259)
161,2012-02-23,2020-01-21,36,36,8,1,0,1,1,2,1,0,Asia,0.268663,0,India,"[86.6157100000000,20.3036600000000;86.6199200000000,20.3079900000000]",20662,POINT (86.61781500000001 20.305825)
188,2012-02-14,2017-04-30,17,17,4,0,0,16,0,0,0,0,Asia,1.38363,0,India,"[86.6753200000000,20.2714000000000;86.6887900000000,20.2783600000000]",20663,POINT (86.68205499999998 20.27488)
9330,2014-04-29,2021-02-13,0,0,1,85,572,719,971,943,876,871,Asia,5.52534,0,India,"[85.9998900000000,20.9585600000000;86.0193800000000,20.9781200000000]",20664,POINT (86.009635 20.968339999999998)
850,2012-01-20,2020-02-27,77,77,39,39,41,30,48,55,20,0,Asia,0.596249,0,India,"[86.0240000000000,20.9967000000000;86.0300500000000,21.0035000000000]",20665,POINT (86.02702500000001 21.0001)
160,2012-01-20,2019-01-03,6,6,9,16,11,9,6,18,0,0,Asia,0.240605,0,India,"[86.0092900000000,20.9948500000000;86.0133400000000,20.9989500000000]",20666,POINT (86.011315 20.9969)
4787,2012-01-20,2021-01-03,147,147,259,206,225,272,349,209,303,333,Asia,2.00756,0,India,"[86.0502400000000,20.9380600000000;86.0652800000000,20.9472600000000]",20667,POINT (86.05776 20.94266)
642,2012-01-25,2021-12-30,36,36,47,45,40,35,39,1,0,1,Asia,0.285173,0,India,"[86.0409300000000,20.9212400000000;86.0456100000000,20.9254400000000]",20668,POINT (86.04326999999999 20.92334)
4602,2012-01-22,2021-10-25,57,57,120,200,305,308,337,384,316,380,Asia,1.49762,1,India,"[86.0435300000000,20.9462800000000;86.0534100000000,20.9567300000000]",20669,POINT (86.04847000000001 20.951505)
879,2012-02-06,2021-11-01,26,26,32,16,56,54,61,75,76,64,Asia,0.455664,1,India,"[86.0482900000000,20.9607900000000;86.0538900000000,20.9664000000000]",20670,POINT (86.05108999999999 20.963594999999998)
14819,2012-01-20,2021-03-16,461,461,334,293,501,869,1663,1260,494,582,Asia,11.2631,1,India,"[83.8339200000000,21.7270300000000;83.8545100000000,21.7663700000000]",20671,POINT (83.844215 21.746699999999997)
3963,2012-01-21,2021-01-31,266,266,191,185,160,321,165,51,188,180,Asia,7.41107,1,India,"[83.8176400000000,21.7400400000000;83.8336900000000,21.7732600000000]",20672,POINT (83.825665 21.75665)
1426,2012-05-16,2021-03-29,2,2,192,90,94,55,98,50,9,60,Asia,1.68862,1,India,"[83.8319200000000,21.7693200000000;83.8407300000000,21.7831100000000]",20673,POINT (83.83632499999999 21.776215)
3825,2012-02-26,2021-02-17,22,22,179,114,360,241,270,424,272,167,Asia,4.60101,1,India,"[83.8790100000000,21.7915800000000;83.9024400000000,21.8057000000000]",20674,POINT (83.890725 21.79864)
1380,2012-02-10,2021-03-25,2,2,61,2,24,114,148,174,144,61,Asia,0.602438,0,India,"[83.8843200000000,21.7857400000000;83.8920000000000,21.7913800000000]",20675,POINT (83.88816 21.78856)
2258,2012-01-20,2021-01-01,138,138,223,152,110,65,141,54,18,1,Asia,6.62128,1,India,"[83.8942000000000,21.8025600000000;83.9124200000000,21.8286900000000]",20676,POINT (83.90331 21.815625)
129,2012-01-29,2016-02-19,3,3,32,18,6,0,0,0,0,0,Asia,0.321541,0,India,"[83.9795600000000,21.8385200000000;83.9851800000000,21.8426300000000]",20677,POINT (83.98237 21.840575)
697,2012-01-20,2021-12-23,22,22,19,30,40,34,60,57,57,16,Asia,0.277149,0,India,"[83.9870500000000,21.7926000000000;83.9917100000000,21.7968700000000]",20678,POINT (83.98938 21.794735)
1354,2012-02-10,2021-09-20,6,6,15,4,105,113,138,141,121,44,Asia,0.537405,0,India,"[85.4145600000000,22.1283200000000;85.4213000000000,22.1339400000000]",20679,POINT (85.41793 22.13113)
18,2012-12-03,1899-12-30,4,4,0,0,0,0,0,0,0,0,Asia,0.097689,0,India,"[85.3457000000000,22.0963800000000;85.3489200000000,22.0985200000000]",20680,POINT (85.34731 22.097450000000002)
67,2012-01-25,2015-01-23,14,14,2,2,0,0,0,0,0,0,Asia,0.178417,0,India,"[85.3595200000000,22.0978000000000;85.3635400000000,22.1009300000000]",20681,POINT (85.36153 22.099365)
2702,2012-01-25,2021-02-27,113,113,131,133,132,139,174,153,141,173,Asia,0.535493,0,India,"[85.4617500000000,22.0514100000000;85.4683500000000,22.0571200000000]",20682,POINT (85.46504999999999 22.054265)
1264,2012-02-16,2021-10-09,4,4,22,31,99,89,131,90,81,63,Asia,0.474611,0,India,"[85.3116100000000,21.9651900000000;85.3172700000000,21.9711000000000]",20683,POINT (85.31443999999999 21.968145)
147,2012-01-21,2021-05-15,15,15,2,5,7,7,7,14,3,3,Asia,0.182188,0,India,"[85.9200600000000,21.1188600000000;85.9237900000000,21.1222400000000]",20684,POINT (85.921925 21.12055)
1135,2014-01-02,2021-05-09,0,0,15,17,81,110,130,73,49,45,Asia,0.723661,0,India,"[84.3721000000000,22.0959000000000;84.3805800000000,22.1020100000000]",20685,POINT (84.37634 22.098955)
15118,2012-01-20,2021-11-17,674,674,880,957,924,835,663,658,682,1171,Asia,5.26488,0,India,"[84.0136200000000,21.7493900000000;84.0295900000000,21.7730400000000]",20686,POINT (84.021605 21.761215)
3186,2012-01-28,2021-11-04,35,35,13,52,233,214,263,330,345,323,Asia,0.854283,0,India,"[85.2170100000000,21.9271500000000;85.2254400000000,21.9343000000000]",20687,POINT (85.221225 21.930725000000002)
179,2013-12-25,2021-02-13,0,0,1,13,17,2,11,20,33,15,Asia,0.505595,0,India,"[84.9218200000000,21.8442600000000;84.9293900000000,21.8489900000000]",20688,POINT (84.92560499999999 21.846625)
309,2012-01-21,2019-03-02,42,42,38,6,2,7,6,3,0,0,Asia,0.362232,0,India,"[84.8403900000000,22.1972500000000;84.8459100000000,22.2019200000000]",20689,POINT (84.84315 22.199585)
5722,2012-01-20,2021-03-24,307,307,364,312,151,240,335,416,296,323,Asia,3.20553,0,India,"[84.8385800000000,22.2034100000000;84.8562100000000,22.2163500000000]",20690,POINT (84.847395 22.20988)
12761,2012-01-20,2021-04-18,479,479,781,859,592,658,724,735,616,729,Asia,4.81153,0,India,"[84.8566400000000,22.2045500000000;84.8817000000000,22.2182100000000]",20691,POINT (84.86917 22.211380000000002)
234,2012-02-09,2021-03-02,2,2,1,4,24,21,13,10,33,30,Asia,0.319012,0,India,"[84.8606000000000,22.0798000000000;84.8645700000000,22.0855100000000]",20692,POINT (84.862585 22.082654999999995)
2488,2012-01-20,2021-04-25,21,21,16,36,80,191,254,188,282,259,Asia,2.03565,0,India,"[84.7495200000000,22.2180200000000;84.7620500000000,22.2296000000000]",20693,POINT (84.755785 22.22381)
87,2012-01-20,2014-06-25,26,26,3,0,0,0,0,0,0,0,Asia,0.371542,0,India,"[84.7691800000000,22.3064300000000;84.7764400000000,22.3100800000000]",20694,POINT (84.77280999999999 22.308254999999996)
712,2012-01-20,2021-10-14,55,55,54,41,38,45,31,0,3,4,Asia,0.614255,0,India,"[84.7613000000000,22.3057800000000;84.7689200000000,22.3115300000000]",20695,POINT (84.76510999999999 22.308655)
294,2012-04-01,2021-02-13,0,0,37,12,4,6,12,23,43,53,Asia,0.188786,0,India,"[84.7656700000000,22.3121700000000;84.7692900000000,22.3158900000000]",20696,POINT (84.76748 22.31403)
247,2012-01-22,2020-02-11,3,3,0,6,12,16,29,46,3,0,Asia,0.266307,0,India,"[84.5486400000000,22.2049600000000;84.5524400000000,22.2099700000000]",20697,POINT (84.55054000000001 22.207465)
6646,2012-01-30,2021-02-10,36,36,308,272,379,181,499,1014,346,456,Asia,11.615,0,India,"[83.7401100000000,22.0158500000000;83.7751000000000,22.0398200000000]",20698,POINT (83.757605 22.027834999999996)
357,2013-11-14,2021-03-01,0,0,0,0,1,3,71,17,31,14,Asia,0.747543,0,India,"[83.7046100000000,22.0628400000000;83.7132700000000,22.0690800000000]",20699,POINT (83.70894 22.065959999999997)
8691,2012-01-20,2021-01-05,255,255,883,1037,637,491,174,32,172,661,Asia,5.07536,0,India,"[83.7145200000000,22.0493200000000;83.7315800000000,22.0708200000000]",20700,POINT (83.72305 22.06007)
2800,2012-01-22,2021-02-27,477,477,173,70,62,69,0,39,49,78,Asia,2.10068,0,India,"[74.9412200000000,29.9034300000000;74.9595600000000,29.9133700000000]",20701,POINT (74.95039 29.908399999999997)
85,2013-09-27,2021-04-16,0,0,13,4,2,10,0,4,1,3,Asia,0.184327,0,India,"[74.9525100000000,29.9169700000000;74.9565600000000,29.9209200000000]",20702,POINT (74.95453499999999 29.918945)
23,2016-05-25,2017-07-08,0,0,0,0,5,5,0,0,0,0,Asia,0.148203,0,India,"[75.2295700000000,29.9136000000000;75.2327700000000,29.9176100000000]",20703,POINT (75.23117 29.915605000000003)
56,2012-01-23,2020-10-11,13,13,4,0,0,0,0,0,1,0,Asia,0.088088,0,India,"[74.3793600000000,26.0804200000000;74.3815300000000,26.0838200000000]",20704,POINT (74.38044500000001 26.08212)
628,2012-01-24,2021-01-15,36,36,34,34,26,65,0,61,46,12,Asia,0.442729,0,India,"[76.6690500000000,27.5138300000000;76.6759500000000,27.5191700000000]",20705,POINT (76.6725 27.516499999999997)
617,2012-02-25,2021-11-25,28,28,21,32,67,59,0,34,3,43,Asia,0.528344,0,India,"[76.7940100000000,28.1171000000000;76.8014900000000,28.1230100000000]",20706,POINT (76.79775000000001 28.120055)
79,2012-10-27,2021-03-16,1,1,0,4,5,13,0,7,7,7,Asia,0.152859,0,India,"[76.8764700000000,28.1476100000000;76.8802300000000,28.1510100000000]",20707,POINT (76.87835 28.14931)
1969,2012-01-20,2021-02-15,271,271,344,120,12,7,0,6,22,4,Asia,0.763437,0,India,"[71.4943100000000,25.9262900000000;71.5043000000000,25.9328300000000]",20708,POINT (71.499305 25.929560000000002)
99,2014-10-26,2021-11-08,0,0,6,19,3,1,0,12,15,8,Asia,0.061307,0,India,"[71.5682800000000,25.9055400000000;71.5708500000000,25.9075800000000]",20709,POINT (71.569565 25.906560000000002)
484,2015-09-06,2019-02-03,0,0,0,57,130,45,0,10,0,0,Asia,0.477026,0,India,"[71.7643700000000,25.2958500000000;71.7723600000000,25.3009200000000]",20710,POINT (71.768365 25.298385)
42,2013-10-30,2016-06-16,0,0,0,12,7,0,0,0,0,0,Asia,0.295307,0,India,"[71.7527000000000,25.2863900000000;71.7580700000000,25.2910600000000]",20711,POINT (71.755385 25.288725000000003)
18,2017-06-12,2019-03-09,0,0,0,0,0,2,0,1,0,0,Asia,0.113249,0,India,"[71.5651400000000,25.4446600000000;71.5685600000000,25.4474800000000]",20712,POINT (71.56685 25.44607)
77,2012-04-03,2020-02-21,5,5,5,0,0,0,0,0,2,0,Asia,0.093466,0,India,"[71.4971900000000,25.9314600000000;71.5014000000000,25.9333600000000]",20713,POINT (71.499295 25.93241)
36,2017-02-20,2021-06-01,0,0,0,0,0,12,0,1,2,5,Asia,0.217661,0,India,"[73.2198300000000,27.8277700000000;73.2243000000000,27.8319600000000]",20714,POINT (73.222065 27.829864999999995)
164,2012-01-23,2021-09-28,4,4,4,11,27,9,0,2,17,20,Asia,0.132776,0,India,"[76.1881400000000,25.6703300000000;76.1917000000000,25.6733900000000]",20715,POINT (76.18992 25.671860000000002)
2358,2012-01-22,2021-10-13,68,68,234,185,226,151,0,98,89,64,Asia,0.803299,0,India,"[74.6299200000000,24.9286000000000;74.6379300000000,24.9368900000000]",20716,POINT (74.633925 24.932744999999997)
882,2012-01-29,2021-09-30,73,73,70,67,69,77,0,41,66,90,Asia,0.20209,0,India,"[74.6058100000000,24.7634500000000;74.6108200000000,24.7667800000000]",20717,POINT (74.608315 24.765115)
1194,2012-01-23,2021-10-11,44,44,56,57,64,74,0,70,65,74,Asia,0.428991,0,India,"[74.6041200000000,24.7602100000000;74.6108400000000,24.7654800000000]",20718,POINT (74.60748 24.762845000000002)
495,2013-09-06,2021-07-15,0,0,38,26,54,67,0,23,16,24,Asia,0.283906,0,India,"[74.6672800000000,24.7114900000000;74.6720100000000,24.7164400000000]",20719,POINT (74.669645 24.713965)
3176,2012-01-20,2021-03-16,292,292,307,124,154,120,0,207,96,108,Asia,0.697095,0,India,"[74.6795700000000,24.6382500000000;74.6880300000000,24.6450400000000]",20720,POINT (74.68379999999999 24.641645)
1415,2012-11-12,2021-02-20,3,3,29,44,100,148,0,166,236,129,Asia,0.621248,0,India,"[74.6274500000000,24.6583800000000;74.6366800000000,24.6639300000000]",20721,POINT (74.632065 24.661155)
148,2013-08-31,2021-10-03,0,0,8,7,11,15,0,8,3,3,Asia,0.073182,0,India,"[74.6713400000000,24.7128400000000;74.6729800000000,24.7165200000000]",20722,POINT (74.67215999999999 24.71468)
105,2013-10-03,2019-03-05,0,0,4,4,19,16,0,1,0,0,Asia,0.318364,1,India,"[75.1995700000000,26.7165500000000;75.2049300000000,26.7215200000000]",20723,POINT (75.20224999999999 26.719035)
93,2012-01-23,1899-12-30,15,15,8,7,0,0,0,0,0,0,Asia,0.329007,0,India,"[75.5699500000000,26.8076800000000;75.5779100000000,26.8111300000000]",20724,POINT (75.57393 26.809404999999998)
1565,2012-01-23,2021-07-24,101,101,88,82,97,73,0,115,99,153,Asia,0.366056,0,India,"[76.1267200000000,27.6653000000000;76.1331500000000,27.6700700000000]",20725,POINT (76.129935 27.667685)
56,2013-11-03,2021-11-14,0,0,3,10,5,4,0,0,0,4,Asia,0.155063,0,India,"[70.5353200000000,27.3336600000000;70.5392100000000,27.3371400000000]",20726,POINT (70.53726499999999 27.3354)
20,2015-02-11,2016-01-26,0,0,0,2,7,0,0,0,0,0,Asia,0.192423,0,India,"[76.0979000000000,24.5232000000000;76.1021700000000,24.5268600000000]",20727,POINT (76.10003499999999 24.525029999999997)
131,2012-01-28,2021-01-20,15,15,3,0,7,10,0,9,5,15,Asia,0.131261,0,India,"[73.6828500000000,26.6033500000000;73.6863900000000,26.6064900000000]",20728,POINT (73.68462 26.60492)
576,2013-08-26,2021-02-05,10,10,38,59,76,72,0,60,78,87,Asia,0.408363,0,India,"[73.5131000000000,26.8705900000000;73.5182900000000,26.8772800000000]",20729,POINT (73.515695 26.873935)
1216,2012-01-20,2021-12-18,61,61,89,78,88,81,0,109,47,63,Asia,0.422858,0,India,"[75.9504400000000,24.7118400000000;75.9563600000000,24.7176600000000]",20730,POINT (75.9534 24.71475)
98,2012-03-14,2020-02-24,7,7,1,11,6,4,0,4,13,0,Asia,0.1496,1,India,"[73.7424700000000,26.6424700000000;73.7462400000000,26.6458300000000]",20731,POINT (73.744355 26.64415)
1365,2012-01-28,2021-10-29,20,20,87,97,102,81,0,59,72,81,Asia,1.03148,0,India,"[73.5121400000000,26.8705600000000;73.5197400000000,26.8821000000000]",20732,POINT (73.51594 26.876330000000003)
191,2012-12-13,2021-02-21,2,2,2,2,12,25,0,23,23,19,Asia,0.194419,0,India,"[73.4659900000000,26.9254400000000;73.4703100000000,26.9292700000000]",20733,POINT (73.46815000000001 26.927355)
886,2012-01-23,2021-09-17,53,53,84,53,44,48,0,47,35,58,Asia,0.357058,0,India,"[74.1228400000000,26.2950000000000;74.1285500000000,26.3002600000000]",20734,POINT (74.125695 26.29763)
1388,2012-01-22,2021-10-14,60,60,65,65,70,129,0,110,117,136,Asia,0.782628,0,India,"[74.1865300000000,26.2632800000000;74.1923000000000,26.2746800000000]",20735,POINT (74.189415 26.26898)
1717,2012-01-20,2021-10-12,198,198,146,103,68,19,0,41,85,106,Asia,0.476928,0,India,"[73.0912600000000,24.8181100000000;73.0977600000000,24.8242500000000]",20736,POINT (73.09451 24.821180000000002)
1995,2012-01-21,2021-02-08,102,102,112,130,128,138,0,137,113,165,Asia,0.501518,0,India,"[72.9998400000000,24.6858100000000;73.0060000000000,24.6926200000000]",20737,POINT (73.00292 24.689215)
266,2013-08-26,2021-12-06,0,0,36,26,42,16,0,5,0,1,Asia,0.319008,0,India,"[73.8148300000000,24.6016300000000;73.8211500000000,24.6058200000000]",20738,POINT (73.81799 24.603725)
56,2016-11-22,2021-11-04,0,0,0,0,2,2,0,9,17,6,Asia,0.085735,0,India,"[73.8735700000000,24.6564300000000;73.8763500000000,24.6589900000000]",20739,POINT (73.87496 24.65771)
310,2013-03-28,2021-02-14,0,0,7,9,11,16,38,33,18,17,Asia,0.300981,0,India,"[79.0864000000000,11.1737500000000;79.0909300000000,11.1785000000000]",20740,POINT (79.08866499999999 11.176124999999999)
348,2012-01-20,2021-05-28,10,10,2,39,35,26,16,21,6,15,Asia,0.265074,0,India,"[79.6979100000000,12.6412500000000;79.7017800000000,12.6461400000000]",20741,POINT (79.699845 12.643695000000001)
337,2018-03-17,2021-03-14,0,0,0,0,0,0,28,76,110,35,Asia,0.275821,0,India,"[79.8048800000000,11.3020300000000;79.8095200000000,11.3062400000000]",20742,POINT (79.8072 11.304135)
3111,2012-01-20,2021-05-15,252,252,226,183,156,89,128,144,91,68,Asia,0.921704,0,India,"[77.9185900000000,11.8062700000000;77.9283300000000,11.8131600000000]",20743,POINT (77.92346 11.809715)
1452,2012-01-20,2021-02-13,78,78,83,51,60,57,101,81,72,106,Asia,0.732503,0,India,"[77.9125500000000,11.8130800000000;77.9210300000000,11.8193700000000]",20744,POINT (77.91678999999999 11.816225)
880,2012-02-10,2021-12-28,12,12,21,74,89,62,61,56,12,25,Asia,0.967446,0,India,"[80.0844000000000,13.4163600000000;80.0935000000000,13.4239400000000]",20745,POINT (80.08895000000001 13.42015)
2952,2012-01-31,2021-10-25,54,54,41,98,252,178,329,153,69,59,Asia,1.6592,0,India,"[80.2776800000000,13.1557500000000;80.2906400000000,13.1648400000000]",20746,POINT (80.28416 13.160295)
146,2012-02-04,2021-03-01,2,2,2,2,10,5,22,3,3,3,Asia,0.355507,0,India,"[79.9092300000000,12.9858400000000;79.9142700000000,12.9908700000000]",20747,POINT (79.91175000000001 12.988354999999999)
381,2015-01-29,2021-05-16,0,0,0,2,0,0,30,73,99,83,Asia,0.310592,0,India,"[79.3045200000000,10.8108700000000;79.3090400000000,10.8157600000000]",20748,POINT (79.30677999999999 10.813315)
26,2014-04-09,2015-02-05,0,0,1,11,0,0,0,0,0,0,Asia,0.325095,0,India,"[79.6694300000000,10.7519200000000;79.6737800000000,10.7572100000000]",20749,POINT (79.671605 10.754565)
94,2014-12-04,2021-12-23,0,0,2,7,9,6,7,5,7,5,Asia,0.351922,1,India,"[78.7876400000000,10.7639000000000;78.7940400000000,10.7678400000000]",20750,POINT (78.79084 10.765869999999998)
88,2014-12-15,2021-11-21,0,0,1,2,7,3,12,3,4,4,Asia,0.269486,1,India,"[78.7892800000000,10.7593700000000;78.7935900000000,10.7638500000000]",20751,POINT (78.791435 10.761610000000001)
103,2012-01-30,2017-02-11,16,16,2,3,10,7,0,0,0,0,Asia,0.466711,0,India,"[77.6594800000000,8.63123000000000;77.6648500000000,8.63750000000000]",20752,POINT (77.662165 8.634364999999999)
125,2012-02-04,2015-03-21,22,22,20,5,0,0,0,0,0,0,Asia,0.178352,0,India,"[77.5664400000000,10.9621100000000;77.5700500000000,10.9657100000000]",20753,POINT (77.56824499999999 10.96391)
77,2012-01-26,2012-02-26,25,25,0,0,0,0,0,0,0,0,Asia,0.404496,0,India,"[77.5972300000000,10.9665300000000;77.6021000000000,10.9725800000000]",20754,POINT (77.59966499999999 10.969555)
30,2015-07-06,2017-02-02,0,0,0,1,9,4,0,0,0,0,Asia,0.13944,0,India,"[77.4164300000000,10.7450900000000;77.4204500000000,10.7476200000000]",20755,POINT (77.41844 10.746355)
51,2017-11-22,2021-02-24,0,0,0,0,0,4,5,2,6,13,Asia,0.095951,0,India,"[77.0636800000000,10.9291800000000;77.0676100000000,10.9309700000000]",20756,POINT (77.065645 10.930075)
201,2012-02-24,2021-02-23,1,1,9,2,42,13,6,19,5,9,Asia,0.232619,1,India,"[77.3013900000000,10.9004100000000;77.3054000000000,10.9046500000000]",20757,POINT (77.303395 10.90253)
19,2015-05-27,2016-05-21,0,0,0,5,4,0,0,0,0,0,Asia,0.204617,0,India,"[79.2857800000000,19.2385000000000;79.2897300000000,19.2423800000000]",20758,POINT (79.287755 19.24044)
174,2013-11-09,2020-01-14,0,0,3,39,15,12,7,1,2,0,Asia,0.372193,1,India,"[79.5488800000000,18.6728700000000;79.5540800000000,18.6781900000000]",20759,POINT (79.55148 18.675530000000002)
2967,2012-05-31,2021-05-04,2,2,17,25,17,174,549,165,50,77,Asia,4.54895,1,India,"[79.5454900000000,18.6518300000000;79.5616500000000,18.6727500000000]",20760,POINT (79.55357000000001 18.662290000000002)
162,2012-01-22,2021-05-04,10,10,27,27,0,1,0,0,2,11,Asia,0.468897,0,India,"[79.5352100000000,18.7011400000000;79.5401000000000,18.7082700000000]",20761,POINT (79.537655 18.704704999999997)
23,2014-12-21,2015-02-12,0,0,2,9,0,0,0,0,0,0,Asia,0.115823,0,India,"[79.5180500000000,18.7184200000000;79.5216100000000,18.7208400000000]",20762,POINT (79.51983 18.71963)
28,2013-05-24,2015-02-13,0,0,5,8,0,0,0,0,0,0,Asia,0.190356,0,India,"[79.5257600000000,18.7129500000000;79.5307100000000,18.7158100000000]",20763,POINT (79.528235 18.714380000000002)
92,2016-02-17,2016-02-24,0,0,0,0,45,0,0,0,0,0,Asia,0.432761,0,India,"[79.4747200000000,18.7924600000000;79.4796400000000,18.7990100000000]",20764,POINT (79.47718 18.795735)
138,2012-01-21,2021-05-12,18,18,0,0,0,16,8,12,4,2,Asia,0.361213,0,India,"[80.7838400000000,17.9449800000000;80.7889600000000,17.9501100000000]",20765,POINT (80.78640000000001 17.947544999999998)
176,2012-01-20,2020-04-24,53,53,0,0,0,2,2,1,1,0,Asia,0.204945,1,India,"[80.7791500000000,17.9469600000000;80.7836800000000,17.9502500000000]",20766,POINT (80.78141500000001 17.948605)
323,2012-01-23,2020-04-29,87,87,1,8,2,1,6,7,2,0,Asia,0.368269,0,India,"[80.7806700000000,17.9503000000000;80.7872500000000,17.9543700000000]",20767,POINT (80.78396000000001 17.952334999999998)
39,2012-02-07,2012-03-06,12,12,0,0,0,0,0,0,0,0,Asia,0.084862,0,India,"[80.7792700000000,17.9525500000000;80.7807500000000,17.9567200000000]",20768,POINT (80.78001 17.954635)
710,2012-01-20,2021-11-23,73,73,21,0,0,0,37,146,36,99,Asia,0.810187,0,India,"[80.7601200000000,17.9457600000000;80.7663300000000,17.9552500000000]",20769,POINT (80.763225 17.950505)
8835,2012-01-20,2021-10-03,311,311,529,415,735,1019,418,136,158,147,Asia,3.16325,0,India,"[80.7937000000000,17.9466800000000;80.8106100000000,17.9602800000000]",20770,POINT (80.802155 17.95348)
90,2017-04-18,2019-05-30,0,0,0,0,0,42,1,1,0,0,Asia,0.382011,0,India,"[80.8274600000000,17.9678500000000;80.8320800000000,17.9738600000000]",20771,POINT (80.82977 17.970854999999997)
54,2016-03-15,2021-10-08,0,0,0,0,10,2,5,4,2,3,Asia,0.301914,0,India,"[81.1087800000000,17.2400300000000;81.1131900000000,17.2449600000000]",20772,POINT (81.110985 17.242495)
464,2012-01-20,1899-12-30,130,130,6,2,0,3,10,3,0,0,Asia,0.980555,0,India,"[80.6503800000000,17.4558200000000;80.6576800000000,17.4655700000000]",20773,POINT (80.65403 17.460695)
415,2017-12-02,2021-02-14,0,0,0,0,0,3,60,107,58,2,Asia,0.460638,0,India,"[80.3170500000000,17.5745700000000;80.3227000000000,17.5805200000000]",20774,POINT (80.319875 17.577545)
251,2013-02-17,2020-02-05,0,0,0,0,0,15,52,0,1,0,Asia,0.561791,0,India,"[80.3206300000000,17.5710800000000;80.3296400000000,17.5756300000000]",20775,POINT (80.32513499999999 17.573355)
73,2015-10-02,2020-12-09,0,0,0,3,3,8,8,5,6,0,Asia,0.259198,1,India,"[78.1278500000000,17.0389700000000;78.1325100000000,17.0431300000000]",20776,POINT (78.13018 17.041050000000002)
1094,2012-01-20,2021-10-13,58,58,45,38,2,1,89,140,118,119,Asia,0.635573,0,India,"[78.2202100000000,17.1429200000000;78.2274200000000,17.1495100000000]",20777,POINT (78.223815 17.146214999999998)
86,2012-01-20,1899-12-30,27,27,0,0,0,0,0,0,0,0,Asia,0.389205,0,India,"[78.1636400000000,17.0833800000000;78.1690700000000,17.0887400000000]",20778,POINT (78.16635500000001 17.08606)
57,2016-11-18,2020-03-03,0,0,0,0,2,4,9,4,2,0,Asia,0.158209,0,India,"[78.7204700000000,17.4726200000000;78.7241400000000,17.4758300000000]",20779,POINT (78.722305 17.474224999999997)
304,2012-01-30,2021-12-08,27,27,19,14,3,16,17,8,10,12,Asia,0.179995,0,India,"[79.9141500000000,16.8085000000000;79.9178400000000,16.8120600000000]",20780,POINT (79.91599500000001 16.81028)
151,2012-10-12,2021-02-22,2,2,8,8,8,8,9,7,10,10,Asia,0.121748,0,India,"[80.0352100000000,16.8299800000000;80.0382800000000,16.8328700000000]",20781,POINT (80.036745 16.831425)
234,2012-01-21,2021-11-06,2,2,8,4,10,16,21,18,26,19,Asia,0.409992,0,India,"[79.8129300000000,16.7130200000000;79.8201800000000,16.7171500000000]",20782,POINT (79.816555 16.715085000000002)
493,2012-02-01,2021-01-13,17,17,36,0,16,22,37,24,34,41,Asia,0.502728,1,India,"[79.6453300000000,16.6935900000000;79.6522200000000,16.6989300000000]",20783,POINT (79.648775 16.696260000000002)
68,2013-01-17,2018-01-27,0,0,6,5,3,10,4,0,0,0,Asia,0.162981,1,India,"[78.4365800000000,17.3127300000000;78.4410200000000,17.3154700000000]",20784,POINT (78.4388 17.3141)
190,2012-01-26,2021-09-11,12,12,15,3,7,2,19,5,7,2,Asia,0.345978,0,India,"[77.4811300000000,17.3302000000000;77.4864300000000,17.3351300000000]",20785,POINT (77.48378000000001 17.332665)
38,2012-12-03,1899-12-30,7,7,5,1,0,0,0,0,0,0,Asia,0.276945,0,India,"[91.1951500000000,23.6255400000000;91.1989600000000,23.6302600000000]",20786,POINT (91.197055 23.6279)
282,2012-01-24,2021-02-19,9,9,51,23,15,14,0,2,7,3,Asia,0.832617,0,India,"[91.3363200000000,23.7413500000000;91.3439800000000,23.7484000000000]",20787,POINT (91.34015 23.744875)
4196,2012-01-27,2021-08-21,147,147,222,420,821,633,0,313,279,179,Asia,1.56588,0,India,"[79.4760000000000,26.6360200000000;79.4880900000000,26.6463900000000]",20788,POINT (79.482045 26.641205)
2477,2012-01-21,2021-06-01,19,19,33,60,112,79,0,44,30,26,Asia,1.81447,0,India,"[79.4707600000000,26.6376800000000;79.4846100000000,26.6481700000000]",20789,POINT (79.47768500000001 26.642925)
180,2012-01-24,2017-02-07,28,28,3,15,14,14,0,0,0,0,Asia,0.24638,0,India,"[83.0873300000000,25.2904200000000;83.0920600000000,25.2943500000000]",20790,POINT (83.089695 25.292385000000003)
122,2012-03-02,2021-12-29,13,13,11,9,12,7,0,8,3,7,Asia,0.104132,0,India,"[83.0134500000000,25.3085300000000;83.0163000000000,25.3112900000000]",20791,POINT (83.014875 25.309910000000002)
86,2012-01-24,2017-01-21,12,12,8,4,3,4,0,0,0,0,Asia,0.189485,0,India,"[80.7077200000000,26.0125400000000;80.7119400000000,26.0160600000000]",20792,POINT (80.70983 26.0143)
60,2012-09-30,2015-03-21,3,3,10,5,0,0,0,0,0,0,Asia,0.314946,0,India,"[80.7169000000000,26.0071600000000;80.7221300000000,26.0118800000000]",20793,POINT (80.71951500000002 26.009520000000002)
22,2012-10-18,2014-02-19,5,5,2,0,0,0,0,0,0,0,Asia,0.112753,1,India,"[80.7258700000000,26.0076000000000;80.7285000000000,26.0109600000000]",20794,POINT (80.72718499999999 26.00928)
414,2012-02-09,2021-11-28,24,24,39,38,18,17,0,23,19,5,Asia,0.342804,0,India,"[77.4640000000000,28.6130900000000;77.4686900000000,28.6192000000000]",20795,POINT (77.46634499999999 28.616145)
667,2012-01-23,2021-02-22,69,69,37,52,35,43,0,21,22,19,Asia,0.567017,0,India,"[77.4709200000000,28.6207100000000;77.4778700000000,28.6275300000000]",20796,POINT (77.474395 28.624119999999998)
37,2012-01-27,2012-04-18,12,12,0,0,0,0,0,0,0,0,Asia,0.196915,0,India,"[77.3266100000000,28.7054700000000;77.3299100000000,28.7104700000000]",20797,POINT (77.32826 28.70797)
70,2015-10-30,2021-03-19,0,0,0,1,20,12,0,0,0,3,Asia,0.6082,0,India,"[77.3002300000000,28.7533200000000;77.3083000000000,28.7596400000000]",20798,POINT (77.304265 28.75648)
26,2017-12-17,1899-12-30,0,0,0,0,0,2,0,0,0,0,Asia,0.239615,0,India,"[77.3035700000000,28.7730700000000;77.3083100000000,28.7773100000000]",20799,POINT (77.30593999999999 28.775190000000002)
439,2012-01-27,2021-03-16,17,17,9,6,8,15,0,87,58,54,Asia,0.502609,0,India,"[83.1978900000000,26.7553200000000;83.2038700000000,26.7617600000000]",20800,POINT (83.20088 26.75854)
1736,2012-01-20,2021-01-15,173,173,302,129,63,36,0,10,29,10,Asia,1.70577,0,India,"[77.6849300000000,27.3688700000000;77.7003500000000,27.3779700000000]",20801,POINT (77.69264 27.373420000000003)
102,2015-11-08,2017-02-06,0,0,0,3,12,35,0,0,0,0,Asia,0.589826,0,India,"[78.6349200000000,28.6753400000000;78.6429400000000,28.6814200000000]",20802,POINT (78.63892999999999 28.678379999999997)
91,2013-03-31,2015-02-08,0,0,10,25,0,0,0,0,0,0,Asia,0.282505,0,India,"[78.7804300000000,28.7853300000000;78.7851000000000,28.7903300000000]",20803,POINT (78.782765 28.787829999999996)
47,2016-03-23,2020-03-17,0,0,0,0,5,8,0,12,1,0,Asia,0.331041,0,India,"[78.8519500000000,28.8892300000000;78.8570100000000,28.8946400000000]",20804,POINT (78.85448 28.891935)
30,2016-05-26,1899-12-30,0,0,0,0,0,2,0,0,0,0,Asia,0.337977,1,India,"[78.8900000000000,29.1888800000000;78.8947600000000,29.1947700000000]",20805,POINT (78.89238 29.191825)
26,2015-10-10,2016-01-09,0,0,0,8,4,0,0,0,0,0,Asia,0.162905,1,India,"[79.0277400000000,28.5858800000000;79.0310000000000,28.5899900000000]",20806,POINT (79.02937 28.587935)
23,2015-02-10,2015-03-03,0,0,0,11,0,0,0,0,0,0,Asia,0.220479,1,India,"[79.0267000000000,28.5925500000000;79.0305100000000,28.5973100000000]",20807,POINT (79.028605 28.594929999999994)
139,2015-07-27,1899-12-30,0,0,0,3,5,32,0,0,0,0,Asia,0.59406,0,India,"[78.9561300000000,29.1360600000000;78.9651600000000,29.1415100000000]",20808,POINT (78.960645 29.138785000000002)
688,2012-01-22,2021-06-02,88,88,57,32,24,35,0,14,4,3,Asia,0.730748,0,India,"[77.5174900000000,29.9686000000000;77.5259400000000,29.9759400000000]",20809,POINT (77.521715 29.97227)
157,2012-02-23,2017-03-15,22,22,3,14,17,3,0,0,0,0,Asia,0.292647,0,India,"[77.5596100000000,29.9219600000000;77.5641800000000,29.9273900000000]",20810,POINT (77.56189499999999 29.924675)
130,2012-05-06,1899-12-30,12,12,12,3,11,0,0,0,0,0,Asia,0.509664,0,India,"[82.6909800000000,24.1382400000000;82.6985100000000,24.1433100000000]",20811,POINT (82.694745 24.140775)
164,2012-05-25,2021-01-30,7,7,26,19,0,1,0,0,9,11,Asia,0.640356,0,India,"[82.6736700000000,24.1387800000000;82.6810400000000,24.1452900000000]",20812,POINT (82.677355 24.142035)
28,2012-05-16,2016-06-10,0,0,0,0,0,0,0,0,0,0,Asia,0.276492,0,India,"[82.6731000000000,24.1549600000000;82.6803700000000,24.1578100000000]",20813,POINT (82.67673500000001 24.156385)
571,2012-04-20,2021-01-19,31,31,1,36,12,89,0,18,60,15,Asia,1.54568,0,India,"[82.7182700000000,24.1203300000000;82.7276400000000,24.1326800000000]",20814,POINT (82.722955 24.126505)
33,2013-01-06,2016-05-31,0,0,0,2,9,0,0,0,0,0,Asia,0.317974,0,India,"[82.7112700000000,24.1327600000000;82.7160900000000,24.1377000000000]",20815,POINT (82.71368 24.13523)
65,2013-05-29,2017-04-11,0,0,0,18,12,1,0,0,0,0,Asia,0.216323,0,India,"[82.7560700000000,24.1244800000000;82.7613600000000,24.1275400000000]",20816,POINT (82.758715 24.12601)
55,2017-04-13,2017-04-13,0,0,0,0,0,23,0,0,0,0,Asia,0.57639,0,India,"[82.7509500000000,24.1295200000000;82.7580100000000,24.1356300000000]",20817,POINT (82.75448 24.132575)
782,2012-01-20,2021-04-14,50,50,47,44,54,44,0,62,42,57,Asia,0.468608,0,India,"[83.0361000000000,24.4470100000000;83.0425200000000,24.4524700000000]",20818,POINT (83.03931 24.44974)
171,2012-02-04,2021-02-13,8,8,7,14,12,7,0,2,2,10,Asia,0.203434,0,India,"[83.0119100000000,25.3093100000000;83.0160300000000,25.3130400000000]",20819,POINT (83.01397 25.311175)
69,2012-01-28,2020-04-30,5,5,8,3,3,6,0,2,1,0,Asia,0.298617,1,India,"[78.0123300000000,29.7320200000000;78.0184500000000,29.7361300000000]",20820,POINT (78.01539 29.734075)
86,2014-03-25,2021-05-05,0,0,3,7,11,12,0,4,1,2,Asia,0.396697,0,India,"[77.9418900000000,29.7973100000000;77.9477200000000,29.8030500000000]",20821,POINT (77.944805 29.800179999999994)
1753,2012-02-14,2021-11-09,9,9,69,101,140,144,127,113,91,81,Asia,0.626336,0,India,"[87.0859500000000,23.5610100000000;87.0928700000000,23.5673200000000]",20822,POINT (87.08941 23.564165)
634,2012-04-19,2021-09-09,8,8,53,67,3,17,54,37,20,17,Asia,0.323465,0,India,"[86.8984800000000,23.4285800000000;86.9036600000000,23.4329400000000]",20823,POINT (86.90107 23.43076)
1857,2012-01-27,2021-03-24,78,78,68,121,92,96,0,224,148,56,Asia,1.38145,0,India,"[87.0222500000000,23.8075000000000;87.0343200000000,23.8155100000000]",20824,POINT (87.028285 23.811504999999997)
179,2013-03-26,2020-05-16,0,0,1,0,0,1,0,79,27,0,Asia,0.435946,0,India,"[87.0150200000000,23.8147100000000;87.0212100000000,23.8196400000000]",20825,POINT (87.018115 23.817175)
6232,2012-01-21,2021-03-15,159,159,537,613,683,346,0,275,272,153,Asia,2.11968,0,India,"[87.0343600000000,23.8002900000000;87.0490000000000,23.8104200000000]",20826,POINT (87.04168 23.805355)
149,2018-09-17,2021-09-04,0,0,0,0,0,0,0,55,44,22,Asia,0.151757,0,India,"[87.0543300000000,23.7984800000000;87.0578800000000,23.8014700000000]",20827,POINT (87.056105 23.799975)
113,2018-01-04,2021-01-01,0,0,0,0,0,0,0,59,11,2,Asia,0.213541,0,India,"[87.1066000000000,23.7706200000000;87.1110800000000,23.7739500000000]",20828,POINT (87.10884 23.772285)
163,2018-08-29,2021-03-13,0,0,0,0,0,0,0,77,48,4,Asia,0.291297,1,India,"[87.0799000000000,23.7841900000000;87.0853300000000,23.7879400000000]",20829,POINT (87.082615 23.786065)
75,2018-08-29,2020-01-21,0,0,0,0,0,0,0,41,16,0,Asia,0.203739,0,India,"[87.0795600000000,23.7805600000000;87.0841100000000,23.7836900000000]",20830,POINT (87.081835 23.782125)
163,2016-12-22,2021-02-13,0,0,0,0,1,6,0,61,9,8,Asia,0.309368,0,India,"[87.0754100000000,23.7933500000000;87.0796100000000,23.7985000000000]",20831,POINT (87.07751 23.795925)
5497,2012-01-21,2021-02-22,56,56,93,161,328,345,436,492,493,665,Asia,1.53942,0,India,"[87.1120400000000,23.6896000000000;87.1261200000000,23.6972300000000]",20832,POINT (87.11908000000001 23.693415)
201,2016-12-21,2017-03-12,0,0,0,0,13,86,0,0,0,0,Asia,0.612,0,India,"[87.1142300000000,23.6598700000000;87.1208700000000,23.6663000000000]",20833,POINT (87.11755000000001 23.663085000000002)
1707,2013-02-19,2021-12-18,0,0,23,45,154,106,131,130,187,215,Asia,0.955107,0,India,"[87.1023600000000,23.6905000000000;87.1119800000000,23.6974300000000]",20834,POINT (87.10717 23.693965)
1732,2012-02-12,2021-10-20,6,6,10,13,69,111,153,218,236,220,Asia,0.69772,0,India,"[87.0965600000000,23.6871800000000;87.1040300000000,23.6937000000000]",20835,POINT (87.100295 23.690440000000002)
111,2012-10-12,1899-12-30,29,29,4,0,0,0,0,0,0,0,Asia,0.364613,0,India,"[87.0088300000000,23.6859000000000;87.0136300000000,23.6912100000000]",20836,POINT (87.01123000000001 23.688555)
214,2012-01-20,2012-02-24,70,70,0,0,0,0,0,0,0,0,Asia,0.424624,0,India,"[87.0178800000000,23.6615100000000;87.0235100000000,23.6667800000000]",20837,POINT (87.020695 23.664144999999998)
1548,2012-01-21,2021-01-28,60,60,38,56,75,96,112,136,117,78,Asia,0.627441,0,India,"[87.1435500000000,23.6084800000000;87.1510500000000,23.6143100000000]",20838,POINT (87.1473 23.611394999999998)
766,2012-01-24,2021-11-17,23,23,42,27,26,39,85,42,70,26,Asia,0.253881,0,India,"[87.1495100000000,23.6019000000000;87.1524100000000,23.6080000000000]",20839,POINT (87.15096000000001 23.604950000000002)
4303,2012-01-21,2021-12-01,24,24,148,360,217,170,341,359,344,223,Asia,2.96288,0,India,"[86.9116400000000,23.6597900000000;86.9273500000000,23.6729900000000]",20840,POINT (86.91949500000001 23.66639)
1724,2012-01-20,2021-12-07,170,170,87,51,62,83,93,76,38,17,Asia,1.53614,0,India,"[86.9306200000000,23.6683600000000;86.9416000000000,23.6781500000000]",20841,POINT (86.93611 23.673254999999997)
984,2012-11-13,2021-03-29,2,2,15,78,84,150,69,2,2,18,Asia,0.765553,1,India,"[86.9193900000000,23.6388800000000;86.9275800000000,23.6454200000000]",20842,POINT (86.92348500000001 23.64215)
403,2012-01-20,2014-03-25,110,110,10,0,0,0,0,0,0,0,Asia,0.532117,1,India,"[86.9302100000000,23.7856200000000;86.9360000000000,23.7920600000000]",20843,POINT (86.93310500000001 23.78884)
35,2012-10-14,2014-02-21,9,9,1,0,0,0,0,0,0,0,Asia,0.284787,0,India,"[86.8851200000000,23.8343100000000;86.8892400000000,23.8391600000000]",20844,POINT (86.88718 23.836735)
267,2012-12-16,2021-01-18,3,3,110,6,2,0,0,0,0,4,Asia,0.560317,0,India,"[86.8878300000000,23.8244400000000;86.8933200000000,23.8316000000000]",20845,POINT (86.890575 23.82802)
24838,2012-01-20,2021-10-31,1270,1270,1592,1317,1326,1041,1338,1156,1102,1227,Asia,6.80408,0,India,"[87.2296700000000,23.5445400000000;87.2540700000000,23.5639300000000]",20846,POINT (87.24187 23.554235)
986,2012-10-16,2021-11-26,32,32,82,88,46,47,55,34,31,25,Asia,0.723299,0,India,"[87.2692600000000,23.5124100000000;87.2766600000000,23.5192000000000]",20847,POINT (87.27296 23.515805)
2046,2012-01-29,2021-11-26,34,34,78,119,92,124,174,151,126,110,Asia,1.09973,0,India,"[87.2758300000000,23.5052600000000;87.2842700000000,23.5143100000000]",20848,POINT (87.28005 23.509785)
723,2012-01-20,2015-02-12,123,123,81,51,0,0,0,0,0,0,Asia,0.633102,0,India,"[87.3002200000000,23.5068400000000;87.3057700000000,23.5147600000000]",20849,POINT (87.302995 23.5108)
345,2012-11-28,2021-05-13,1,1,2,19,32,56,28,4,1,2,Asia,0.313543,0,India,"[87.3094200000000,23.5034100000000;87.3149300000000,23.5073600000000]",20850,POINT (87.312175 23.505385)
356,2017-03-28,2021-12-01,0,0,0,0,0,73,47,0,0,20,Asia,0.316107,1,India,"[87.2226300000000,23.6765400000000;87.2280800000000,23.6805800000000]",20851,POINT (87.22535500000001 23.678559999999997)
286,2016-04-24,2021-03-11,0,0,0,0,10,0,38,87,22,3,Asia,0.468859,1,India,"[87.2013700000000,23.6618400000000;87.2087100000000,23.6662900000000]",20852,POINT (87.20504 23.664065)
123,2016-06-18,2021-02-04,0,0,0,0,4,40,4,8,4,4,Asia,0.345836,0,India,"[87.2479200000000,23.7103400000000;87.2529700000000,23.7151100000000]",20853,POINT (87.250445 23.712725)
115,2016-03-10,2017-02-08,0,0,0,0,54,1,0,0,0,0,Asia,0.302471,0,India,"[87.2464900000000,23.7020900000000;87.2511200000000,23.7066400000000]",20854,POINT (87.248805 23.704364999999996)
1092,2012-01-25,2021-11-15,39,39,36,42,37,48,80,66,69,53,Asia,0.363192,0,India,"[87.1513100000000,23.6022800000000;87.1560400000000,23.6076300000000]",20855,POINT (87.153675 23.604955)
380,2016-03-24,2021-04-23,0,0,0,0,49,133,0,3,11,1,Asia,0.671741,1,India,"[87.1602400000000,23.6160900000000;87.1684800000000,23.6217700000000]",20856,POINT (87.16436 23.61893)
250,2014-03-30,2021-07-05,0,0,0,0,0,49,27,5,35,1,Asia,0.753521,0,India,"[87.4054200000000,23.5673700000000;87.4150800000000,23.5727800000000]",20857,POINT (87.41024999999999 23.570075000000006)
819,2015-09-17,2021-01-18,0,0,0,12,40,87,103,12,81,35,Asia,0.827379,0,India,"[87.3462200000000,23.6255000000000;87.3543500000000,23.6325700000000]",20858,POINT (87.350285 23.629035)
535,2012-10-18,2021-11-09,4,4,1,30,42,39,37,34,56,51,Asia,0.39025,1,India,"[87.3528100000000,23.4804000000000;87.3590600000000,23.4847300000000]",20859,POINT (87.355935 23.482565)
1141,2012-08-31,2021-05-13,18,18,22,19,56,86,109,85,80,84,Asia,0.456884,0,India,"[87.3591700000000,23.4801400000000;87.3655700000000,23.4850900000000]",20860,POINT (87.36237 23.482615)
186,2012-01-31,2021-10-11,3,3,6,4,9,13,17,17,8,16,Asia,0.267295,0,India,"[87.3667300000000,23.4849800000000;87.3710300000000,23.4892900000000]",20861,POINT (87.36888 23.487135000000002)
140,2013-02-13,2021-01-04,0,0,4,4,8,10,16,9,9,2,Asia,0.176261,0,India,"[88.0022100000000,22.4740000000000;88.0055300000000,22.4776000000000]",20862,POINT (88.00387 22.4758)
5155,2012-01-22,2021-11-04,133,133,205,218,285,285,350,443,350,395,Asia,0.86846,0,India,"[87.0142200000000,22.3617000000000;87.0217900000000,22.3696000000000]",20863,POINT (87.018005 22.36565)
548,2012-04-21,2021-02-13,1,1,10,1,13,29,42,68,107,93,Asia,0.6953,0,India,"[87.2857100000000,22.3566600000000;87.2937200000000,22.3626100000000]",20864,POINT (87.289715 22.359635)
3566,2012-01-31,2021-11-10,87,87,63,73,139,177,292,354,410,433,Asia,1.48963,0,India,"[87.2764300000000,22.3711700000000;87.2851900000000,22.3828300000000]",20865,POINT (87.28081 22.377)
356,2012-03-03,2021-02-24,7,7,32,21,13,10,20,25,23,16,Asia,0.379344,0,India,"[87.2832300000000,22.3853500000000;87.2888000000000,22.3900200000000]",20866,POINT (87.28601499999999 22.387684999999998)
236,2016-10-24,2021-03-07,0,0,0,0,13,17,32,9,13,26,Asia,0.358757,0,India,"[87.2872800000000,22.3780600000000;87.2934600000000,22.3820400000000]",20867,POINT (87.29037 22.38005)
1676,2012-01-20,2021-02-28,160,160,99,85,60,46,66,80,64,127,Asia,0.859359,0,India,"[87.3860500000000,22.2398700000000;87.3920800000000,22.2496100000000]",20868,POINT (87.389065 22.24474)
884,2012-01-20,2021-10-08,47,47,35,46,45,40,69,53,33,32,Asia,0.645625,0,India,"[88.1083800000000,22.0842700000000;88.1147500000000,22.0911000000000]",20869,POINT (88.111565 22.087685)
12774,2012-01-20,2021-01-10,563,563,685,646,631,744,793,683,566,591,Asia,4.9738,0,India,"[88.1143800000000,22.0490700000000;88.1311300000000,22.0690700000000]",20870,POINT (88.122755 22.059070000000002)
2096,2012-01-20,2021-01-26,165,165,101,49,59,72,111,91,139,140,Asia,1.02413,0,India,"[88.1000800000000,22.0463400000000;88.1086400000000,22.0544000000000]",20871,POINT (88.10436 22.05037)
137,2012-02-24,2021-02-05,8,8,10,3,1,6,8,3,14,8,Asia,0.436667,0,India,"[88.0944600000000,22.0495400000000;88.0999800000000,22.0548700000000]",20872,POINT (88.09722 22.052205)
566,2012-02-17,2020-04-03,34,34,22,31,7,34,7,19,52,0,Asia,2.36775,0,India,"[88.0893400000000,22.0290700000000;88.0987900000000,22.0459500000000]",20873,POINT (88.094065 22.03751)
704,2015-12-26,2021-01-09,0,0,0,4,16,76,79,77,66,49,Asia,0.502751,0,India,"[86.5425000000000,23.5453900000000;86.5491700000000,23.5506900000000]",20874,POINT (86.54583500000001 23.54804)
529,2012-10-23,2021-11-10,4,4,11,15,41,48,17,34,76,102,Asia,0.489318,0,India,"[86.7847200000000,23.6114800000000;86.7897200000000,23.6183400000000]",20875,POINT (86.78721999999999 23.614910000000002)
1142,2012-02-04,2021-11-05,4,4,65,78,98,67,86,43,48,61,Asia,0.758645,0,India,"[86.8587300000000,23.6127900000000;86.8644600000000,23.6220600000000]",20876,POINT (86.861595 23.617425)
41,2018-03-29,2020-03-03,0,0,0,0,0,0,6,18,5,0,Asia,0.23205,0,India,"[69.8522984640023,22.3142149871395;69.8557724770708,22.3199153274622]",20878,POINT (69.85403547053664 22.317065157300828)
4,2019-01-06,2021-03-31,0,0,0,0,0,0,0,2,1,1,Asia,0.711474,0,India,"[69.8772915180983,22.3115587597499;69.8877937807781,22.3175074122645]",20879,POINT (69.88254264943818 22.314533086007227)
270,2012-03-01,2021-11-26,1,1,0,13,24,21,36,52,21,29,Asia,2.25193,0,India,"[69.8692593083731,22.3180410312897;69.8868192383062,22.3289106666368]",20880,POINT (69.87803927333961 22.32347584896326)
312,2019-04-19,2021-03-23,0,0,0,0,0,0,0,40,169,103,Asia,0.857146,0,India,"[71.7453327957621,25.2979346601357;71.7577217037974,25.3042402318010]",20881,POINT (71.75152724977976 25.30108744596842)
3,2019-02-24,2019-04-18,0,0,0,0,0,0,0,3,0,0,Asia,0.667613,0,India,"[72.7822860910351,21.8803160474271;72.7907263559835,21.8896532178629]",20882,POINT (72.78650622350935 21.884984632645)
102,1899-12-30,2021-11-25,10,10,1,5,2,2,4,34,24,2,Asia,0.763776,0,India,"[73.0189016561491,18.6993833882852;73.0280102824592,18.7091964063203]",20884,POINT (73.02345596930415 18.704289897302694)
0,,,0,0,0,0,0,0,0,0,0,0,Asia,0.66202,0,India,"[73.2018281184264,17.2942876508102;73.2119502806469,17.3046857692677]",20885,POINT (73.2068891995366 17.299486710038952)
0,,,0,0,0,0,0,0,0,0,0,0,Asia,0.476791,0,India,"[73.2076697036115,17.2904845296063;73.2166010794563,17.2992021115186]",20886,POINT (73.21213539153389 17.294843320562478)
0,,,0,0,0,0,0,0,0,0,0,0,Asia,0.068524,0,India,"[73.9869505565398,15.6570611715370;73.9895614115579,15.6591980047704]",20887,POINT (73.9882559840488 15.658129588153749)
123,2014-01-07,2021-12-12,0,0,11,7,19,13,11,20,14,6,Asia,1.26495,0,India,"[74.3486372356219,21.0844144640458;74.3605231074584,21.0931544290744]",20888,POINT (74.35458017154016 21.088784446560112)
10,2019-05-21,2020-01-19,0,0,0,0,0,0,0,9,1,0,Asia,0.410909,0,India,"[76.6864193418905,12.1519363660681;76.6925807368398,12.1569168683331]",20889,POINT (76.6895000393652 12.154426617200617)
134,1899-12-30,2021-01-02,0,0,5,4,10,8,23,18,12,8,Asia,0.743824,0,India,"[76.8912551662476,15.0122204826436;76.9013201716865,15.0181121097802]",20890,POINT (76.89628766896705 15.015166296211941)
20,2019-05-27,2021-02-05,0,0,0,0,0,0,0,15,3,2,Asia,0.506231,0,India,"[76.9264399084939,28.7374721299269;76.9341408645706,28.7431090056083]",20891,POINT (76.93029038653229 28.74029056776766)
12,2012-07-07,2019-03-24,3,3,0,0,0,0,0,6,0,0,Asia,0.646999,0,India,"[76.9964916454013,10.9518140926328;77.0030249815111,10.9592083755189]",20892,POINT (76.99975831345618 10.955511234075786)
156,2012-04-07,2021-03-31,19,19,12,5,5,26,0,36,28,6,Asia,0.945664,0,India,"[77.0672590610755,28.7913722985303;77.0774153339888,28.7996518034671]",20893,POINT (77.07233719753206 28.79551205099875)
8,1899-12-30,2021-09-12,0,0,0,1,0,1,1,1,1,1,Asia,0.0895,0,India,"[78.1514595393952,8.87076404275877;78.1548166528793,8.87282932738918]",20894,POINT (78.15313809613728 8.871796685073974)
21,2016-05-26,2021-03-30,0,0,0,0,1,1,0,13,0,6,Asia,0.315088,0,India,"[79.2536734372021,20.8584237898014;79.2581108414161,20.8639745950176]",20895,POINT (79.25589213930911 20.8611991924095)
101,2012-07-05,2021-06-04,7,7,3,9,6,6,13,22,0,2,Asia,0.883287,0,India,"[80.0710712923722,13.3895115560932;80.0808162975823,13.3960505615057]",20896,POINT (80.07594379497728 13.392781058799514)
326,2012-04-28,2020-05-31,104,104,0,0,27,5,0,85,1,0,Asia,1.25262,0,India,"[80.3196973429435,13.2395302826865;80.3298597604584,13.2484789848213]",20897,POINT (80.32477855170094 13.244004633753843)
10,2019-03-03,2021-12-16,0,0,0,0,0,0,0,3,6,1,Asia,0.726719,0,India,"[80.3372075198954,13.2880666614442;80.3460767290355,13.2942195880748]",20898,POINT (80.34164212446547 13.29114312475949)
2,2019-02-08,2019-02-07,0,0,0,0,0,0,0,2,0,0,Asia,0.222048,0,India,"[80.5028909867637,16.4653611332431;80.5065286486183,16.4700915000038]",20899,POINT (80.50470981769097 16.467726316623487)
366,1899-12-30,2021-01-22,20,20,26,47,19,25,24,57,35,45,Asia,1.20884,0,India,"[81.6021179352836,21.2953351399730;81.6124047516656,21.3043819350496]",20900,POINT (81.60726134347455 21.299858537511298)
104,1899-12-30,2021-01-09,0,0,1,0,3,8,2,18,43,25,Asia,0.356362,0,India,"[81.7466043330435,21.5538175649828;81.7515899090599,21.5593038815024]",20901,POINT (81.74909712105169 21.55656072324257)
26,2017-02-10,2019-03-30,0,0,0,0,0,2,0,24,0,0,Asia,1.07175,0,India,"[82.5502818810639,22.3862052137397;82.5600691932829,22.3943666798933]",20902,POINT (82.55517553717338 22.39028594681648)
82,2012-02-26,2021-10-21,10,10,0,0,0,2,2,1,36,17,Asia,0.42283,0,India,"[82.5664253638623,22.3222097854658;82.5735079595071,22.3267957924971]",20903,POINT (82.56996666168476 22.32450278898146)
81,2012-05-05,2021-06-06,3,3,0,0,0,0,0,31,32,12,Asia,0.963991,0,India,"[82.5665206025128,22.3273563027257;82.5749570895047,22.3369336332743]",20904,POINT (82.57073884600868 22.33214496799997)
24,2019-04-19,2021-05-30,0,0,0,0,0,0,0,16,7,1,Asia,0.485726,0,India,"[82.5740799122220,24.1848306109052;82.5797143707467,24.1916789423751]",20905,POINT (82.57689714148441 24.188254776640125)
54,2014-02-08,2021-05-05,0,0,6,0,0,0,0,1,1,46,Asia,0.707367,0,India,"[82.5995387984802,24.1522677696123;82.6103058595317,24.1585715832690]",20906,POINT (82.60492232900592 24.15541967644067)
75,1899-12-30,2021-04-20,0,0,11,8,1,1,0,6,12,36,Asia,0.467871,0,India,"[82.6171711215556,24.1534551620742;82.6274436623020,24.1601288178657]",20907,POINT (82.6223073919288 24.156791989969946)
57,1899-12-30,2021-03-05,0,0,0,5,5,8,0,25,9,5,Asia,0.376623,0,India,"[82.6330446541695,24.1388082033163;82.6415188302494,24.1440516114201]",20908,POINT (82.63728174220941 24.141429907368185)
72,2014-04-04,2021-12-03,0,0,2,2,7,2,0,46,8,5,Asia,0.403964,0,India,"[82.7182664447214,24.1312534929691;82.7258947099551,24.1392650934031]",20909,POINT (82.7220805773383 24.13525929318611)
251,2012-05-21,2021-04-19,2,2,0,0,0,22,0,35,153,37,Asia,0.880092,0,India,"[82.7585777427208,24.1404595534156;82.7675342398766,24.1493880568258]",20910,POINT (82.76305599129866 24.144923805120712)
9,2019-03-20,2021-12-30,0,0,0,0,0,0,0,8,0,1,Asia,0.362274,0,India,"[82.7626856621889,24.1588500271792;82.7683398202927,24.1652325415700]",20911,POINT (82.76551274124074 24.162041284374627)
19,2012-05-14,2020-12-21,1,1,1,2,0,3,2,3,2,0,Asia,0.197924,0,India,"[83.1829855394135,17.6033465562799;83.1875842909719,17.6084148082223]",20912,POINT (83.18528491519267 17.605880682251083)
77,2017-03-12,2021-07-12,0,0,0,0,0,2,11,30,7,5,Asia,0.420109,0,India,"[83.3277967620420,22.0090638196423;83.3330624096359,22.0149172525829]",20913,POINT (83.33042958583893 22.011990536112634)
56,2012-02-05,2021-12-06,1,1,4,0,0,3,2,22,14,5,Asia,0.266746,0,India,"[83.4970323258980,21.9412764818262;83.5026271247523,21.9449007800888]",20914,POINT (83.49982972532517 21.943088630957508)
393,2014-01-14,2019-06-06,0,0,18,81,34,145,25,40,0,0,Asia,3.06953,0,India,"[83.5048672751595,22.1286131578059;83.5256841756134,22.1402839179228]",20915,POINT (83.5152757253865 22.134448537864387)
181,2015-05-19,2021-03-23,0,0,0,17,0,113,4,30,1,8,Asia,1.26894,0,India,"[83.5135363403211,22.1153556509325;83.5262783540074,22.1237114787098]",20916,POINT (83.51990734716425 22.11953356482107)
29,2019-05-18,2020-02-15,0,0,0,0,0,0,0,12,17,0,Asia,0.665436,0,India,"[83.5364499559489,22.1040495212351;83.5448375559946,22.1110195763861]",20917,POINT (83.54064375597171 22.107534548810644)
166,1899-12-30,2021-12-01,0,0,0,0,2,18,22,30,21,29,Asia,1.06585,0,India,"[84.0275182932277,21.6917689449566;84.0365356102433,21.7003825937978]",20918,POINT (84.03202695173552 21.69607576937723)
2638,2012-02-09,2021-01-11,29,29,80,105,104,156,312,380,437,382,Asia,1.119,0,India,"[84.0353702291446,21.6735191733353;84.0470593313359,21.6850751037165]",20919,POINT (84.04121478024024 21.67929713852589)
112,2017-03-16,2021-01-22,0,0,0,0,0,1,2,33,24,48,Asia,0.374908,0,India,"[85.0315633663360,21.0675946226850;85.0387202831919,21.0714571083024]",20920,POINT (85.03514182476403 21.069525865493667)
48,2015-04-20,2019-05-22,0,0,0,2,0,0,6,28,0,0,Asia,0.761087,0,India,"[85.0849498416578,20.9632444958926;85.0928371090799,20.9700236171614]",20921,POINT (85.0888934753688 20.966634056526967)
36,2019-06-23,2021-02-23,0,0,0,0,0,0,0,18,6,12,Asia,1.55114,0,India,"[85.2226005705180,23.8757262082350;85.2344502863272,23.8866201202241]",20922,POINT (85.2285254284226 23.88117316422947)
280,1899-12-30,2021-12-25,0,0,0,0,0,0,4,107,66,95,Asia,0.713194,0,India,"[85.2823448117453,23.7091456460847;85.2908393432509,23.7157500000000]",20923,POINT (85.2865920774981 23.71244782304236)
322,2012-04-15,2021-02-27,11,11,0,0,2,1,14,76,80,99,Asia,0.448924,0,India,"[85.3226459417872,21.9895288057350;85.3291109688660,21.9946496189953]",20924,POINT (85.3258784553266 21.99208921236513)
159,2012-04-23,2021-02-13,1,1,3,3,14,5,11,31,29,39,Asia,0.229313,0,India,"[85.4004613369094,23.7079551223229;85.4052855344140,23.7114209124106]",20925,POINT (85.40287343566169 23.709688017366705)
53,1899-12-30,2021-02-13,0,0,0,2,2,0,1,16,15,15,Asia,0.210324,0,India,"[85.4250161201497,23.7078638513219;85.4300491043491,23.7110080762496]",20926,POINT (85.42753261224937 23.70943596378578)
84,2014-01-31,2021-11-17,0,0,6,4,0,2,0,18,36,18,Asia,0.353031,0,India,"[85.5769210474255,21.7596097211086;85.5821975362341,21.7683478048059]",20927,POINT (85.57955929182977 21.76397876295726)
92,2018-06-29,2021-04-04,0,0,0,0,0,0,1,15,39,35,Asia,0.441739,0,India,"[85.9036111485137,22.5885948735341;85.9085717174132,22.5953440024430]",20928,POINT (85.90609143296352 22.59196943798851)
61,2012-01-27,2019-01-31,4,4,5,3,1,1,7,22,0,0,Asia,2.75677,0,India,"[86.0085857989054,20.9936893790193;86.0304292509388,21.0023982063007]",20929,POINT (86.01950752492209 20.998043792659956)
281,1899-12-30,2021-12-23,0,0,0,0,0,0,0,44,79,158,Asia,0.861051,0,India,"[86.7879668939627,23.6093659416124;86.7946591280416,23.6194609955637]",20930,POINT (86.79131301100223 23.614413468588076)
62,1899-12-30,2021-02-07,0,0,0,0,0,0,0,45,13,4,Asia,2.86914,0,India,"[87.0281381096037,23.7987773919593;87.0443995260579,23.8117157111786]",20931,POINT (87.0362688178308 23.805246551569)
629,1899-12-30,2021-12-10,0,0,0,0,0,0,0,105,293,231,Asia,0.478862,0,India,"[87.0457899039863,23.7975824370441;87.0537599015494,23.8027250383387]",20932,POINT (87.0497749027678 23.800153737691367)
110,2015-04-19,2019-03-28,0,0,0,1,1,0,25,33,0,0,Asia,1.25709,0,India,"[88.0801940141701,22.0285323832938;88.0879287045755,22.0461403947370]",20933,POINT (88.08406135937278 22.03733638901536)
2,1899-12-30,1899-12-30,1,1,0,0,0,0,0,0,0,0,Asia,0.109741,0,India,"[95.4350828639402,27.3930526300427;95.4381954883539,27.3968041559499]",20934,POINT (95.43663917614708 27.394928392996274)
73,2012-02-13,2021-12-18,1,1,0,0,1,2,1,8,24,33,Asia,0.953496,0,India,"[72.5317465257421,21.6791556039153;72.5394083901808,21.6894859239636]",20935,POINT (72.53557745796142 21.684320763939397)
45,2016-04-11,2020-05-09,0,0,0,0,1,1,7,0,22,0,Asia,0.132823,0,India,"[73.0393361609261,18.4846290792422;73.0437503493309,18.4872426149518]",20936,POINT (73.04154325512852 18.485935847096954)
49,2020-12-14,2021-05-20,0,0,0,0,0,0,0,0,14,35,Asia,0.30386,0,India,"[73.2194672742535,27.8237746349267;73.2261692198023,27.8278304136361]",20937,POINT (73.22281824702786 27.82580252428136)
65,1899-12-30,2021-02-06,6,6,3,4,1,4,0,9,17,15,Asia,2.27854,0,India,"[74.1148823502151,24.9577021114922;74.1325855400986,24.9693328682362]",20938,POINT (74.12373394515677 24.963517489864202)
5,1899-12-30,2020-11-02,0,0,0,1,0,1,0,0,3,0,Asia,0.208479,0,India,"[74.7703661252414,30.3702443630531;74.7745806849714,30.3747003747810]",20939,POINT (74.77247340510642 30.372472368917105)
4,2017-05-06,2021-11-10,0,0,0,0,0,1,0,0,1,2,Asia,0.118071,0,India,"[74.8932870272892,30.5846447632538;74.8977723684811,30.5869630761396]",20940,POINT (74.89552969788521 30.58580391969669)
17,1899-12-30,2020-11-04,1,1,3,1,3,2,0,5,1,0,Asia,0.232824,0,India,"[74.9196469177581,30.5899959659170;74.9259654734914,30.5935235862353]",20941,POINT (74.92280619562472 30.591759776076167)
1,1899-12-30,1899-12-30,0,0,0,1,0,0,0,0,0,0,Asia,0.097012,0,India,"[75.0181209406408,31.0490920736553;75.0216105416974,31.0515355195081]",20942,POINT (75.01986574116913 31.05031379658172)
53,1899-12-30,2021-12-20,0,0,0,0,0,0,4,15,16,10,Asia,0.785852,0,India,"[75.1278736777118,22.2619359968099;75.1371614072413,22.2690242712835]",20943,POINT (75.13251754247653 22.265480134046754)
0,,,0,0,0,0,0,0,0,0,0,0,Asia,0.137256,0,India,"[75.2015217925274,30.2412642719304;75.2059458718415,30.2440783007239]",20944,POINT (75.20373383218447 30.242671286327102)
3,2016-05-09,2020-11-01,0,0,0,0,1,0,0,0,2,0,Asia,0.225393,0,India,"[75.6909088498883,30.6437750172485;75.6965564124522,30.6476164415116]",20945,POINT (75.69373263117029 30.64569572937999)
2,1899-12-30,2021-11-11,0,0,0,1,0,0,0,0,0,1,Asia,0.271766,0,India,"[75.7012297620012,30.6528815300019;75.7073164848030,30.6568071096468]",20946,POINT (75.7042731234021 30.65484431982432)
4,2017-07-05,2020-10-26,0,0,0,0,0,1,0,0,3,0,Asia,0.189621,0,India,"[76.1263549030119,33.2806857632754;76.1335956516268,33.2851165250746]",20947,POINT (76.12997527731932 33.28290114417496)
86,2017-01-05,2021-12-29,0,0,0,0,0,1,0,0,34,51,Asia,0.829416,0,India,"[76.2731121329132,15.3322582902019;76.2843999799401,15.3410666635857]",20948,POINT (76.2787560564266 15.3366624768938)
71,2020-12-03,2021-04-09,0,0,0,0,0,0,0,0,41,30,Asia,0.643038,0,India,"[76.3780008749513,15.1890632008078;76.3825218348767,15.2024926325460]",20949,POINT (76.380261354914 15.195777916676981)
0,,,0,0,0,0,0,0,0,0,0,0,Asia,0.052533,0,India,"[76.9316858899332,28.7412488836333;76.9341069889101,28.7431090056083]",20950,POINT (76.93289643942167 28.742178944620797)
5,2015-04-20,2021-04-09,0,0,0,1,0,0,0,0,2,2,Asia,0.171583,0,India,"[77.0055628867178,25.1879909442392;77.0111288924744,25.1905495890215]",20951,POINT (77.00834588959601 25.189270266630363)
84,2017-02-24,2021-01-11,0,0,0,0,0,2,0,11,67,4,Asia,1.79619,0,India,"[77.1258779007402,28.7610024196749;77.1414633703284,28.7707844713129]",20952,POINT (77.13367063553432 28.765893445493816)
56,1899-12-30,2021-02-06,0,0,0,5,6,1,3,11,16,8,Asia,1.63716,0,India,"[77.1270850645912,17.1010563949386;77.1397057257660,17.1142476157297]",20953,POINT (77.1333953951786 17.107652005334142)
40,1899-12-30,2021-11-12,0,0,0,0,0,0,0,5,14,21,Asia,0.519401,0,India,"[77.2589023470608,28.3475578620191;77.2676825581723,28.3526631659848]",20954,POINT (77.26329245261655 28.350110514001926)
4,2015-04-02,2020-04-07,0,0,0,1,0,0,0,1,2,0,Asia,0.278824,0,India,"[77.5075758530278,22.6735243038764;77.5119450600870,22.6789114007420]",20955,POINT (77.50976045655744 22.676217852309147)
38,2012-01-27,2021-03-28,2,2,0,2,1,0,0,1,29,1,Asia,0.575727,0,India,"[77.5213371016509,28.6855923512038;77.5321636492274,28.6910246681477]",20956,POINT (77.52675037543908 28.688308509675743)
71,2015-03-05,2021-05-04,0,0,0,1,10,5,5,10,18,12,Asia,1.47776,0,India,"[77.6505446515236,22.7571832105948;77.6653634405940,22.7658920378761]",20957,POINT (77.65795404605878 22.761537624235416)
29,2020-12-16,2021-01-23,0,0,0,0,0,0,0,0,20,9,Asia,0.750947,0,India,"[77.6632345832588,28.4594927790637;77.6727105667881,28.4665075286954]",20958,POINT (77.66797257502347 28.4630001538796)
276,2012-01-21,2021-04-03,4,4,0,0,0,0,0,0,161,107,Asia,1.39748,0,India,"[79.0228513519475,20.1130330454177;79.0381379786197,20.1273764197502]",20959,POINT (79.03049466528356 20.120204732583954)
80,2012-06-28,2021-03-11,7,7,7,4,0,5,0,1,27,22,Asia,0.452688,0,India,"[79.2301801952418,21.2375805024257;79.2371555150305,21.2430247092069]",20960,POINT (79.23366785513618 21.24030260581627)
42,2018-05-12,2021-04-27,0,0,0,0,0,0,2,10,18,8,Asia,0.359455,0,India,"[79.2485618486335,20.8714946994670;79.2550940055390,20.8777065746794]",20961,POINT (79.25182792708628 20.87460063707322)
105,2012-05-30,2021-02-25,3,3,0,2,0,0,0,0,19,78,Asia,0.719548,0,India,"[79.5035912476845,18.7182066718906;79.5141508965677,18.7259603406931]",20962,POINT (79.50887107212614 18.72208350629183)
368,2015-01-06,2021-01-31,0,0,0,5,3,3,84,0,15,90,Asia,0.597047,0,India,"[79.5280836752824,18.7230082816034;79.5366759469719,18.7283612641858]",20963,POINT (79.53237981112704 18.725684772894606)
90,2012-04-13,2020-05-25,32,32,4,1,0,0,0,0,21,0,Asia,0.768868,0,India,"[80.1206186257550,14.2641414998606;80.1280554927635,14.2718511219275]",20964,POINT (80.12433705925922 14.267996310893992)
62,2020-12-25,2021-06-09,0,0,0,0,0,0,0,0,34,28,Asia,0.321027,0,India,"[80.1301610615367,14.2673687041237;80.1343880335747,14.2748247692921]",20965,POINT (80.13227454755567 14.271096736707914)
236,2018-07-02,2021-10-21,0,0,0,0,0,0,1,20,149,64,Asia,0.409119,0,India,"[80.3140773905287,17.5790050946203;80.3222084906748,17.5832245760157]",20966,POINT (80.31814294060176 17.58111483531798)
31,2012-02-09,2021-12-05,1,1,0,0,0,0,0,14,12,3,Asia,0.628351,0,India,"[80.7591498508877,17.9500609071077;80.7679909133711,17.9590111403577]",20967,POINT (80.76357038212939 17.954536023732697)
90,2012-02-29,2021-01-01,4,4,4,0,2,6,5,10,27,18,Asia,0.940317,0,India,"[81.6135799781811,21.2966135036968;81.6231004020114,21.3044658620381]",20968,POINT (81.61834019009623 21.3005396828674)
14,2012-02-26,2021-03-17,1,1,0,1,5,1,0,0,1,4,Asia,0.083837,0,India,"[81.9874265450471,16.8741757169545;81.9899267021793,16.8767946966483]",20969,POINT (81.98867662361316 16.875485206801457)
34,1899-12-30,2021-02-22,0,0,0,0,0,0,0,5,15,14,Asia,0.350417,0,India,"[82.5552953092638,22.3189509570306;82.5632300481523,22.3235029417015]",20970,POINT (82.55926267870804 22.321226949366036)
244,2012-04-17,2021-03-16,28,28,3,11,13,8,0,24,47,82,Asia,0.42373,0,India,"[82.5984433716318,24.1435134085414;82.6067338334731,24.1478903732428]",20971,POINT (82.60258860255243 24.1457018908921)
25,2017-06-17,2021-05-29,0,0,0,0,0,1,0,2,10,12,Asia,0.549487,0,India,"[82.6127008571023,24.1581503974908;82.6206337389820,24.1635711691575]",20972,POINT (82.61666729804213 24.160860783324168)
130,2015-02-23,2021-02-11,0,0,0,1,0,3,0,22,32,72,Asia,0.502102,0,India,"[82.6475291447833,22.3317364626038;82.6558417111480,22.3377863093191]",20973,POINT (82.65168542796566 22.334761385961414)
0,,,0,0,0,0,0,0,0,0,0,0,Asia,0.104102,0,India,"[82.6627562496995,24.1503272794827;82.6660269435619,24.1537697535307]",20974,POINT (82.6643915966307 24.152048516506675)
63,1899-12-30,2021-06-08,0,0,0,1,0,8,0,13,37,4,Asia,1.6242,0,India,"[82.6539661570923,24.1713927386840;82.6732383207856,24.1840799481176]",20975,POINT (82.66360223893892 24.177736343400795)
12,2020-03-26,2021-09-21,0,0,0,0,0,0,0,0,5,7,Asia,0.361051,0,India,"[82.6733459353168,24.1635628455705;82.6801822069916,24.1721936888289]",20976,POINT (82.67676407115414 24.1678782671998)
42,1899-12-30,2021-01-19,0,0,0,0,0,0,0,7,26,9,Asia,0.466306,0,India,"[82.7264306440259,24.1284528511917;82.7377883423910,24.1326800000001]",20977,POINT (82.73210949320847 24.1305664255959)
45,1899-12-30,2021-12-19,3,3,0,0,0,8,2,4,17,4,Asia,1.05883,0,India,"[83.1131818983550,22.0972045935596;83.1231889578904,22.1051244565404]",20978,POINT (83.11818542812271 22.101164525049953)
10,2019-05-13,2021-10-20,0,0,0,0,0,0,0,2,5,3,Asia,0.146378,0,India,"[83.1782529875481,17.5969540933430;83.1828704260278,17.6008514351988]",20979,POINT (83.180561706788 17.598902764270917)
159,2015-06-04,2021-04-06,0,0,0,5,1,0,41,0,18,12,Asia,1.48482,0,India,"[83.2789014349189,22.2880414042550;83.2920045009240,22.2989869248819]",20980,POINT (83.28545296792147 22.29351416456841)
54,2019-02-03,2021-03-15,0,0,0,0,0,0,0,6,23,25,Asia,0.725713,0,India,"[83.3631700899073,22.0259576707592;83.3715538631942,22.0334660782656]",20981,POINT (83.36736197655078 22.02971187451242)
248,2012-03-03,2021-01-14,7,7,1,8,4,2,0,35,67,117,Asia,1.01762,0,India,"[84.8375329311812,23.7998497580987;84.8497600000000,23.8118459120498]",20982,POINT (84.84364646559061 23.805847835074292)
77,1899-12-30,2021-12-22,0,0,1,5,7,3,5,8,13,25,Asia,0.236458,0,India,"[84.9782681687250,20.8796281139131;84.9824602469120,20.8836509314077]",20983,POINT (84.98036420781848 20.88163952266039)
3,2016-04-10,2020-07-16,0,0,0,0,1,0,0,0,2,0,Asia,0.222264,0,India,"[85.0001696094694,23.6928500000001;85.0059232475633,23.6974558420426]",20984,POINT (85.00304642851638 23.695152921021407)
78,2014-04-10,2021-10-11,0,0,1,0,0,0,0,0,16,61,Asia,0.274884,0,India,"[85.1693196456550,20.9688980534943;85.1747444264221,20.9729344763373]",20985,POINT (85.17203203603854 20.97091626491581)
139,2014-02-24,2021-11-27,0,0,1,0,3,1,3,12,33,80,Asia,0.217467,0,India,"[85.3817868760819,22.1317255612510;85.3858701301595,22.1357658671715]",20986,POINT (85.3838285031207 22.13374571421129)
80,2015-03-21,2021-01-20,0,0,0,1,11,0,5,13,18,22,Asia,0.174557,0,India,"[85.3960182631745,23.6396401388877;85.4002884496030,23.6428042628777]",20987,POINT (85.39815335638872 23.64122220088268)
40,2019-03-12,2021-03-02,0,0,0,0,0,0,0,4,16,20,Asia,0.439943,0,India,"[85.4326125668052,21.6813706464192;85.4393899202124,21.6865491930782]",20988,POINT (85.43600124350883 21.683959919748688)
97,2018-03-09,2021-10-29,0,0,0,0,0,0,8,6,28,39,Asia,0.414154,0,India,"[85.5227383392787,23.7201407884775;85.5299283027634,23.7265286023294]",20989,POINT (85.52633332102106 23.723334695403498)
0,,,0,0,0,0,0,0,0,0,0,0,Asia,0.159601,0,India,"[85.5665374970678,23.7932350531652;85.5719709792204,23.7975300000001]",20990,POINT (85.56925423814414 23.79538252658264)
26,2020-12-13,2021-12-14,0,0,0,0,0,0,0,0,17,9,Asia,0.33589,0,India,"[85.5645724425518,23.6460782858719;85.5708256071914,23.6513550396978]",20991,POINT (85.56769902487159 23.64871666278486)
44,2016-01-04,2021-02-07,0,0,0,0,2,4,0,8,22,8,Asia,0.20887,0,India,"[85.9094013445052,23.7686149981162;85.9163475389488,23.7714683177696]",20992,POINT (85.912874441727 23.770041657942883)
62,1899-12-30,2021-11-09,0,0,0,0,1,0,5,16,12,18,Asia,0.289219,0,India,"[86.0693021886783,23.6756630246724;86.0740183453764,23.6802254957087]",20993,POINT (86.07166026702731 23.677944260190532)
9,2020-11-28,2021-08-21,0,0,0,0,0,0,0,0,7,2,Asia,0.202348,0,India,"[86.1933672321308,23.7794171611371;86.2016173523507,23.7813758878507]",20994,POINT (86.19749229224072 23.780396524493952)
68,1899-12-30,2021-11-19,0,0,0,0,0,0,0,2,17,49,Asia,0.297957,0,India,"[86.2004799272986,23.7709308938573;86.2078059437719,23.7745083804809]",20995,POINT (86.20414293553527 23.77271963716909)
9,1899-12-30,2021-03-13,0,0,0,0,0,0,0,2,5,2,Asia,0.554185,0,India,"[87.0744569238784,23.7856855258181;87.0829960438808,23.7914740044044]",20996,POINT (87.07872648387965 23.78857976511129)
113,2019-04-21,2021-11-06,0,0,0,0,0,0,0,3,16,94,Asia,0.194266,0,India,"[87.1197543324578,23.6865422502689;87.1248826914833,23.6896000000000]",20997,POINT (87.12231851197059 23.688071125134464)
38,2020-11-21,2021-01-20,0,0,0,0,0,0,0,0,22,16,Asia,0.218825,0,India,"[87.2058017989319,23.8218810793200;87.2122117535985,23.8246327788680]",20998,POINT (87.20900677626521 23.823256929093972)
47,2015-01-08,2021-01-04,0,0,0,1,0,3,2,1,18,18,Asia,0.360953,0,India,"[87.2974043085705,23.5877388567145;87.3059935662288,23.5935898191258]",20999,POINT (87.30169893739965 23.590664337920135)
7,2018-07-08,2020-04-24,0,0,0,0,0,0,2,0,1,0,Asia,0.404637,0,India,"[88.1072653057998,22.0617230459737;88.1139204577746,22.0681467044294]",21000,POINT (88.11059288178727 22.064934875201555)
24,2014-01-22,2021-11-29,0,0,1,0,0,0,0,0,5,18,Asia,0.325691,0,India,"[90.9024364279254,25.5105792790928;90.9084185166815,25.5156985963810]",21001,POINT (90.90542747230347 25.51313893773689)
108,2020-10-16,2020-06-29,0,0,0,0,0,0,0,0,108,0,Asia,0.570496,0,India,"[95.3788163887470,27.5934991598089;95.3877059766594,27.5977800517033]",21002,POINT (95.38326118270324 27.595639605756062)
170,2012-01-28,2021-01-11,18,18,4,0,2,0,12,22,39,31,Asia,0.37118,0,India,"[70.2596286986392,23.2557274198880;70.2670288223674,23.2602800603246]",21003,POINT (70.26332876050327 23.258003740106318)
26,2020-10-17,2021-05-22,0,0,0,0,0,0,0,0,7,19,Asia,1.48905,0,India,"[70.9090813710334,22.7809640391811;70.9220256389052,22.7907091436124]",21004,POINT (70.91555350496934 22.78583659139679)
1,2021-03-06,2021-03-06,0,0,0,0,0,0,0,0,0,1,Asia,0.123948,0,India,"[71.0092885618723,22.7360120582258;71.0130599370812,22.7388396515954]",21005,POINT (71.01117424947674 22.73742585491057)
2,1899-12-30,1899-12-30,1,1,0,0,0,0,0,0,0,0,Asia,0.070222,0,India,"[74.5677237859294,30.4007094196286;74.5704515194383,30.4030956888146]",21006,POINT (74.56908765268382 30.401902554221593)
30,1899-12-30,2021-12-21,0,0,0,0,0,0,0,1,10,19,Asia,0.733178,0,India,"[74.6762335105464,24.6893899265664;74.6905864193336,24.6951960440397]",21007,POINT (74.68340996493991 24.69229298530309)
24,1899-12-30,2021-11-12,1,1,4,1,1,6,0,2,1,7,Asia,0.712438,0,India,"[74.6820101042388,30.6292604297820;74.6916826132276,30.6368008757730]",21008,POINT (74.6868463587332 30.63303065277746)
72,2014-02-24,2021-02-11,0,0,3,1,5,7,5,5,15,21,Asia,1.47966,0,India,"[75.2248218363093,19.8110662747533;75.2349361677009,19.8232372177982]",21009,POINT (75.22987900200508 19.81715174627574)
2,1899-12-30,2020-11-06,0,0,0,0,1,0,0,0,1,0,Asia,0.070887,0,India,"[75.4414442644222,30.1952788524652;75.4441170987853,30.1978664161369]",21010,POINT (75.44278068160378 30.196572634301088)
43,1899-12-30,2021-12-04,1,1,2,2,0,3,0,11,8,15,Asia,0.370015,0,India,"[75.9927550349497,30.8803296790460;76.0005775130065,30.8848799485661]",21011,POINT (75.99666627397806 30.88260481380604)
27,1899-12-30,2021-02-14,1,1,0,0,1,2,2,0,1,15,Asia,0.311768,0,India,"[76.3887009328146,9.96249255726252;76.3936429625961,9.96752774476073]",21012,POINT (76.39117194770532 9.965010151011626)
1,2021-04-19,2021-04-19,0,0,0,0,0,0,0,0,0,1,Asia,0.516667,0,India,"[76.3890449245354,9.96729251208615;76.3978759599499,9.97167072033687]",21013,POINT (76.39346044224263 9.969481616211468)
4,1899-12-30,2021-07-19,0,0,0,0,0,0,1,0,0,1,Asia,0.424733,0,India,"[76.3806399063433,9.96224725260146;76.3868836120226,9.96811184882415]",21014,POINT (76.38376175918297 9.965179550712822)
3,2021-12-06,2021-02-28,0,0,0,0,0,0,0,0,0,3,Asia,0.223332,0,India,"[76.5609138478681,13.8976374302828;76.5658544996416,13.9036249281585]",21015,POINT (76.56338417375478 13.90063117922065)
21,2015-05-31,2021-07-11,0,0,0,1,2,1,0,1,0,16,Asia,1.04013,0,India,"[76.9597363698585,28.6636528158787;76.9691828300516,28.6733549092156]",21016,POINT (76.96445959995508 28.668503862547198)
8,2018-02-03,2021-02-06,0,0,0,0,0,0,1,0,2,3,Asia,0.055605,0,India,"[77.0632848482535,10.9285122491469;77.0656824147711,10.9302571080077]",21017,POINT (77.06448363151229 10.929384678577364)
48,2019-04-27,2021-11-21,0,0,0,0,0,0,0,3,0,45,Asia,1.01935,0,India,"[77.1427102396394,28.7901768471530;77.1546115824826,28.7986286926458]",21018,POINT (77.14866091106101 28.79440276989936)
1,2021-12-10,2021-12-10,0,0,0,0,0,0,0,0,0,1,Asia,0.092127,0,India,"[77.1501827158779,28.8430217563448;77.1534950509991,28.8453598752540]",21019,POINT (77.15183888343853 28.84419081579938)
86,1899-12-30,2021-09-29,6,6,2,4,4,16,0,10,7,31,Asia,0.630417,0,India,"[77.1475628469329,24.4940587550785;77.1550029265377,24.5010773985672]",21020,POINT (77.15128288673525 24.497568076822873)
50,1899-12-30,2021-06-08,3,3,0,2,12,1,2,12,2,9,Asia,0.079934,0,India,"[77.5889655460057,11.0397717413384;77.5924145073118,11.0425171280859]",21021,POINT (77.59069002665873 11.041144434712162)
17,1899-12-30,2021-03-03,0,0,0,0,0,1,1,4,4,5,Asia,0.25018,0,India,"[78.4344309002728,17.2825966449974;78.4394535617030,17.2875780583111]",21022,POINT (78.43694223098792 17.28508735165421)
1,2021-02-12,2021-02-12,0,0,0,0,0,0,0,0,0,1,Asia,0.133382,0,India,"[78.6666600274684,24.4870249123576;78.6712782021686,24.4915963005441]",21023,POINT (78.66896911481844 24.489310606450843)
130,1899-12-30,2021-03-30,0,0,0,0,0,0,2,47,25,52,Asia,0.360757,0,India,"[79.0195831855742,20.1268919172427;79.0272395744598,20.1333181522896]",21024,POINT (79.02341138001695 20.130105034766217)
35,1899-12-30,2021-01-14,0,0,0,0,0,0,0,3,6,26,Asia,0.227832,0,India,"[79.0226231346830,17.2179691525372;79.0275378851137,17.2223681895375]",21025,POINT (79.02508050989827 17.22016867103734)
52,2014-02-09,2021-04-24,0,0,1,2,5,14,2,0,16,8,Asia,0.335345,0,India,"[79.0358778922982,20.1145373539287;79.0417786824040,20.1211158775106]",21026,POINT (79.03882828735112 20.11782661571964)
22,2020-03-22,2021-02-27,0,0,0,0,0,0,0,0,5,17,Asia,0.415062,0,India,"[79.0960304857553,11.1788013220625;79.1014846026067,11.1870653211614]",21027,POINT (79.098757544181 11.182933321611964)
38,2019-05-27,2021-11-02,0,0,0,0,0,0,0,1,0,37,Asia,0.383168,0,India,"[79.2431608380173,20.8641243421749;79.2503533321662,20.8683762271875]",21028,POINT (79.2467570850918 20.866250284681154)
8,2019-01-18,2021-01-24,0,0,0,0,0,0,0,2,2,4,Asia,0.090811,0,India,"[79.9062920913242,12.8528535529041;79.9097045049397,12.8556292315343]",21029,POINT (79.90799829813194 12.85424139221915)
46,2018-03-15,2021-01-30,0,0,0,0,0,0,5,6,11,14,Asia,0.220222,0,India,"[79.9781118935785,13.0776033303260;79.9826084332224,13.0818004564455]",21030,POINT (79.98036016340045 13.079701893385693)
9,2020-10-29,2021-10-16,0,0,0,0,0,0,0,0,2,7,Asia,0.384298,0,India,"[80.0717661046496,26.7556648589402;80.0803321642705,26.7594095801094]",21031,POINT (80.0760491344601 26.757537219524735)
69,1899-12-30,2021-12-30,4,4,4,2,5,4,9,7,4,8,Asia,0.321835,0,India,"[81.9824572495424,16.8743533994266;81.9902138319344,16.8778074788179]",21032,POINT (81.98633554073835 16.876080439122255)
48,1899-12-30,2021-02-28,6,6,0,2,0,0,0,0,13,21,Asia,0.65123,0,India,"[82.0489470930178,21.8831233586192;82.0572133405522,21.8908287531114]",21033,POINT (82.05308021678498 21.886976055865308)
53,1899-12-30,2021-04-25,0,0,22,0,2,5,4,0,3,9,Asia,1.07215,0,India,"[82.2953767800485,16.7412135763147;82.3038857326052,16.7516862153915]",21034,POINT (82.29963125632683 16.74644989585311)
17,2020-11-13,2021-02-01,0,0,0,0,0,0,0,0,3,14,Asia,0.78605,0,India,"[82.5808495976208,24.1144321967846;82.5889611141768,24.1232480998112]",21035,POINT (82.58490535589887 24.118840148297938)
8,2021-04-02,2021-04-08,0,0,0,0,0,0,0,0,0,8,Asia,0.11283,0,India,"[82.5999596059775,24.1389550218614;82.6040783781439,24.1410420077503]",21036,POINT (82.60201899206069 24.139998514805853)
2,2020-09-10,2021-02-15,0,0,0,0,0,0,0,0,1,1,Asia,0.312331,0,India,"[82.6508346785793,22.3385719338435;82.6563584177142,22.3428866243211]",21037,POINT (82.65359654814677 22.340729279082257)
41,1899-12-30,2021-02-20,0,0,0,0,0,1,0,0,22,18,Asia,0.551621,0,India,"[82.6525811219449,24.1449099377776;82.6598860672327,24.1537756234818]",21038,POINT (82.65623359458881 24.14934278062975)
30,2014-04-25,2021-03-06,0,0,1,0,1,0,0,0,0,28,Asia,0.281277,0,India,"[82.7005804579295,24.1361191479544;82.7099025368364,24.1402110198926]",21039,POINT (82.70524149738303 24.138165083923496)
62,2020-12-08,2021-12-13,0,0,0,0,0,0,0,0,9,53,Asia,0.470962,0,India,"[82.7421476216628,24.1380612834323;82.7502754924344,24.1466729412135]",21040,POINT (82.74621155704858 24.142367112322905)
47,2017-06-25,2021-11-17,0,0,0,0,0,1,0,0,6,40,Asia,0.165078,0,India,"[82.7587210080495,24.1516808044066;82.7625473170705,24.1549100142493]",21041,POINT (82.76063416256 24.15329540932794)
5,2019-03-24,2019-04-12,0,0,0,0,0,0,0,5,0,0,Asia,0.660186,0,India,"[82.7625473170705,24.1466250256623;82.7698795212457,24.1533636592310]",21042,POINT (82.76621341915815 24.14999434244666)
24,1899-12-30,2021-02-23,2,2,4,1,2,3,0,3,2,5,Asia,0.197508,0,India,"[83.1529288144903,17.9675746357658;83.1580480513063,17.9703558703325]",21043,POINT (83.15548843289828 17.96896525304915)
38,2016-03-29,2021-03-11,0,0,0,0,5,4,4,6,4,7,Asia,0.267958,0,India,"[83.3466867540972,21.9298361124185;83.3525221393309,21.9357234571100]",21044,POINT (83.34960444671403 21.93277978476432)
32,2016-02-09,2021-11-02,0,0,0,0,1,0,1,3,9,16,Asia,0.404134,0,India,"[83.3470226476424,22.0684228817095;83.3532755595493,22.0739114761674]",21045,POINT (83.35014910359585 22.071167178938413)
25,2020-12-21,2021-03-02,0,0,0,0,0,0,0,0,1,24,Asia,0.588175,0,India,"[83.3496397615988,22.2616196419592;83.3584033796512,22.2685973946758]",21046,POINT (83.35402157062504 22.265108518317504)
48,1899-12-30,2021-03-26,1,1,2,0,0,5,3,2,8,20,Asia,0.586195,0,India,"[83.4668071294393,21.9501469651284;83.4737510299186,21.9581064378941]",21047,POINT (83.47027907967896 21.954126701511214)
23,1899-12-30,2021-01-09,0,0,0,0,0,0,2,3,2,12,Asia,0.349218,0,India,"[83.4901533001824,21.8729008093661;83.4963824364824,21.8785200315230]",21048,POINT (83.4932678683324 21.875710420444506)
3,2017-02-28,2021-12-14,0,0,0,0,0,1,0,0,0,2,Asia,0.179128,0,India,"[84.0380254880623,21.6700980656988;84.0434376247493,21.6743347442909]",21049,POINT (84.0407315564058 21.67221640499487)
38,2020-10-04,2021-12-14,0,0,0,0,0,0,0,0,4,34,Asia,0.759922,0,India,"[84.5748341323832,22.1983867248101;84.5835843581952,22.2052447268693]",21050,POINT (84.57920924528918 22.20181572583968)
7,1899-12-30,2021-01-22,0,0,0,0,0,0,0,1,2,4,Asia,0.223363,0,India,"[84.7698885640567,22.3124584806628;84.7744747940649,22.3166742451786]",21051,POINT (84.77218167906075 22.31456636292072)
1,2020-12-30,2020-12-30,0,0,0,0,0,0,0,0,1,0,Asia,0.065097,0,India,"[84.9468695083510,23.8412113242520;84.9490873951181,23.8433982724470]",21052,POINT (84.94797845173461 23.842304798349474)
3,2012-04-21,2020-12-02,1,1,0,0,0,0,0,0,1,0,Asia,0.741982,0,India,"[84.9857261154568,20.8798899999999;84.9951443428056,20.8858675916783]",21053,POINT (84.99043522913122 20.882878795839176)
2,2021-11-29,2021-05-31,0,0,0,0,0,0,0,0,0,2,Asia,0.072844,0,India,"[84.9873710415714,23.6653664849877;84.9900335217132,23.6677951609358]",21054,POINT (84.98870228164233 23.666580822961773)
24,1899-12-30,2021-04-10,1,1,0,0,2,0,0,0,3,17,Asia,0.192477,0,India,"[84.9862592439530,23.6884105792249;84.9910681961466,23.6934326570801]",21055,POINT (84.98866372004977 23.69092161815248)
6,2020-12-28,2021-04-04,0,0,0,0,0,0,0,0,4,2,Asia,0.122439,0,India,"[84.9993990039841,23.6947469413261;85.0036033189560,23.6989512562978]",21056,POINT (85.0015011614701 23.696849098811906)
55,2021-12-26,2021-12-14,0,0,0,0,0,0,0,0,0,55,Asia,0.386009,0,India,"[85.0106573934353,20.9400661746445;85.0180237529747,20.9474348598775]",21057,POINT (85.014340573205 20.94375051726098)
18,2019-01-05,2021-01-22,0,0,0,0,0,0,0,2,7,9,Asia,0.385313,0,India,"[85.0172439827506,20.8628260891997;85.0247778154424,20.8674720342577]",21058,POINT (85.02101089909652 20.865149061728683)
1,2021-12-27,2021-12-27,0,0,0,0,0,0,0,0,0,1,Asia,0.207964,0,India,"[85.0344421748607,20.9684976930342;85.0401839097913,20.9733124908430]",21059,POINT (85.037313042326 20.97090509193857)
61,2012-02-26,2021-09-04,1,1,0,0,1,1,0,0,8,49,Asia,0.595598,0,India,"[85.1448224756373,20.9391004801862;85.1537862435641,20.9444245066370]",21060,POINT (85.14930435960066 20.94176249341161)
0,,,0,0,0,0,0,0,0,0,0,0,Asia,0.128503,0,India,"[85.2513894745222,20.8050744483717;85.2556562387081,20.8080902809831]",21061,POINT (85.25352285661513 20.806582364677414)
8,2019-03-19,1899-12-30,0,0,0,0,0,0,0,8,0,0,Asia,0.195122,0,India,"[85.2773043321997,23.7049234244278;85.2825322981623,23.7100262400707]",21062,POINT (85.279918315181 23.707474832249254)
21,2014-04-20,2021-01-30,0,0,1,0,0,0,0,0,7,13,Asia,0.195169,0,India,"[85.3804837455303,22.1308998073588;85.3857930466871,22.1361955677219]",21063,POINT (85.38313839610873 22.133547687540368)
432,2019-04-08,2021-12-07,0,0,0,0,0,0,0,94,125,213,Asia,0.548335,0,India,"[85.4961800823751,23.8207631807097;85.5046414917410,23.8287437858031]",21064,POINT (85.50041078705809 23.824753483256348)
41,2017-02-18,2021-09-25,0,0,0,0,0,1,1,6,8,23,Asia,0.238613,0,India,"[85.6438443790701,21.5685564623106;85.6493830051448,21.5741086892413]",21065,POINT (85.64661369210742 21.571332575775887)
11,2020-11-28,2021-03-19,0,0,0,0,0,0,0,0,1,10,Asia,0.229744,0,India,"[86.1927052684944,23.7713328424991;86.1981764758100,23.7771712926827]",21066,POINT (86.19544087215222 23.774252067590893)
57,2017-01-12,2021-05-22,0,0,0,0,0,1,0,1,20,35,Asia,0.379842,0,India,"[86.3473839570625,23.6845597412797;86.3547323776757,23.6921120841910]",21067,POINT (86.35105816736908 23.688335912735322)
76,2020-12-29,2021-12-06,0,0,0,0,0,0,0,0,3,73,Asia,0.145616,0,India,"[86.3716249316248,23.7791989249263;86.3749905136107,23.7829572481136]",21068,POINT (86.37330772261771 23.781078086519905)
0,,,0,0,0,0,0,0,0,0,0,0,Asia,0.04944,0,India,"[87.0793459541325,23.7910749301807;87.0817650931833,23.7934146941530]",21069,POINT (87.08055552365792 23.792244812166913)
45,2021-05-04,2021-08-30,0,0,0,0,0,0,0,0,0,45,Asia,0.434951,0,India,"[87.2983250122193,22.3622998392736;87.3089651640196,22.3673521036028]",21070,POINT (87.30364508811942 22.364825971438194)
0,,,0,0,0,0,0,0,0,0,0,0,Asia,0.324859,0,India,"[87.2997753382840,22.3595550043891;87.3093397036719,22.3638457413319]",21071,POINT (87.304557520978 22.361700372860437)
4,2021-11-18,2021-11-21,0,0,0,0,0,0,0,0,0,4,Asia,0.49523,0,India,"[87.2973578059021,22.3650819043785;87.3079615808908,22.3705442631454]",21072,POINT (87.30265969339646 22.367813083761945)
18,2021-04-14,2021-04-16,0,0,0,0,0,0,0,0,0,18,Asia,0.22581,0,India,"[87.3766317389698,25.0330912405103;87.3832234309273,25.0378366907567]",21073,POINT (87.37992758494859 25.035463965633472)
29,2017-06-25,2021-11-04,0,0,0,0,0,13,0,0,0,16,Asia,0.71583,0,India,"[87.4877532206227,23.4399152453221;87.4955162242148,23.4465109645344]",21074,POINT (87.49163472241882 23.44321310492822)
10,2014-02-19,2021-08-01,0,0,1,0,1,0,2,0,0,2,Asia,0.459502,0,India,"[88.1077470705876,22.0605552685292;88.1178822084301,22.0667258662269]",21075,POINT (88.11281463950883 22.06364056737803)
18,2014-03-13,2021-01-24,0,0,1,0,0,1,0,2,0,14,Asia,0.172268,0,India,"[90.9007726662679,25.4950730989643;90.9055120492209,25.4998656257852]",21076,POINT (90.90314235774439 25.497469362374776)
39,2015-03-17,2021-11-17,0,0,0,1,1,0,0,1,2,34,Asia,0.170629,0,India,"[90.9030085064737,25.5165358850460;90.9080159154600,25.5208922691365]",21077,POINT (90.90551221096686 25.518714077091257)
