{
"type": "FeatureCollection",
"name": "GIHS_India_2012_2021",
"crs": { "type": "name", "properties": { "name": "urn:ogc:def:crs:OGC:1.3:CRS84" } },
"features": [
{ "type": "Feature", "properties": { "Points_num": 551, "Min_date": "2012-04-11", "Max_date": "2020-05-29", "date2012_p": 20, "date2013_p": 3, "date2014_p": 0, "date2015_p": 6, "date2016_p": 105, "date2017_p": 98, "date2018_p": 189, "date2019_p": 128, "date2020_p": 2, "date2021_p": 0, "CONTINENT": "Sea", "area": 0.0316468, "Type": 0, "Nation": "India", "Locations": "[70.4441200000000,22.9600516888334;70.4469229665565,22.9620400000000]", "ORIG_FID": 1413 }, "geometry": { "type": "Point", "coordinates": [ 70.445054322185499, 22.961377229611141 ] } },
{ "type": "Feature", "properties": { "Points_num": 172, "Min_date": "2016-04-16", "Max_date": "2019-07-19", "date2012_p": 0, "date2013_p": 0, "date2014_p": 0, "date2015_p": 0, "date2016_p": 124, "date2017_p": 43, "date2018_p": 3, "date2019_p": 2, "date2020_p": 0, "date2021_p": 0, "CONTINENT": "Sea", "area": 0.195766, "Type": 0, "Nation": "India", "Locations": "[70.1013300000000,22.9215500000001;70.1107300000000,22.9239339004230]", "ORIG_FID": 1414 }, "geometry": { "type": "Point", "coordinates": [ 70.106500551909065, 22.922494200094416 ] } },
{ "type": "Feature", "properties": { "Points_num": 161, "Min_date": "2012-11-08", "Max_date": "2018-09-24", "date2012_p": 3, "date2013_p": 6, "date2014_p": 73, "date2015_p": 0, "date2016_p": 31, "date2017_p": 29, "date2018_p": 19, "date2019_p": 0, "date2020_p": 0, "date2021_p": 0, "CONTINENT": "Sea", "area": 1.08036, "Type": 0, "Nation": "India", "Locations": "[72.6631200000001,21.1604000000000;72.6740100000000,21.1706800000000]", "ORIG_FID": 1426 }, "geometry": { "type": "Point", "coordinates": [ 72.667989113181434, 21.166210319441202 ] } },
{ "type": "Feature", "properties": { "Points_num": 107, "Min_date": "2014-02-13", "Max_date": "0201-12-12", "date2012_p": 0, "date2013_p": 0, "date2014_p": 2, "date2015_p": 89, "date2016_p": 13, "date2017_p": 1, "date2018_p": 1, "date2019_p": 0, "date2020_p": 1, "date2021_p": 0, "CONTINENT": "Sea", "area": 0.360586, "Type": 0, "Nation": "India", "Locations": "[72.5359200000000,21.6669800000000;72.5442200000000,21.6724243845902]", "ORIG_FID": 1427 }, "geometry": { "type": "Point", "coordinates": [ 72.539466612542526, 21.668995640684034 ] } },
{ "type": "Feature", "properties": { "Points_num": 582, "Min_date": "2012-01-28", "Max_date": "0202-10-30", "date2012_p": 67, "date2013_p": 36, "date2014_p": 48, "date2015_p": 45, "date2016_p": 48, "date2017_p": 92, "date2018_p": 84, "date2019_p": 158, "date2020_p": 2, "date2021_p": 2, "CONTINENT": "Sea", "area": 0.0149685, "Type": 0, "Nation": "India", "Locations": "[72.9094480539824,19.0095600000000;72.9110600000001,19.0111535587727]", "ORIG_FID": 1435 }, "geometry": { "type": "Point", "coordinates": [ 72.910522684660862, 19.010091186257579 ] } },
{ "type": "Feature", "properties": { "Points_num": 258, "Min_date": "2012-01-20", "Max_date": "2019-12-08", "date2012_p": 29, "date2013_p": 15, "date2014_p": 90, "date2015_p": 8, "date2016_p": 17, "date2017_p": 35, "date2018_p": 14, "date2019_p": 50, "date2020_p": 0, "date2021_p": 0, "CONTINENT": "Sea", "area": 0.0914188, "Type": 0, "Nation": "India", "Locations": "[72.8857600000000,19.0160200000000;72.8877502937086,19.0239026104902]", "ORIG_FID": 1436 }, "geometry": { "type": "Point", "coordinates": [ 72.886423431236196, 19.018647536830098 ] } },
{ "type": "Feature", "properties": { "Points_num": 251, "Min_date": "2012-02-26", "Max_date": "0201-12-13", "date2012_p": 104, "date2013_p": 12, "date2014_p": 0, "date2015_p": 0, "date2016_p": 27, "date2017_p": 5, "date2018_p": 0, "date2019_p": 86, "date2020_p": 17, "date2021_p": 0, "CONTINENT": "Sea", "area": 0.549896, "Type": 0, "Nation": "India", "Locations": "[80.3220100000000,13.2394900000000;80.3287300000001,13.2479034199073]", "ORIG_FID": 1486 }, "geometry": { "type": "Point", "coordinates": [ 80.325140684401873, 13.24295037400948 ] } },
{ "type": "Feature", "properties": { "Points_num": 309, "Min_date": "2019-02-28", "Max_date": "0202-10-30", "date2012_p": 0, "date2013_p": 0, "date2014_p": 0, "date2015_p": 0, "date2016_p": 0, "date2017_p": 0, "date2018_p": 0, "date2019_p": 102, "date2020_p": 127, "date2021_p": 80, "CONTINENT": "Sea", "area": 0.431543, "Type": 0, "Nation": "India", "Locations": "[80.3395200000000,13.2865200000000;80.3461700000000,13.2921100000000]", "ORIG_FID": 1487 }, "geometry": { "type": "Point", "coordinates": [ 80.342946397320517, 13.289262593161162 ] } },
{ "type": "Feature", "properties": { "Points_num": 15, "Min_date": "2018-08-04", "Max_date": "2019-07-12", "date2012_p": 0, "date2013_p": 0, "date2014_p": 0, "date2015_p": 0, "date2016_p": 0, "date2017_p": 0, "date2018_p": 2, "date2019_p": 13, "date2020_p": 0, "date2021_p": 0, "CONTINENT": "Sea", "area": 0.0592357, "Type": 0, "Nation": "India", "Locations": "[83.2718700000000,17.7131800000000;83.2761928833841,17.7155143576647]", "ORIG_FID": 1490 }, "geometry": { "type": "Point", "coordinates": [ 83.273310961128061, 17.713958119221559 ] } },
{ "type": "Feature", "properties": { "Points_num": 202, "Min_date": "2012-01-20", "Max_date": "2019-05-31", "date2012_p": 41, "date2013_p": 66, "date2014_p": 55, "date2015_p": 30, "date2016_p": 0, "date2017_p": 3, "date2018_p": 3, "date2019_p": 4, "date2020_p": 0, "date2021_p": 0, "CONTINENT": "Sea", "area": 0.169737, "Type": 0, "Nation": "India", "Locations": "[83.2592000000000,17.7143700000000;83.2644800000000,17.7172594222698]", "ORIG_FID": 1491 }, "geometry": { "type": "Point", "coordinates": [ 83.261888573508159, 17.715740529027141 ] } },
{ "type": "Feature", "properties": { "Points_num": 1250, "Min_date": "2012-03-18", "Max_date": "2019-07-11", "date2012_p": 74, "date2013_p": 209, "date2014_p": 562, "date2015_p": 126, "date2016_p": 212, "date2017_p": 51, "date2018_p": 4, "date2019_p": 12, "date2020_p": 0, "date2021_p": 0, "CONTINENT": "Sea", "area": 1.25303, "Type": 0, "Nation": "India", "Locations": "[83.2129012380001,17.6228200000000;83.2265500000000,17.6349144550001]", "ORIG_FID": 1492 }, "geometry": { "type": "Point", "coordinates": [ 83.221650023992751, 17.629828962217445 ] } },
{ "type": "Feature", "properties": { "Points_num": 768, "Min_date": "2012-03-03", "Max_date": "2019-05-23", "date2012_p": 180, "date2013_p": 573, "date2014_p": 0, "date2015_p": 0, "date2016_p": 3, "date2017_p": 0, "date2018_p": 0, "date2019_p": 12, "date2020_p": 0, "date2021_p": 0, "CONTINENT": "Sea", "area": 1.10912, "Type": 0, "Nation": "India", "Locations": "[86.9586384260067,20.8170100000000;86.9688600000000,20.8284200000000]", "ORIG_FID": 1494 }, "geometry": { "type": "Point", "coordinates": [ 86.964579548556912, 20.823117857400337 ] } },
{ "type": "Feature", "properties": { "Points_num": 5439, "Min_date": "2012-01-20", "Max_date": "2019-12-31", "date2012_p": 572, "date2013_p": 614, "date2014_p": 698, "date2015_p": 652, "date2016_p": 640, "date2017_p": 760, "date2018_p": 800, "date2019_p": 703, "date2020_p": 0, "date2021_p": 0, "CONTINENT": "Sea", "area": 0.105864, "Type": 0, "Nation": "India", "Locations": "[88.1270929142584,22.0485100000000;88.1317400000000,22.0524959671603]", "ORIG_FID": 1495 }, "geometry": { "type": "Point", "coordinates": [ 88.130190971419452, 22.049838655720105 ] } },
{ "type": "Feature", "properties": { "Points_num": 1015, "Min_date": "2013-10-12", "Max_date": "0202-10-31", "date2012_p": 0, "date2013_p": 82, "date2014_p": 79, "date2015_p": 323, "date2016_p": 79, "date2017_p": 74, "date2018_p": 215, "date2019_p": 85, "date2020_p": 31, "date2021_p": 47, "CONTINENT": "Sea", "area": 1.81167, "Type": 0, "Nation": "India", "Locations": "[93.8577000000000,12.2758300000000;93.8695800000000,12.2906200000000]", "ORIG_FID": 1519 }, "geometry": { "type": "Point", "coordinates": [ 93.864069872575598, 12.28414749060815 ] } },
{ "type": "Feature", "properties": { "Points_num": 201, "Min_date": "2012-05-01", "Max_date": "2019-07-16", "date2012_p": 4, "date2013_p": 1, "date2014_p": 0, "date2015_p": 3, "date2016_p": 65, "date2017_p": 46, "date2018_p": 18, "date2019_p": 64, "date2020_p": 0, "date2021_p": 0, "CONTINENT": "Asia", "area": 0.348333, "Type": 0, "Nation": "India", "Locations": "[70.4439756299086,22.9551291045206;70.4606883514280,22.9617979316877]", "ORIG_FID": 11932 }, "geometry": { "type": "Point", "coordinates": [ 70.451639091964509, 22.95838932091748 ] } },
{ "type": "Feature", "properties": { "Points_num": 153, "Min_date": "2016-04-16", "Max_date": "2019-07-19", "date2012_p": 0, "date2013_p": 0, "date2014_p": 0, "date2015_p": 0, "date2016_p": 110, "date2017_p": 38, "date2018_p": 3, "date2019_p": 2, "date2020_p": 0, "date2021_p": 0, "CONTINENT": "Asia", "area": 0.830554, "Type": 0, "Nation": "India", "Locations": "[70.1021321007726,22.9192207519613;70.1092228945701,22.9320698413927]", "ORIG_FID": 11933 }, "geometry": { "type": "Point", "coordinates": [ 70.105341557045662, 22.925414926139538 ] } },
{ "type": "Feature", "properties": { "Points_num": 19, "Min_date": "2013-06-20", "Max_date": "2018-02-03", "date2012_p": 0, "date2013_p": 1, "date2014_p": 9, "date2015_p": 0, "date2016_p": 4, "date2017_p": 2, "date2018_p": 3, "date2019_p": 0, "date2020_p": 0, "date2021_p": 0, "CONTINENT": "Asia", "area": 0.191014, "Type": 0, "Nation": "India", "Locations": "[72.6666955361961,21.1604000000001;72.6740100000000,21.1653202966089]", "ORIG_FID": 11999 }, "geometry": { "type": "Point", "coordinates": [ 72.671571845398688, 21.162040098869713 ] } },
{ "type": "Feature", "properties": { "Points_num": 12, "Min_date": "2014-02-27", "Max_date": "2016-06-27", "date2012_p": 0, "date2013_p": 0, "date2014_p": 1, "date2015_p": 10, "date2016_p": 1, "date2017_p": 0, "date2018_p": 0, "date2019_p": 0, "date2020_p": 0, "date2021_p": 0, "CONTINENT": "Asia", "area": 0.308775, "Type": 0, "Nation": "India", "Locations": "[72.5333361814110,21.6702611211819;72.5388922228596,21.6758350085879]", "ORIG_FID": 12000 }, "geometry": { "type": "Point", "coordinates": [ 72.536135297350739, 21.672972136854192 ] } },
{ "type": "Feature", "properties": { "Points_num": 568, "Min_date": "2012-01-28", "Max_date": "2019-09-05", "date2012_p": 67, "date2013_p": 34, "date2014_p": 47, "date2015_p": 44, "date2016_p": 47, "date2017_p": 92, "date2018_p": 83, "date2019_p": 154, "date2020_p": 0, "date2021_p": 0, "CONTINENT": "Asia", "area": 0.902882, "Type": 0, "Nation": "India", "Locations": "[72.8998600000000,19.0095600000001;72.9110600000000,19.0173400000001]", "ORIG_FID": 12001 }, "geometry": { "type": "Point", "coordinates": [ 72.90561871837393, 19.013366967187267 ] } },
{ "type": "Feature", "properties": { "Points_num": 754, "Min_date": "2012-03-03", "Max_date": "2019-05-23", "date2012_p": 178, "date2013_p": 561, "date2014_p": 0, "date2015_p": 0, "date2016_p": 3, "date2017_p": 0, "date2018_p": 0, "date2019_p": 12, "date2020_p": 0, "date2021_p": 0, "CONTINENT": "Asia", "area": 1.145, "Type": 0, "Nation": "India", "Locations": "[86.9571800000001,20.8170016802084;86.9667952214659,20.8284200000001]", "ORIG_FID": 12141 }, "geometry": { "type": "Point", "coordinates": [ 86.962030053238465, 20.822746758808307 ] } },
{ "type": "Feature", "properties": { "Points_num": 4210, "Min_date": "2012-01-20", "Max_date": "2019-09-05", "date2012_p": 513, "date2013_p": 466, "date2014_p": 618, "date2015_p": 487, "date2016_p": 490, "date2017_p": 526, "date2018_p": 547, "date2019_p": 563, "date2020_p": 0, "date2021_p": 0, "CONTINENT": "Asia", "area": 1.13112, "Type": 0, "Nation": "India", "Locations": "[88.1159789508939,22.0470141513251;88.1317400000000,22.0592564782002]", "ORIG_FID": 12142 }, "geometry": { "type": "Point", "coordinates": [ 88.123844076277621, 22.053471674088581 ] } },
{ "type": "Feature", "properties": { "Points_num": 57, "Min_date": "2015-03-18", "Max_date": "2018-09-11", "date2012_p": 0, "date2013_p": 0, "date2014_p": 0, "date2015_p": 25, "date2016_p": 1, "date2017_p": 0, "date2018_p": 31, "date2019_p": 0, "date2020_p": 0, "date2021_p": 0, "CONTINENT": "Asia", "area": 0.315815, "Type": 1, "Nation": "India", "Locations": "[93.8577000000001,12.2758300000001;93.8659185731285,12.2811953800001]", "ORIG_FID": 12167 }, "geometry": { "type": "Point", "coordinates": [ 93.86106873219768, 12.277707154635404 ] } },
{ "type": "Feature", "properties": { "Points_num": 0, "Min_date": "2013-12-18", "Max_date": "2021-02-02", "date2012_p": 0, "date2013_p": 90, "date2014_p": 87, "date2015_p": 298, "date2016_p": 81, "date2017_p": 85, "date2018_p": 243, "date2019_p": 88, "date2020_p": 31, "date2021_p": 52, "CONTINENT": "Asia", "area": 2.55976, "Type": 1, "Nation": "India", "Locations": "[93.8522110235765,12.2766567780334;93.8669181526962,12.2911192120201]", "ORIG_FID": 18249 }, "geometry": { "type": "Point", "coordinates": [ 93.859564588136351, 12.28388799502676 ] } },
{ "type": "Feature", "properties": { "Points_num": 42, "Min_date": "2015-03-18", "Max_date": "2018-11-02", "date2012_p": 0, "date2013_p": 0, "date2014_p": 0, "date2015_p": 0, "date2016_p": 0, "date2017_p": 0, "date2018_p": 0, "date2019_p": 0, "date2020_p": 0, "date2021_p": 0, "CONTINENT": "Asia", "area": 0.289359, "Type": 0, "Nation": "India", "Locations": "[93.8586900000000,12.2770400000000;93.8627500000000,12.2809200000000]", "ORIG_FID": 20183 }, "geometry": { "type": "Point", "coordinates": [ 93.86072, 12.27898 ] } },
{ "type": "Feature", "properties": { "Points_num": 46, "Min_date": "2013-08-22", "Max_date": "2016-01-09", "date2012_p": 0, "date2013_p": 0, "date2014_p": 11, "date2015_p": 5, "date2016_p": 2, "date2017_p": 0, "date2018_p": 0, "date2019_p": 0, "date2020_p": 0, "date2021_p": 0, "CONTINENT": "Asia", "area": 0.383784, "Type": 0, "Nation": "India", "Locations": "[77.5135700000000,13.7033700000000;77.5203200000000,13.7075700000000]", "ORIG_FID": 20184 }, "geometry": { "type": "Point", "coordinates": [ 77.516945, 13.70547 ] } },
{ "type": "Feature", "properties": { "Points_num": 47, "Min_date": "2016-01-01", "Max_date": "2021-03-16", "date2012_p": 0, "date2013_p": 0, "date2014_p": 0, "date2015_p": 0, "date2016_p": 5, "date2017_p": 6, "date2018_p": 5, "date2019_p": 1, "date2020_p": 0, "date2021_p": 2, "CONTINENT": "Asia", "area": 0.139071, "Type": 0, "Nation": "India", "Locations": "[76.8479500000000,14.9899900000000;76.8511200000000,14.9932800000000]", "ORIG_FID": 20185 }, "geometry": { "type": "Point", "coordinates": [ 76.849535, 14.991635 ] } },
{ "type": "Feature", "properties": { "Points_num": 222, "Min_date": "2012-01-25", "Max_date": "2017-02-23", "date2012_p": 13, "date2013_p": 13, "date2014_p": 36, "date2015_p": 22, "date2016_p": 14, "date2017_p": 2, "date2018_p": 0, "date2019_p": 0, "date2020_p": 0, "date2021_p": 0, "CONTINENT": "Asia", "area": 0.3327, "Type": 0, "Nation": "India", "Locations": "[76.9968500000000,15.0025000000000;77.0016400000000,15.0077000000000]", "ORIG_FID": 20186 }, "geometry": { "type": "Point", "coordinates": [ 76.999245, 15.0051 ] } },
{ "type": "Feature", "properties": { "Points_num": 555, "Min_date": "2015-06-05", "Max_date": "2021-08-09", "date2012_p": 0, "date2013_p": 0, "date2014_p": 0, "date2015_p": 21, "date2016_p": 61, "date2017_p": 40, "date2018_p": 58, "date2019_p": 27, "date2020_p": 25, "date2021_p": 25, "CONTINENT": "Asia", "area": 0.619665, "Type": 0, "Nation": "India", "Locations": "[78.0495600000000,14.8700200000000;78.0567900000000,14.8763500000000]", "ORIG_FID": 20187 }, "geometry": { "type": "Point", "coordinates": [ 78.053175, 14.873185 ] } },
{ "type": "Feature", "properties": { "Points_num": 99, "Min_date": "2012-01-24", "Max_date": "2021-07-06", "date2012_p": 13, "date2013_p": 13, "date2014_p": 5, "date2015_p": 2, "date2016_p": 0, "date2017_p": 0, "date2018_p": 4, "date2019_p": 8, "date2020_p": 3, "date2021_p": 2, "CONTINENT": "Asia", "area": 0.158552, "Type": 0, "Nation": "India", "Locations": "[78.0738200000000,14.9500000000000;78.0776600000000,14.9530500000000]", "ORIG_FID": 20188 }, "geometry": { "type": "Point", "coordinates": [ 78.07574, 14.951525 ] } },
{ "type": "Feature", "properties": { "Points_num": 381, "Min_date": "2012-02-10", "Max_date": "2021-02-06", "date2012_p": 20, "date2013_p": 20, "date2014_p": 32, "date2015_p": 31, "date2016_p": 12, "date2017_p": 23, "date2018_p": 15, "date2019_p": 13, "date2020_p": 10, "date2021_p": 25, "CONTINENT": "Asia", "area": 0.477972, "Type": 0, "Nation": "India", "Locations": "[79.6226000000000,13.7125000000000;79.6276300000000,13.7193300000000]", "ORIG_FID": 20189 }, "geometry": { "type": "Point", "coordinates": [ 79.625115, 13.715915 ] } },
{ "type": "Feature", "properties": { "Points_num": 90, "Min_date": "2013-08-08", "Max_date": "2019-01-31", "date2012_p": 0, "date2013_p": 0, "date2014_p": 4, "date2015_p": 21, "date2016_p": 12, "date2017_p": 5, "date2018_p": 1, "date2019_p": 1, "date2020_p": 0, "date2021_p": 0, "CONTINENT": "Asia", "area": 0.236416, "Type": 0, "Nation": "India", "Locations": "[79.6171600000000,13.7068300000000;79.6206000000000,13.7117700000000]", "ORIG_FID": 20190 }, "geometry": { "type": "Point", "coordinates": [ 79.61888, 13.7093 ] } },
{ "type": "Feature", "properties": { "Points_num": 759, "Min_date": "2012-01-20", "Max_date": "2021-07-28", "date2012_p": 70, "date2013_p": 70, "date2014_p": 41, "date2015_p": 119, "date2016_p": 89, "date2017_p": 0, "date2018_p": 3, "date2019_p": 6, "date2020_p": 2, "date2021_p": 6, "CONTINENT": "Asia", "area": 0.691034, "Type": 0, "Nation": "India", "Locations": "[81.9695900000000,16.4126500000000;81.9766400000000,16.4195800000000]", "ORIG_FID": 20191 }, "geometry": { "type": "Point", "coordinates": [ 81.973115, 16.416115 ] } },
{ "type": "Feature", "properties": { "Points_num": 633, "Min_date": "2012-02-16", "Max_date": "2021-03-11", "date2012_p": 17, "date2013_p": 17, "date2014_p": 75, "date2015_p": 107, "date2016_p": 10, "date2017_p": 8, "date2018_p": 36, "date2019_p": 24, "date2020_p": 6, "date2021_p": 3, "CONTINENT": "Asia", "area": 0.676184, "Type": 0, "Nation": "India", "Locations": "[82.0848100000000,16.4806900000000;82.0917100000000,16.4876100000000]", "ORIG_FID": 20192 }, "geometry": { "type": "Point", "coordinates": [ 82.08826, 16.48415 ] } },
{ "type": "Feature", "properties": { "Points_num": 165, "Min_date": "2012-01-26", "Max_date": "2021-03-06", "date2012_p": 5, "date2013_p": 5, "date2014_p": 5, "date2015_p": 10, "date2016_p": 12, "date2017_p": 16, "date2018_p": 7, "date2019_p": 9, "date2020_p": 12, "date2021_p": 5, "CONTINENT": "Asia", "area": 0.324148, "Type": 0, "Nation": "India", "Locations": "[81.9566300000000,16.8800800000000;81.9608500000000,16.8855300000000]", "ORIG_FID": 20193 }, "geometry": { "type": "Point", "coordinates": [ 81.95874, 16.882805 ] } },
{ "type": "Feature", "properties": { "Points_num": 1201, "Min_date": "2015-12-16", "Max_date": "2020-02-21", "date2012_p": 0, "date2013_p": 0, "date2014_p": 0, "date2015_p": 13, "date2016_p": 209, "date2017_p": 97, "date2018_p": 124, "date2019_p": 45, "date2020_p": 21, "date2021_p": 0, "CONTINENT": "Asia", "area": 0.655214, "Type": 0, "Nation": "India", "Locations": "[81.9180700000000,16.4062900000000;81.9251800000000,16.4128100000000]", "ORIG_FID": 20194 }, "geometry": { "type": "Point", "coordinates": [ 81.921625, 16.40955 ] } },
{ "type": "Feature", "properties": { "Points_num": 161, "Min_date": "2015-01-27", "Max_date": "2020-03-10", "date2012_p": 0, "date2013_p": 0, "date2014_p": 0, "date2015_p": 40, "date2016_p": 3, "date2017_p": 1, "date2018_p": 16, "date2019_p": 6, "date2020_p": 1, "date2021_p": 0, "CONTINENT": "Asia", "area": 0.325036, "Type": 0, "Nation": "India", "Locations": "[81.8925400000000,16.4976300000000;81.8974800000000,16.5022900000000]", "ORIG_FID": 20195 }, "geometry": { "type": "Point", "coordinates": [ 81.89501, 16.49996 ] } },
{ "type": "Feature", "properties": { "Points_num": 153, "Min_date": "2012-01-24", "Max_date": "2021-02-12", "date2012_p": 14, "date2013_p": 14, "date2014_p": 3, "date2015_p": 2, "date2016_p": 1, "date2017_p": 10, "date2018_p": 17, "date2019_p": 3, "date2020_p": 0, "date2021_p": 2, "CONTINENT": "Asia", "area": 0.208174, "Type": 0, "Nation": "India", "Locations": "[79.8955400000000,16.4889500000000;79.8993500000000,16.4929300000000]", "ORIG_FID": 20196 }, "geometry": { "type": "Point", "coordinates": [ 79.897445, 16.49094 ] } },
{ "type": "Feature", "properties": { "Points_num": 77, "Min_date": "2012-01-20", "Max_date": "2021-03-11", "date2012_p": 14, "date2013_p": 14, "date2014_p": 4, "date2015_p": 1, "date2016_p": 2, "date2017_p": 0, "date2018_p": 0, "date2019_p": 1, "date2020_p": 0, "date2021_p": 3, "CONTINENT": "Asia", "area": 0.152367, "Type": 0, "Nation": "India", "Locations": "[79.5009200000000,16.6227600000000;79.5046800000000,16.6257300000000]", "ORIG_FID": 20197 }, "geometry": { "type": "Point", "coordinates": [ 79.5028, 16.624245 ] } },
{ "type": "Feature", "properties": { "Points_num": 101, "Min_date": "2013-09-11", "Max_date": "2021-03-01", "date2012_p": 0, "date2013_p": 0, "date2014_p": 18, "date2015_p": 0, "date2016_p": 0, "date2017_p": 0, "date2018_p": 0, "date2019_p": 18, "date2020_p": 31, "date2021_p": 10, "CONTINENT": "Asia", "area": 0.248571, "Type": 0, "Nation": "India", "Locations": "[80.9361800000000,15.9609700000000;80.9413200000000,15.9644300000000]", "ORIG_FID": 20198 }, "geometry": { "type": "Point", "coordinates": [ 80.93875, 15.9627 ] } },
{ "type": "Feature", "properties": { "Points_num": 112, "Min_date": "2012-11-23", "Max_date": "2021-03-16", "date2012_p": 5, "date2013_p": 5, "date2014_p": 7, "date2015_p": 11, "date2016_p": 7, "date2017_p": 5, "date2018_p": 5, "date2019_p": 1, "date2020_p": 9, "date2021_p": 14, "CONTINENT": "Asia", "area": 0.081917, "Type": 0, "Nation": "India", "Locations": "[80.0365800000000,16.8307200000000;80.0386600000000,16.8335900000000]", "ORIG_FID": 20199 }, "geometry": { "type": "Point", "coordinates": [ 80.03762, 16.832155 ] } },
{ "type": "Feature", "properties": { "Points_num": 498, "Min_date": "2012-12-02", "Max_date": "2021-02-15", "date2012_p": 1, "date2013_p": 1, "date2014_p": 26, "date2015_p": 19, "date2016_p": 26, "date2017_p": 23, "date2018_p": 21, "date2019_p": 63, "date2020_p": 55, "date2021_p": 58, "CONTINENT": "Asia", "area": 0.338128, "Type": 0, "Nation": "India", "Locations": "[80.0199100000000,16.8691000000000;80.0246600000000,16.8742900000000]", "ORIG_FID": 20200 }, "geometry": { "type": "Point", "coordinates": [ 80.022285, 16.871695 ] } },
{ "type": "Feature", "properties": { "Points_num": 59, "Min_date": "2012-02-15", "Max_date": "2021-08-07", "date2012_p": 8, "date2013_p": 8, "date2014_p": 1, "date2015_p": 3, "date2016_p": 0, "date2017_p": 0, "date2018_p": 0, "date2019_p": 5, "date2020_p": 4, "date2021_p": 7, "CONTINENT": "Asia", "area": 0.121829, "Type": 0, "Nation": "India", "Locations": "[80.1195500000000,16.8735200000000;80.1222300000000,16.8768300000000]", "ORIG_FID": 20201 }, "geometry": { "type": "Point", "coordinates": [ 80.12089, 16.875175 ] } },
{ "type": "Feature", "properties": { "Points_num": 412, "Min_date": "2013-11-12", "Max_date": "2021-01-01", "date2012_p": 0, "date2013_p": 0, "date2014_p": 0, "date2015_p": 6, "date2016_p": 0, "date2017_p": 14, "date2018_p": 55, "date2019_p": 83, "date2020_p": 27, "date2021_p": 39, "CONTINENT": "Asia", "area": 0.196325, "Type": 0, "Nation": "India", "Locations": "[77.3612000000000,15.9131000000000;77.3647800000000,15.9172100000000]", "ORIG_FID": 20202 }, "geometry": { "type": "Point", "coordinates": [ 77.36299, 15.915155 ] } },
{ "type": "Feature", "properties": { "Points_num": 20, "Min_date": "2012-11-13", "Max_date": "2014-05-11", "date2012_p": 2, "date2013_p": 2, "date2014_p": 6, "date2015_p": 0, "date2016_p": 0, "date2017_p": 0, "date2018_p": 0, "date2019_p": 0, "date2020_p": 0, "date2021_p": 0, "CONTINENT": "Asia", "area": 0.095002, "Type": 0, "Nation": "India", "Locations": "[78.2156800000000,15.3627600000000;78.2187600000000,15.3650400000000]", "ORIG_FID": 20203 }, "geometry": { "type": "Point", "coordinates": [ 78.21722, 15.3639 ] } },
{ "type": "Feature", "properties": { "Points_num": 1750, "Min_date": "2012-01-20", "Max_date": "2021-02-27", "date2012_p": 111, "date2013_p": 111, "date2014_p": 107, "date2015_p": 76, "date2016_p": 73, "date2017_p": 96, "date2018_p": 109, "date2019_p": 50, "date2020_p": 62, "date2021_p": 66, "CONTINENT": "Asia", "area": 0.366944, "Type": 0, "Nation": "India", "Locations": "[78.0119900000000,15.0203800000000;78.0172800000000,15.0255100000000]", "ORIG_FID": 20204 }, "geometry": { "type": "Point", "coordinates": [ 78.014635, 15.022945 ] } },
{ "type": "Feature", "properties": { "Points_num": 480, "Min_date": "2012-10-08", "Max_date": "2021-12-27", "date2012_p": 18, "date2013_p": 18, "date2014_p": 33, "date2015_p": 19, "date2016_p": 20, "date2017_p": 28, "date2018_p": 32, "date2019_p": 11, "date2020_p": 18, "date2021_p": 19, "CONTINENT": "Asia", "area": 0.257446, "Type": 0, "Nation": "India", "Locations": "[78.4557200000000,15.6821300000000;78.4600700000000,15.6865000000000]", "ORIG_FID": 20205 }, "geometry": { "type": "Point", "coordinates": [ 78.457895, 15.684315 ] } },
{ "type": "Feature", "properties": { "Points_num": 266, "Min_date": "2012-01-27", "Max_date": "2021-10-22", "date2012_p": 61, "date2013_p": 61, "date2014_p": 1, "date2015_p": 4, "date2016_p": 4, "date2017_p": 0, "date2018_p": 0, "date2019_p": 0, "date2020_p": 0, "date2021_p": 1, "CONTINENT": "Asia", "area": 0.798937, "Type": 0, "Nation": "India", "Locations": "[79.9835100000000,14.1318500000000;79.9907600000000,14.1397500000000]", "ORIG_FID": 20206 }, "geometry": { "type": "Point", "coordinates": [ 79.987135, 14.1358 ] } },
{ "type": "Feature", "properties": { "Points_num": 100, "Min_date": "2012-03-10", "Max_date": "2020-05-06", "date2012_p": 31, "date2013_p": 31, "date2014_p": 0, "date2015_p": 0, "date2016_p": 0, "date2017_p": 0, "date2018_p": 0, "date2019_p": 0, "date2020_p": 3, "date2021_p": 0, "CONTINENT": "Asia", "area": 0.227156, "Type": 0, "Nation": "India", "Locations": "[80.1005900000000,14.2579200000000;80.1045200000000,14.2620600000000]", "ORIG_FID": 20207 }, "geometry": { "type": "Point", "coordinates": [ 80.102555, 14.25999 ] } },
{ "type": "Feature", "properties": { "Points_num": 42, "Min_date": "2017-01-15", "Max_date": "2021-11-21", "date2012_p": 0, "date2013_p": 0, "date2014_p": 0, "date2015_p": 0, "date2016_p": 0, "date2017_p": 10, "date2018_p": 3, "date2019_p": 3, "date2020_p": 2, "date2021_p": 4, "CONTINENT": "Asia", "area": 0.180716, "Type": 0, "Nation": "India", "Locations": "[83.5410300000000,18.2645200000000;83.5440500000000,18.2687100000000]", "ORIG_FID": 20208 }, "geometry": { "type": "Point", "coordinates": [ 83.54254, 18.266615 ] } },
{ "type": "Feature", "properties": { "Points_num": 1492, "Min_date": "2012-03-18", "Max_date": "2021-06-04", "date2012_p": 62, "date2013_p": 62, "date2014_p": 413, "date2015_p": 55, "date2016_p": 79, "date2017_p": 12, "date2018_p": 0, "date2019_p": 7, "date2020_p": 0, "date2021_p": 1, "CONTINENT": "Asia", "area": 1.6914, "Type": 0, "Nation": "India", "Locations": "[83.2117300000000,17.6347900000000;83.2247300000000,17.6439000000000]", "ORIG_FID": 20209 }, "geometry": { "type": "Point", "coordinates": [ 83.21823, 17.639345 ] } },
{ "type": "Feature", "properties": { "Points_num": 489, "Min_date": "2014-10-19", "Max_date": "2021-10-26", "date2012_p": 0, "date2013_p": 0, "date2014_p": 4, "date2015_p": 1, "date2016_p": 0, "date2017_p": 0, "date2018_p": 59, "date2019_p": 59, "date2020_p": 105, "date2021_p": 80, "CONTINENT": "Asia", "area": 0.507391, "Type": 0, "Nation": "India", "Locations": "[83.1809600000000,17.5971500000000;83.1876900000000,17.6024300000000]", "ORIG_FID": 20210 }, "geometry": { "type": "Point", "coordinates": [ 83.184325, 17.59979 ] } },
{ "type": "Feature", "properties": { "Points_num": 9505, "Min_date": "2012-01-20", "Max_date": "2021-02-22", "date2012_p": 435, "date2013_p": 435, "date2014_p": 418, "date2015_p": 511, "date2016_p": 492, "date2017_p": 475, "date2018_p": 544, "date2019_p": 655, "date2020_p": 449, "date2021_p": 696, "CONTINENT": "Asia", "area": 10.7016, "Type": 0, "Nation": "India", "Locations": "[83.1879600000000,17.5955000000000;83.2129800000000,17.6254500000000]", "ORIG_FID": 20211 }, "geometry": { "type": "Point", "coordinates": [ 83.20047, 17.610475 ] } },
{ "type": "Feature", "properties": { "Points_num": 241, "Min_date": "2012-01-20", "Max_date": "2021-10-09", "date2012_p": 9, "date2013_p": 9, "date2014_p": 10, "date2015_p": 18, "date2016_p": 3, "date2017_p": 11, "date2018_p": 13, "date2019_p": 17, "date2020_p": 24, "date2021_p": 28, "CONTINENT": "Asia", "area": 0.323907, "Type": 0, "Nation": "India", "Locations": "[83.2425000000000,17.6913500000000;83.2470000000000,17.6963900000000]", "ORIG_FID": 20212 }, "geometry": { "type": "Point", "coordinates": [ 83.24475, 17.69387 ] } },
{ "type": "Feature", "properties": { "Points_num": 249, "Min_date": "2012-04-10", "Max_date": "2021-08-22", "date2012_p": 8, "date2013_p": 8, "date2014_p": 9, "date2015_p": 15, "date2016_p": 2, "date2017_p": 3, "date2018_p": 15, "date2019_p": 18, "date2020_p": 40, "date2021_p": 38, "CONTINENT": "Asia", "area": 0.428767, "Type": 0, "Nation": "India", "Locations": "[83.2375100000000,17.6910800000000;83.2424000000000,17.6972200000000]", "ORIG_FID": 20213 }, "geometry": { "type": "Point", "coordinates": [ 83.239955, 17.69415 ] } },
{ "type": "Feature", "properties": { "Points_num": 66, "Min_date": "2012-01-31", "Max_date": "2019-05-30", "date2012_p": 7, "date2013_p": 7, "date2014_p": 6, "date2015_p": 4, "date2016_p": 0, "date2017_p": 2, "date2018_p": 0, "date2019_p": 1, "date2020_p": 0, "date2021_p": 0, "CONTINENT": "Asia", "area": 0.085268, "Type": 0, "Nation": "India", "Locations": "[83.2605000000000,17.7171100000000;83.2644800000000,17.7186100000000]", "ORIG_FID": 20214 }, "geometry": { "type": "Point", "coordinates": [ 83.26249, 17.71786 ] } },
{ "type": "Feature", "properties": { "Points_num": 169, "Min_date": "2012-08-13", "Max_date": "2021-11-21", "date2012_p": 14, "date2013_p": 14, "date2014_p": 7, "date2015_p": 1, "date2016_p": 0, "date2017_p": 8, "date2018_p": 8, "date2019_p": 15, "date2020_p": 10, "date2021_p": 16, "CONTINENT": "Asia", "area": 0.37527, "Type": 0, "Nation": "India", "Locations": "[82.9992500000000,17.5289100000000;83.0045500000000,17.5338800000000]", "ORIG_FID": 20215 }, "geometry": { "type": "Point", "coordinates": [ 83.0019, 17.531395 ] } },
{ "type": "Feature", "properties": { "Points_num": 110, "Min_date": "2014-08-08", "Max_date": "2021-08-22", "date2012_p": 0, "date2013_p": 0, "date2014_p": 8, "date2015_p": 3, "date2016_p": 0, "date2017_p": 15, "date2018_p": 11, "date2019_p": 6, "date2020_p": 5, "date2021_p": 2, "CONTINENT": "Asia", "area": 0.292459, "Type": 0, "Nation": "India", "Locations": "[83.2196400000000,17.9405800000000;83.2250700000000,17.9443600000000]", "ORIG_FID": 20216 }, "geometry": { "type": "Point", "coordinates": [ 83.222355, 17.94247 ] } },
{ "type": "Feature", "properties": { "Points_num": 243, "Min_date": "2012-02-07", "Max_date": "2021-03-22", "date2012_p": 1, "date2013_p": 1, "date2014_p": 9, "date2015_p": 22, "date2016_p": 22, "date2017_p": 20, "date2018_p": 15, "date2019_p": 8, "date2020_p": 12, "date2021_p": 11, "CONTINENT": "Asia", "area": 0.383798, "Type": 0, "Nation": "India", "Locations": "[83.1573000000000,17.9612200000000;83.1636900000000,17.9654400000000]", "ORIG_FID": 20217 }, "geometry": { "type": "Point", "coordinates": [ 83.160495, 17.96333 ] } },
{ "type": "Feature", "properties": { "Points_num": 465, "Min_date": "2012-02-15", "Max_date": "2021-12-19", "date2012_p": 16, "date2013_p": 16, "date2014_p": 34, "date2015_p": 2, "date2016_p": 7, "date2017_p": 29, "date2018_p": 49, "date2019_p": 9, "date2020_p": 18, "date2021_p": 21, "CONTINENT": "Asia", "area": 0.402215, "Type": 0, "Nation": "India", "Locations": "[78.5781700000000,14.5856600000000;78.5840500000000,14.5906700000000]", "ORIG_FID": 20218 }, "geometry": { "type": "Point", "coordinates": [ 78.58111, 14.588165 ] } },
{ "type": "Feature", "properties": { "Points_num": 1064, "Min_date": "2012-01-20", "Max_date": "2021-02-10", "date2012_p": 41, "date2013_p": 41, "date2014_p": 52, "date2015_p": 54, "date2016_p": 48, "date2017_p": 35, "date2018_p": 100, "date2019_p": 51, "date2020_p": 55, "date2021_p": 16, "CONTINENT": "Asia", "area": 0.475372, "Type": 0, "Nation": "India", "Locations": "[78.5194600000000,14.6027900000000;78.5257500000000,14.6083300000000]", "ORIG_FID": 20219 }, "geometry": { "type": "Point", "coordinates": [ 78.522605, 14.60556 ] } },
{ "type": "Feature", "properties": { "Points_num": 1157, "Min_date": "2012-01-27", "Max_date": "2021-12-02", "date2012_p": 103, "date2013_p": 103, "date2014_p": 31, "date2015_p": 6, "date2016_p": 10, "date2017_p": 5, "date2018_p": 0, "date2019_p": 101, "date2020_p": 217, "date2021_p": 253, "CONTINENT": "Asia", "area": 0.690186, "Type": 0, "Nation": "India", "Locations": "[96.0365100000000,27.5543300000000;96.0430900000000,27.5609100000000]", "ORIG_FID": 20220 }, "geometry": { "type": "Point", "coordinates": [ 96.0398, 27.55762 ] } },
{ "type": "Feature", "properties": { "Points_num": 456, "Min_date": "2012-01-31", "Max_date": "2021-11-25", "date2012_p": 10, "date2013_p": 10, "date2014_p": 37, "date2015_p": 30, "date2016_p": 20, "date2017_p": 20, "date2018_p": 0, "date2019_p": 11, "date2020_p": 114, "date2021_p": 34, "CONTINENT": "Asia", "area": 1.4355, "Type": 0, "Nation": "India", "Locations": "[90.5256700000000,26.5196200000000;90.5392800000000,26.5268300000000]", "ORIG_FID": 20221 }, "geometry": { "type": "Point", "coordinates": [ 90.532475, 26.523225 ] } },
{ "type": "Feature", "properties": { "Points_num": 962, "Min_date": "2012-01-24", "Max_date": "2021-03-18", "date2012_p": 6, "date2013_p": 6, "date2014_p": 36, "date2015_p": 67, "date2016_p": 115, "date2017_p": 159, "date2018_p": 0, "date2019_p": 53, "date2020_p": 29, "date2021_p": 16, "CONTINENT": "Asia", "area": 0.886702, "Type": 0, "Nation": "India", "Locations": "[95.1201500000000,27.2622800000000;95.1280100000000,27.2694500000000]", "ORIG_FID": 20222 }, "geometry": { "type": "Point", "coordinates": [ 95.12408, 27.265865 ] } },
{ "type": "Feature", "properties": { "Points_num": 423, "Min_date": "2012-05-05", "Max_date": "2021-12-18", "date2012_p": 9, "date2013_p": 9, "date2014_p": 68, "date2015_p": 49, "date2016_p": 6, "date2017_p": 23, "date2018_p": 0, "date2019_p": 16, "date2020_p": 0, "date2021_p": 3, "CONTINENT": "Asia", "area": 0.730325, "Type": 1, "Nation": "India", "Locations": "[95.1472500000000,27.2571600000000;95.1543000000000,27.2637400000000]", "ORIG_FID": 20223 }, "geometry": { "type": "Point", "coordinates": [ 95.150775, 27.26045 ] } },
{ "type": "Feature", "properties": { "Points_num": 1409, "Min_date": "2012-12-21", "Max_date": "2021-11-16", "date2012_p": 7, "date2013_p": 7, "date2014_p": 264, "date2015_p": 251, "date2016_p": 29, "date2017_p": 1, "date2018_p": 0, "date2019_p": 103, "date2020_p": 49, "date2021_p": 29, "CONTINENT": "Asia", "area": 1.27195, "Type": 0, "Nation": "India", "Locations": "[95.2724400000000,27.3204100000000;95.2816500000000,27.3291700000000]", "ORIG_FID": 20224 }, "geometry": { "type": "Point", "coordinates": [ 95.277045, 27.32479 ] } },
{ "type": "Feature", "properties": { "Points_num": 85, "Min_date": "2012-12-31", "Max_date": "2020-03-24", "date2012_p": 1, "date2013_p": 1, "date2014_p": 0, "date2015_p": 24, "date2016_p": 15, "date2017_p": 0, "date2018_p": 0, "date2019_p": 0, "date2020_p": 1, "date2021_p": 0, "CONTINENT": "Asia", "area": 0.387244, "Type": 0, "Nation": "India", "Locations": "[95.2969100000000,27.3231100000000;95.3031100000000,27.3270700000000]", "ORIG_FID": 20225 }, "geometry": { "type": "Point", "coordinates": [ 95.30001, 27.32509 ] } },
{ "type": "Feature", "properties": { "Points_num": 1262, "Min_date": "2012-02-09", "Max_date": "2021-11-27", "date2012_p": 68, "date2013_p": 68, "date2014_p": 127, "date2015_p": 184, "date2016_p": 44, "date2017_p": 49, "date2018_p": 0, "date2019_p": 6, "date2020_p": 17, "date2021_p": 51, "CONTINENT": "Asia", "area": 1.02825, "Type": 1, "Nation": "India", "Locations": "[95.2623500000000,27.3143700000000;95.2714600000000,27.3215300000000]", "ORIG_FID": 20226 }, "geometry": { "type": "Point", "coordinates": [ 95.266905, 27.31795 ] } },
{ "type": "Feature", "properties": { "Points_num": 273, "Min_date": "2012-01-31", "Max_date": "2021-02-18", "date2012_p": 17, "date2013_p": 17, "date2014_p": 33, "date2015_p": 56, "date2016_p": 0, "date2017_p": 5, "date2018_p": 0, "date2019_p": 4, "date2020_p": 2, "date2021_p": 5, "CONTINENT": "Asia", "area": 0.583224, "Type": 0, "Nation": "India", "Locations": "[95.3156900000000,27.3497800000000;95.3219900000000,27.3556500000000]", "ORIG_FID": 20227 }, "geometry": { "type": "Point", "coordinates": [ 95.31884, 27.352715 ] } },
{ "type": "Feature", "properties": { "Points_num": 591, "Min_date": "2012-02-12", "Max_date": "2021-12-05", "date2012_p": 2, "date2013_p": 2, "date2014_p": 57, "date2015_p": 63, "date2016_p": 101, "date2017_p": 18, "date2018_p": 0, "date2019_p": 0, "date2020_p": 82, "date2021_p": 23, "CONTINENT": "Asia", "area": 0.714866, "Type": 0, "Nation": "India", "Locations": "[95.3916400000000,27.2986800000000;95.3990900000000,27.3047500000000]", "ORIG_FID": 20228 }, "geometry": { "type": "Point", "coordinates": [ 95.395365, 27.301715 ] } },
{ "type": "Feature", "properties": { "Points_num": 176, "Min_date": "2012-03-04", "Max_date": "2017-01-24", "date2012_p": 24, "date2013_p": 24, "date2014_p": 3, "date2015_p": 0, "date2016_p": 17, "date2017_p": 12, "date2018_p": 0, "date2019_p": 0, "date2020_p": 0, "date2021_p": 0, "CONTINENT": "Asia", "area": 0.418533, "Type": 0, "Nation": "India", "Locations": "[95.3631900000000,27.2652100000000;95.3691800000000,27.2696300000000]", "ORIG_FID": 20229 }, "geometry": { "type": "Point", "coordinates": [ 95.366185, 27.26742 ] } },
{ "type": "Feature", "properties": { "Points_num": 570, "Min_date": "2012-01-23", "Max_date": "1899-12-30", "date2012_p": 134, "date2013_p": 134, "date2014_p": 11, "date2015_p": 10, "date2016_p": 12, "date2017_p": 0, "date2018_p": 0, "date2019_p": 0, "date2020_p": 0, "date2021_p": 0, "CONTINENT": "Asia", "area": 0.727217, "Type": 1, "Nation": "India", "Locations": "[95.1901400000000,27.4439300000000;95.1966700000000,27.4510200000000]", "ORIG_FID": 20230 }, "geometry": { "type": "Point", "coordinates": [ 95.193405, 27.447475 ] } },
{ "type": "Feature", "properties": { "Points_num": 87, "Min_date": "2014-01-29", "Max_date": "2021-04-29", "date2012_p": 0, "date2013_p": 0, "date2014_p": 0, "date2015_p": 5, "date2016_p": 24, "date2017_p": 1, "date2018_p": 0, "date2019_p": 4, "date2020_p": 7, "date2021_p": 5, "CONTINENT": "Asia", "area": 0.416548, "Type": 0, "Nation": "India", "Locations": "[95.1943900000000,27.3767700000000;95.1998400000000,27.3816300000000]", "ORIG_FID": 20231 }, "geometry": { "type": "Point", "coordinates": [ 95.197115, 27.3792 ] } },
{ "type": "Feature", "properties": { "Points_num": 1285, "Min_date": "2015-06-25", "Max_date": "2021-04-22", "date2012_p": 0, "date2013_p": 0, "date2014_p": 0, "date2015_p": 167, "date2016_p": 308, "date2017_p": 100, "date2018_p": 0, "date2019_p": 24, "date2020_p": 33, "date2021_p": 38, "CONTINENT": "Asia", "area": 2.30733, "Type": 0, "Nation": "India", "Locations": "[94.8877000000000,27.3628500000000;94.9034300000000,27.3722300000000]", "ORIG_FID": 20232 }, "geometry": { "type": "Point", "coordinates": [ 94.895565, 27.36754 ] } },
{ "type": "Feature", "properties": { "Points_num": 628, "Min_date": "2012-01-22", "Max_date": "2016-01-06", "date2012_p": 148, "date2013_p": 148, "date2014_p": 38, "date2015_p": 6, "date2016_p": 3, "date2017_p": 0, "date2018_p": 0, "date2019_p": 0, "date2020_p": 0, "date2021_p": 0, "CONTINENT": "Asia", "area": 0.907667, "Type": 0, "Nation": "India", "Locations": "[95.0821400000000,27.4454500000000;95.0907700000000,27.4521600000000]", "ORIG_FID": 20233 }, "geometry": { "type": "Point", "coordinates": [ 95.086455, 27.448805 ] } },
{ "type": "Feature", "properties": { "Points_num": 26, "Min_date": "2012-01-26", "Max_date": "1899-12-30", "date2012_p": 7, "date2013_p": 7, "date2014_p": 0, "date2015_p": 0, "date2016_p": 0, "date2017_p": 0, "date2018_p": 0, "date2019_p": 0, "date2020_p": 0, "date2021_p": 0, "CONTINENT": "Asia", "area": 0.137086, "Type": 1, "Nation": "India", "Locations": "[94.9844700000000,27.4384100000000;94.9874200000000,27.4413800000000]", "ORIG_FID": 20234 }, "geometry": { "type": "Point", "coordinates": [ 94.985945, 27.439895 ] } },
{ "type": "Feature", "properties": { "Points_num": 606, "Min_date": "2012-01-27", "Max_date": "2021-12-23", "date2012_p": 8, "date2013_p": 8, "date2014_p": 79, "date2015_p": 49, "date2016_p": 38, "date2017_p": 40, "date2018_p": 0, "date2019_p": 5, "date2020_p": 6, "date2021_p": 48, "CONTINENT": "Asia", "area": 0.466888, "Type": 1, "Nation": "India", "Locations": "[95.0847800000000,27.3744500000000;95.0907300000000,27.3794500000000]", "ORIG_FID": 20235 }, "geometry": { "type": "Point", "coordinates": [ 95.087755, 27.37695 ] } },
{ "type": "Feature", "properties": { "Points_num": 906, "Min_date": "2012-02-12", "Max_date": "2019-03-29", "date2012_p": 100, "date2013_p": 100, "date2014_p": 90, "date2015_p": 41, "date2016_p": 60, "date2017_p": 41, "date2018_p": 0, "date2019_p": 1, "date2020_p": 0, "date2021_p": 0, "CONTINENT": "Asia", "area": 0.780847, "Type": 0, "Nation": "India", "Locations": "[95.1132400000000,27.3972500000000;95.1199900000000,27.4046200000000]", "ORIG_FID": 20236 }, "geometry": { "type": "Point", "coordinates": [ 95.116615, 27.400935 ] } },
{ "type": "Feature", "properties": { "Points_num": 431, "Min_date": "2012-02-23", "Max_date": "2017-03-03", "date2012_p": 16, "date2013_p": 16, "date2014_p": 83, "date2015_p": 76, "date2016_p": 6, "date2017_p": 1, "date2018_p": 0, "date2019_p": 0, "date2020_p": 0, "date2021_p": 0, "CONTINENT": "Asia", "area": 0.382925, "Type": 1, "Nation": "India", "Locations": "[95.1219100000000,27.4228800000000;95.1266300000000,27.4280500000000]", "ORIG_FID": 20237 }, "geometry": { "type": "Point", "coordinates": [ 95.12427, 27.425465 ] } },
{ "type": "Feature", "properties": { "Points_num": 1050, "Min_date": "2012-01-21", "Max_date": "2021-02-05", "date2012_p": 123, "date2013_p": 123, "date2014_p": 100, "date2015_p": 135, "date2016_p": 26, "date2017_p": 30, "date2018_p": 0, "date2019_p": 0, "date2020_p": 6, "date2021_p": 1, "CONTINENT": "Asia", "area": 0.604973, "Type": 1, "Nation": "India", "Locations": "[93.8900800000000,26.0554300000000;93.8962900000000,26.0616500000000]", "ORIG_FID": 20238 }, "geometry": { "type": "Point", "coordinates": [ 93.893185, 26.05854 ] } },
{ "type": "Feature", "properties": { "Points_num": 229, "Min_date": "2012-01-31", "Max_date": "2021-11-07", "date2012_p": 2, "date2013_p": 2, "date2014_p": 1, "date2015_p": 2, "date2016_p": 2, "date2017_p": 2, "date2018_p": 0, "date2019_p": 58, "date2020_p": 72, "date2021_p": 35, "CONTINENT": "Asia", "area": 0.309645, "Type": 0, "Nation": "India", "Locations": "[93.9269000000000,26.0615300000000;93.9313400000000,26.0659800000000]", "ORIG_FID": 20239 }, "geometry": { "type": "Point", "coordinates": [ 93.92912, 26.063755 ] } },
{ "type": "Feature", "properties": { "Points_num": 2665, "Min_date": "2012-01-22", "Max_date": "2021-11-05", "date2012_p": 103, "date2013_p": 103, "date2014_p": 170, "date2015_p": 288, "date2016_p": 327, "date2017_p": 240, "date2018_p": 0, "date2019_p": 37, "date2020_p": 27, "date2021_p": 27, "CONTINENT": "Asia", "area": 1.02543, "Type": 0, "Nation": "India", "Locations": "[94.6856800000000,26.7894200000000;94.6941500000000,26.7971200000000]", "ORIG_FID": 20240 }, "geometry": { "type": "Point", "coordinates": [ 94.689915, 26.79327 ] } },
{ "type": "Feature", "properties": { "Points_num": 750, "Min_date": "2012-02-06", "Max_date": "2021-09-04", "date2012_p": 36, "date2013_p": 36, "date2014_p": 73, "date2015_p": 63, "date2016_p": 55, "date2017_p": 65, "date2018_p": 0, "date2019_p": 10, "date2020_p": 18, "date2021_p": 28, "CONTINENT": "Asia", "area": 0.964538, "Type": 0, "Nation": "India", "Locations": "[94.6912800000000,26.8061600000000;94.6992900000000,26.8138200000000]", "ORIG_FID": 20241 }, "geometry": { "type": "Point", "coordinates": [ 94.695285, 26.80999 ] } },
{ "type": "Feature", "properties": { "Points_num": 673, "Min_date": "2012-04-28", "Max_date": "2021-02-23", "date2012_p": 10, "date2013_p": 10, "date2014_p": 14, "date2015_p": 79, "date2016_p": 107, "date2017_p": 43, "date2018_p": 0, "date2019_p": 55, "date2020_p": 41, "date2021_p": 44, "CONTINENT": "Asia", "area": 0.793561, "Type": 0, "Nation": "India", "Locations": "[94.6679800000000,26.7814000000000;94.6759300000000,26.7877500000000]", "ORIG_FID": 20242 }, "geometry": { "type": "Point", "coordinates": [ 94.671955, 26.784575 ] } },
{ "type": "Feature", "properties": { "Points_num": 95, "Min_date": "2012-12-01", "Max_date": "2021-12-24", "date2012_p": 1, "date2013_p": 1, "date2014_p": 10, "date2015_p": 12, "date2016_p": 12, "date2017_p": 9, "date2018_p": 0, "date2019_p": 0, "date2020_p": 1, "date2021_p": 1, "CONTINENT": "Asia", "area": 0.433009, "Type": 0, "Nation": "India", "Locations": "[94.5852300000000,26.9679400000000;94.5907100000000,26.9729900000000]", "ORIG_FID": 20243 }, "geometry": { "type": "Point", "coordinates": [ 94.58797, 26.970465 ] } },
{ "type": "Feature", "properties": { "Points_num": 176, "Min_date": "2015-11-03", "Max_date": "1899-12-30", "date2012_p": 0, "date2013_p": 0, "date2014_p": 0, "date2015_p": 4, "date2016_p": 27, "date2017_p": 49, "date2018_p": 0, "date2019_p": 2, "date2020_p": 0, "date2021_p": 0, "CONTINENT": "Asia", "area": 0.452165, "Type": 0, "Nation": "India", "Locations": "[94.7387200000000,26.9607600000000;94.7445400000000,26.9657100000000]", "ORIG_FID": 20244 }, "geometry": { "type": "Point", "coordinates": [ 94.74163, 26.963235 ] } },
{ "type": "Feature", "properties": { "Points_num": 195, "Min_date": "2015-03-16", "Max_date": "2021-12-28", "date2012_p": 0, "date2013_p": 0, "date2014_p": 0, "date2015_p": 1, "date2016_p": 25, "date2017_p": 40, "date2018_p": 0, "date2019_p": 9, "date2020_p": 5, "date2021_p": 11, "CONTINENT": "Asia", "area": 0.822371, "Type": 0, "Nation": "India", "Locations": "[94.8872800000000,27.0275300000000;94.8948600000000,27.0344300000000]", "ORIG_FID": 20245 }, "geometry": { "type": "Point", "coordinates": [ 94.89107, 27.03098 ] } },
{ "type": "Feature", "properties": { "Points_num": 111, "Min_date": "2012-04-19", "Max_date": "2021-11-05", "date2012_p": 6, "date2013_p": 6, "date2014_p": 12, "date2015_p": 22, "date2016_p": 0, "date2017_p": 1, "date2018_p": 0, "date2019_p": 1, "date2020_p": 0, "date2021_p": 1, "CONTINENT": "Asia", "area": 0.334609, "Type": 0, "Nation": "India", "Locations": "[94.8835400000000,27.0335300000000;94.8874100000000,27.0390300000000]", "ORIG_FID": 20246 }, "geometry": { "type": "Point", "coordinates": [ 94.885475, 27.03628 ] } },
{ "type": "Feature", "properties": { "Points_num": 76, "Min_date": "2012-05-04", "Max_date": "2017-04-12", "date2012_p": 9, "date2013_p": 9, "date2014_p": 1, "date2015_p": 1, "date2016_p": 1, "date2017_p": 18, "date2018_p": 0, "date2019_p": 0, "date2020_p": 0, "date2021_p": 0, "CONTINENT": "Asia", "area": 0.306256, "Type": 1, "Nation": "India", "Locations": "[94.8979400000000,27.0030000000000;94.9018100000000,27.0080300000000]", "ORIG_FID": 20247 }, "geometry": { "type": "Point", "coordinates": [ 94.899875, 27.005515 ] } },
{ "type": "Feature", "properties": { "Points_num": 152, "Min_date": "2016-05-10", "Max_date": "2020-12-30", "date2012_p": 0, "date2013_p": 0, "date2014_p": 0, "date2015_p": 0, "date2016_p": 3, "date2017_p": 23, "date2018_p": 0, "date2019_p": 20, "date2020_p": 3, "date2021_p": 0, "CONTINENT": "Asia", "area": 0.548609, "Type": 0, "Nation": "India", "Locations": "[94.8085900000000,26.9842000000000;94.8144100000000,26.9902000000000]", "ORIG_FID": 20248 }, "geometry": { "type": "Point", "coordinates": [ 94.8115, 26.9872 ] } },
{ "type": "Feature", "properties": { "Points_num": 6330, "Min_date": "2012-01-22", "Max_date": "2021-01-07", "date2012_p": 585, "date2013_p": 585, "date2014_p": 793, "date2015_p": 642, "date2016_p": 167, "date2017_p": 156, "date2018_p": 0, "date2019_p": 75, "date2020_p": 40, "date2021_p": 30, "CONTINENT": "Asia", "area": 1.88487, "Type": 0, "Nation": "India", "Locations": "[95.3970600000000,27.5998800000000;95.4082800000000,27.6105600000000]", "ORIG_FID": 20249 }, "geometry": { "type": "Point", "coordinates": [ 95.40267, 27.60522 ] } },
{ "type": "Feature", "properties": { "Points_num": 884, "Min_date": "2013-02-13", "Max_date": "2021-10-26", "date2012_p": 0, "date2013_p": 0, "date2014_p": 8, "date2015_p": 75, "date2016_p": 147, "date2017_p": 148, "date2018_p": 0, "date2019_p": 14, "date2020_p": 8, "date2021_p": 21, "CONTINENT": "Asia", "area": 0.91471, "Type": 0, "Nation": "India", "Locations": "[95.3958800000000,27.5314800000000;95.4039700000000,27.5386600000000]", "ORIG_FID": 20250 }, "geometry": { "type": "Point", "coordinates": [ 95.399925, 27.53507 ] } },
{ "type": "Feature", "properties": { "Points_num": 3690, "Min_date": "2012-01-22", "Max_date": "2021-11-27", "date2012_p": 229, "date2013_p": 229, "date2014_p": 350, "date2015_p": 285, "date2016_p": 289, "date2017_p": 98, "date2018_p": 0, "date2019_p": 142, "date2020_p": 184, "date2021_p": 301, "CONTINENT": "Asia", "area": 1.1882, "Type": 0, "Nation": "India", "Locations": "[95.4184300000000,27.4648500000000;95.4271900000000,27.4734500000000]", "ORIG_FID": 20251 }, "geometry": { "type": "Point", "coordinates": [ 95.42281, 27.46915 ] } },
{ "type": "Feature", "properties": { "Points_num": 68, "Min_date": "2014-10-17", "Max_date": "2021-12-19", "date2012_p": 0, "date2013_p": 0, "date2014_p": 3, "date2015_p": 8, "date2016_p": 4, "date2017_p": 11, "date2018_p": 0, "date2019_p": 0, "date2020_p": 0, "date2021_p": 14, "CONTINENT": "Asia", "area": 0.202306, "Type": 0, "Nation": "India", "Locations": "[95.3765100000000,27.4361500000000;95.3802400000000,27.4395900000000]", "ORIG_FID": 20252 }, "geometry": { "type": "Point", "coordinates": [ 95.378375, 27.43787 ] } },
{ "type": "Feature", "properties": { "Points_num": 1515, "Min_date": "2012-01-21", "Max_date": "2021-10-26", "date2012_p": 73, "date2013_p": 73, "date2014_p": 50, "date2015_p": 141, "date2016_p": 120, "date2017_p": 226, "date2018_p": 0, "date2019_p": 76, "date2020_p": 28, "date2021_p": 26, "CONTINENT": "Asia", "area": 0.871436, "Type": 0, "Nation": "India", "Locations": "[95.4726300000000,27.4574200000000;95.4803700000000,27.4645500000000]", "ORIG_FID": 20253 }, "geometry": { "type": "Point", "coordinates": [ 95.4765, 27.460985 ] } },
{ "type": "Feature", "properties": { "Points_num": 689, "Min_date": "2012-01-27", "Max_date": "2021-02-23", "date2012_p": 46, "date2013_p": 46, "date2014_p": 17, "date2015_p": 40, "date2016_p": 25, "date2017_p": 55, "date2018_p": 0, "date2019_p": 143, "date2020_p": 31, "date2021_p": 28, "CONTINENT": "Asia", "area": 0.529384, "Type": 0, "Nation": "India", "Locations": "[95.4315600000000,27.3905200000000;95.4374500000000,27.3962100000000]", "ORIG_FID": 20254 }, "geometry": { "type": "Point", "coordinates": [ 95.434505, 27.393365 ] } },
{ "type": "Feature", "properties": { "Points_num": 563, "Min_date": "2012-04-01", "Max_date": "2021-04-28", "date2012_p": 13, "date2013_p": 13, "date2014_p": 39, "date2015_p": 118, "date2016_p": 52, "date2017_p": 19, "date2018_p": 0, "date2019_p": 5, "date2020_p": 30, "date2021_p": 18, "CONTINENT": "Asia", "area": 0.746353, "Type": 0, "Nation": "India", "Locations": "[95.4779100000000,27.3369800000000;95.4846000000000,27.3440300000000]", "ORIG_FID": 20255 }, "geometry": { "type": "Point", "coordinates": [ 95.481255, 27.340505 ] } },
{ "type": "Feature", "properties": { "Points_num": 1115, "Min_date": "2012-03-31", "Max_date": "2020-04-12", "date2012_p": 60, "date2013_p": 60, "date2014_p": 126, "date2015_p": 131, "date2016_p": 67, "date2017_p": 62, "date2018_p": 0, "date2019_p": 2, "date2020_p": 1, "date2021_p": 0, "CONTINENT": "Asia", "area": 0.68684, "Type": 0, "Nation": "India", "Locations": "[95.2327700000000,27.4780600000000;95.2397200000000,27.4843500000000]", "ORIG_FID": 20256 }, "geometry": { "type": "Point", "coordinates": [ 95.236245, 27.481205 ] } },
{ "type": "Feature", "properties": { "Points_num": 498, "Min_date": "2012-01-22", "Max_date": "2020-12-25", "date2012_p": 62, "date2013_p": 62, "date2014_p": 58, "date2015_p": 36, "date2016_p": 26, "date2017_p": 12, "date2018_p": 0, "date2019_p": 4, "date2020_p": 1, "date2021_p": 0, "CONTINENT": "Asia", "area": 0.469489, "Type": 1, "Nation": "India", "Locations": "[95.6176100000000,27.7263000000000;95.6227100000000,27.7321400000000]", "ORIG_FID": 20257 }, "geometry": { "type": "Point", "coordinates": [ 95.62016, 27.72922 ] } },
{ "type": "Feature", "properties": { "Points_num": 62, "Min_date": "2015-01-11", "Max_date": "2019-02-13", "date2012_p": 0, "date2013_p": 0, "date2014_p": 0, "date2015_p": 10, "date2016_p": 3, "date2017_p": 10, "date2018_p": 0, "date2019_p": 6, "date2020_p": 0, "date2021_p": 0, "CONTINENT": "Asia", "area": 0.591302, "Type": 0, "Nation": "India", "Locations": "[95.7710600000000,27.2904200000000;95.7782400000000,27.2955900000000]", "ORIG_FID": 20258 }, "geometry": { "type": "Point", "coordinates": [ 95.77465, 27.293005 ] } },
{ "type": "Feature", "properties": { "Points_num": 101, "Min_date": "2013-12-09", "Max_date": "2015-01-18", "date2012_p": 0, "date2013_p": 0, "date2014_p": 45, "date2015_p": 3, "date2016_p": 0, "date2017_p": 0, "date2018_p": 0, "date2019_p": 0, "date2020_p": 0, "date2021_p": 0, "CONTINENT": "Asia", "area": 0.480018, "Type": 0, "Nation": "India", "Locations": "[95.7162200000000,27.2611500000000;95.7210600000000,27.2673800000000]", "ORIG_FID": 20259 }, "geometry": { "type": "Point", "coordinates": [ 95.71864, 27.264265 ] } },
{ "type": "Feature", "properties": { "Points_num": 1063, "Min_date": "2012-03-14", "Max_date": "2021-08-17", "date2012_p": 21, "date2013_p": 21, "date2014_p": 54, "date2015_p": 14, "date2016_p": 70, "date2017_p": 244, "date2018_p": 0, "date2019_p": 11, "date2020_p": 20, "date2021_p": 30, "CONTINENT": "Asia", "area": 1.57401, "Type": 0, "Nation": "India", "Locations": "[86.0618500000000,25.4320400000000;86.0750600000000,25.4406700000000]", "ORIG_FID": 20260 }, "geometry": { "type": "Point", "coordinates": [ 86.068455, 25.436355 ] } },
{ "type": "Feature", "properties": { "Points_num": 521, "Min_date": "2012-01-20", "Max_date": "2021-11-27", "date2012_p": 40, "date2013_p": 40, "date2014_p": 24, "date2015_p": 37, "date2016_p": 30, "date2017_p": 36, "date2018_p": 0, "date2019_p": 10, "date2020_p": 25, "date2021_p": 29, "CONTINENT": "Asia", "area": 0.633544, "Type": 0, "Nation": "India", "Locations": "[84.1455200000000,24.9251300000000;84.1524700000000,24.9318800000000]", "ORIG_FID": 20261 }, "geometry": { "type": "Point", "coordinates": [ 84.148995, 24.928505 ] } },
{ "type": "Feature", "properties": { "Points_num": 1723, "Min_date": "2012-01-20", "Max_date": "2021-11-26", "date2012_p": 88, "date2013_p": 88, "date2014_p": 106, "date2015_p": 118, "date2016_p": 146, "date2017_p": 129, "date2018_p": 0, "date2019_p": 72, "date2020_p": 50, "date2021_p": 42, "CONTINENT": "Asia", "area": 0.612001, "Type": 0, "Nation": "India", "Locations": "[84.1517800000000,24.9207600000000;84.1591000000000,24.9269500000000]", "ORIG_FID": 20262 }, "geometry": { "type": "Point", "coordinates": [ 84.15544, 24.923855 ] } },
{ "type": "Feature", "properties": { "Points_num": 343, "Min_date": "2012-01-20", "Max_date": "2021-02-18", "date2012_p": 18, "date2013_p": 18, "date2014_p": 30, "date2015_p": 18, "date2016_p": 24, "date2017_p": 22, "date2018_p": 0, "date2019_p": 17, "date2020_p": 22, "date2021_p": 17, "CONTINENT": "Asia", "area": 0.358539, "Type": 0, "Nation": "India", "Locations": "[84.1637100000000,24.9208700000000;84.1694300000000,24.9255100000000]", "ORIG_FID": 20263 }, "geometry": { "type": "Point", "coordinates": [ 84.16657, 24.92319 ] } },
{ "type": "Feature", "properties": { "Points_num": 3274, "Min_date": "2012-01-27", "Max_date": "2021-12-11", "date2012_p": 172, "date2013_p": 172, "date2014_p": 196, "date2015_p": 209, "date2016_p": 194, "date2017_p": 172, "date2018_p": 181, "date2019_p": 168, "date2020_p": 98, "date2021_p": 85, "CONTINENT": "Asia", "area": 0.71103, "Type": 0, "Nation": "India", "Locations": "[82.2112900000000,21.7274200000000;82.2186200000000,21.7345600000000]", "ORIG_FID": 20264 }, "geometry": { "type": "Point", "coordinates": [ 82.214955, 21.73099 ] } },
{ "type": "Feature", "properties": { "Points_num": 4422, "Min_date": "2012-01-20", "Max_date": "2021-02-04", "date2012_p": 145, "date2013_p": 145, "date2014_p": 236, "date2015_p": 189, "date2016_p": 232, "date2017_p": 274, "date2018_p": 299, "date2019_p": 294, "date2020_p": 217, "date2021_p": 223, "CONTINENT": "Asia", "area": 1.08225, "Type": 0, "Nation": "India", "Locations": "[82.0770200000000,21.6687500000000;82.0867000000000,21.6769900000000]", "ORIG_FID": 20265 }, "geometry": { "type": "Point", "coordinates": [ 82.08186, 21.67287 ] } },
{ "type": "Feature", "properties": { "Points_num": 853, "Min_date": "2012-02-03", "Max_date": "2021-01-04", "date2012_p": 63, "date2013_p": 63, "date2014_p": 55, "date2015_p": 52, "date2016_p": 50, "date2017_p": 52, "date2018_p": 33, "date2019_p": 31, "date2020_p": 15, "date2021_p": 18, "CONTINENT": "Asia", "area": 0.31285, "Type": 0, "Nation": "India", "Locations": "[81.9457300000000,21.5422200000000;81.9506600000000,21.5469000000000]", "ORIG_FID": 20266 }, "geometry": { "type": "Point", "coordinates": [ 81.948195, 21.54456 ] } },
{ "type": "Feature", "properties": { "Points_num": 631, "Min_date": "2012-01-24", "Max_date": "2021-10-20", "date2012_p": 8, "date2013_p": 8, "date2014_p": 42, "date2015_p": 54, "date2016_p": 36, "date2017_p": 35, "date2018_p": 28, "date2019_p": 32, "date2020_p": 42, "date2021_p": 70, "CONTINENT": "Asia", "area": 0.380385, "Type": 0, "Nation": "India", "Locations": "[82.0199900000000,21.5743200000000;82.0252200000000,21.5796800000000]", "ORIG_FID": 20267 }, "geometry": { "type": "Point", "coordinates": [ 82.022605, 21.577 ] } },
{ "type": "Feature", "properties": { "Points_num": 3495, "Min_date": "2012-04-14", "Max_date": "2021-04-03", "date2012_p": 19, "date2013_p": 19, "date2014_p": 2, "date2015_p": 443, "date2016_p": 130, "date2017_p": 291, "date2018_p": 218, "date2019_p": 484, "date2020_p": 148, "date2021_p": 122, "CONTINENT": "Asia", "area": 3.49038, "Type": 0, "Nation": "India", "Locations": "[83.2126800000000,23.3493200000000;83.2297400000000,23.3644100000000]", "ORIG_FID": 20268 }, "geometry": { "type": "Point", "coordinates": [ 83.22121, 23.356865 ] } },
{ "type": "Feature", "properties": { "Points_num": 60, "Min_date": "2016-01-23", "Max_date": "2021-12-22", "date2012_p": 0, "date2013_p": 0, "date2014_p": 0, "date2015_p": 0, "date2016_p": 2, "date2017_p": 12, "date2018_p": 7, "date2019_p": 1, "date2020_p": 0, "date2021_p": 3, "CONTINENT": "Asia", "area": 0.381364, "Type": 0, "Nation": "India", "Locations": "[82.1216700000000,22.1847000000000;82.1262900000000,22.1908100000000]", "ORIG_FID": 20269 }, "geometry": { "type": "Point", "coordinates": [ 82.12398, 22.187755 ] } },
{ "type": "Feature", "properties": { "Points_num": 46, "Min_date": "2016-11-08", "Max_date": "2020-11-24", "date2012_p": 0, "date2013_p": 0, "date2014_p": 0, "date2015_p": 0, "date2016_p": 1, "date2017_p": 7, "date2018_p": 6, "date2019_p": 1, "date2020_p": 3, "date2021_p": 0, "CONTINENT": "Asia", "area": 0.110808, "Type": 0, "Nation": "India", "Locations": "[82.2329600000000,21.7887000000000;82.2361100000000,21.7912900000000]", "ORIG_FID": 20270 }, "geometry": { "type": "Point", "coordinates": [ 82.234535, 21.789995 ] } },
{ "type": "Feature", "properties": { "Points_num": 106, "Min_date": "2016-10-28", "Max_date": "2018-01-14", "date2012_p": 0, "date2013_p": 0, "date2014_p": 0, "date2015_p": 0, "date2016_p": 8, "date2017_p": 26, "date2018_p": 9, "date2019_p": 0, "date2020_p": 0, "date2021_p": 0, "CONTINENT": "Asia", "area": 0.189203, "Type": 0, "Nation": "India", "Locations": "[82.1387000000000,22.0346200000000;82.1423600000000,22.0384400000000]", "ORIG_FID": 20271 }, "geometry": { "type": "Point", "coordinates": [ 82.14053, 22.03653 ] } },
{ "type": "Feature", "properties": { "Points_num": 21427, "Min_date": "2012-01-20", "Max_date": "2021-10-08", "date2012_p": 1291, "date2013_p": 1291, "date2014_p": 1222, "date2015_p": 1257, "date2016_p": 1245, "date2017_p": 1089, "date2018_p": 1084, "date2019_p": 842, "date2020_p": 738, "date2021_p": 839, "CONTINENT": "Asia", "area": 4.89071, "Type": 0, "Nation": "India", "Locations": "[81.3780300000000,21.1767400000000;81.3952400000000,21.1977900000000]", "ORIG_FID": 20272 }, "geometry": { "type": "Point", "coordinates": [ 81.386635, 21.187265 ] } },
{ "type": "Feature", "properties": { "Points_num": 7719, "Min_date": "2012-01-20", "Max_date": "2021-02-09", "date2012_p": 340, "date2013_p": 340, "date2014_p": 438, "date2015_p": 578, "date2016_p": 591, "date2017_p": 583, "date2018_p": 327, "date2019_p": 202, "date2020_p": 171, "date2021_p": 252, "CONTINENT": "Asia", "area": 1.96695, "Type": 0, "Nation": "India", "Locations": "[81.4095300000000,21.1901100000000;81.4217800000000,21.2020000000000]", "ORIG_FID": 20273 }, "geometry": { "type": "Point", "coordinates": [ 81.415655, 21.196055 ] } },
{ "type": "Feature", "properties": { "Points_num": 187, "Min_date": "2012-01-21", "Max_date": "2021-10-29", "date2012_p": 29, "date2013_p": 29, "date2014_p": 11, "date2015_p": 9, "date2016_p": 1, "date2017_p": 1, "date2018_p": 0, "date2019_p": 0, "date2020_p": 1, "date2021_p": 20, "CONTINENT": "Asia", "area": 0.74923, "Type": 0, "Nation": "India", "Locations": "[81.3993600000000,21.1938700000000;81.4063400000000,21.2018200000000]", "ORIG_FID": 20274 }, "geometry": { "type": "Point", "coordinates": [ 81.40285, 21.197845 ] } },
{ "type": "Feature", "properties": { "Points_num": 930, "Min_date": "2012-01-25", "Max_date": "2021-03-11", "date2012_p": 76, "date2013_p": 76, "date2014_p": 92, "date2015_p": 102, "date2016_p": 44, "date2017_p": 16, "date2018_p": 16, "date2019_p": 17, "date2020_p": 13, "date2021_p": 6, "CONTINENT": "Asia", "area": 0.546221, "Type": 0, "Nation": "India", "Locations": "[81.3810300000000,21.2352200000000;81.3880700000000,21.2409700000000]", "ORIG_FID": 20275 }, "geometry": { "type": "Point", "coordinates": [ 81.38455, 21.238095 ] } },
{ "type": "Feature", "properties": { "Points_num": 176, "Min_date": "2012-02-04", "Max_date": "2021-01-13", "date2012_p": 6, "date2013_p": 6, "date2014_p": 7, "date2015_p": 6, "date2016_p": 13, "date2017_p": 14, "date2018_p": 5, "date2019_p": 11, "date2020_p": 24, "date2021_p": 7, "CONTINENT": "Asia", "area": 0.234705, "Type": 0, "Nation": "India", "Locations": "[81.2068600000000,21.1866500000000;81.2115700000000,21.1903500000000]", "ORIG_FID": 20276 }, "geometry": { "type": "Point", "coordinates": [ 81.209215, 21.1885 ] } },
{ "type": "Feature", "properties": { "Points_num": 197, "Min_date": "2013-02-28", "Max_date": "2021-12-18", "date2012_p": 0, "date2013_p": 0, "date2014_p": 4, "date2015_p": 4, "date2016_p": 14, "date2017_p": 15, "date2018_p": 26, "date2019_p": 23, "date2020_p": 0, "date2021_p": 8, "CONTINENT": "Asia", "area": 0.146558, "Type": 0, "Nation": "India", "Locations": "[81.1975200000000,21.1885900000000;81.2011600000000,21.1915800000000]", "ORIG_FID": 20277 }, "geometry": { "type": "Point", "coordinates": [ 81.19934, 21.190085 ] } },
{ "type": "Feature", "properties": { "Points_num": 7092, "Min_date": "2012-01-20", "Max_date": "2021-10-24", "date2012_p": 268, "date2013_p": 268, "date2014_p": 335, "date2015_p": 344, "date2016_p": 329, "date2017_p": 411, "date2018_p": 450, "date2019_p": 415, "date2020_p": 444, "date2021_p": 473, "CONTINENT": "Asia", "area": 1.22702, "Type": 0, "Nation": "India", "Locations": "[82.6640500000000,21.9992700000000;82.6741600000000,22.0081700000000]", "ORIG_FID": 20278 }, "geometry": { "type": "Point", "coordinates": [ 82.669105, 22.00372 ] } },
{ "type": "Feature", "properties": { "Points_num": 219, "Min_date": "2012-01-20", "Max_date": "2020-03-24", "date2012_p": 13, "date2013_p": 13, "date2014_p": 24, "date2015_p": 12, "date2016_p": 9, "date2017_p": 20, "date2018_p": 7, "date2019_p": 3, "date2020_p": 5, "date2021_p": 0, "CONTINENT": "Asia", "area": 0.168139, "Type": 0, "Nation": "India", "Locations": "[82.3497500000000,21.9661800000000;82.3533700000000,21.9696000000000]", "ORIG_FID": 20279 }, "geometry": { "type": "Point", "coordinates": [ 82.35156, 21.96789 ] } },
{ "type": "Feature", "properties": { "Points_num": 9095, "Min_date": "2012-01-20", "Max_date": "2021-04-02", "date2012_p": 216, "date2013_p": 216, "date2014_p": 256, "date2015_p": 312, "date2016_p": 483, "date2017_p": 636, "date2018_p": 777, "date2019_p": 840, "date2020_p": 497, "date2021_p": 334, "CONTINENT": "Asia", "area": 12.7289, "Type": 0, "Nation": "India", "Locations": "[82.5876100000000,22.3234800000000;82.6269900000000,22.3472800000000]", "ORIG_FID": 20280 }, "geometry": { "type": "Point", "coordinates": [ 82.6073, 22.33538 ] } },
{ "type": "Feature", "properties": { "Points_num": 13373, "Min_date": "2012-01-20", "Max_date": "2021-03-26", "date2012_p": 389, "date2013_p": 389, "date2014_p": 225, "date2015_p": 287, "date2016_p": 422, "date2017_p": 730, "date2018_p": 1297, "date2019_p": 1147, "date2020_p": 1047, "date2021_p": 1085, "CONTINENT": "Asia", "area": 6.77966, "Type": 0, "Nation": "India", "Locations": "[82.6553600000000,22.3231600000000;82.6837300000000,22.3407400000000]", "ORIG_FID": 20281 }, "geometry": { "type": "Point", "coordinates": [ 82.669545, 22.33195 ] } },
{ "type": "Feature", "properties": { "Points_num": 2025, "Min_date": "2012-05-05", "Max_date": "2021-02-04", "date2012_p": 1, "date2013_p": 1, "date2014_p": 0, "date2015_p": 0, "date2016_p": 8, "date2017_p": 131, "date2018_p": 292, "date2019_p": 247, "date2020_p": 197, "date2021_p": 130, "CONTINENT": "Asia", "area": 0.483504, "Type": 0, "Nation": "India", "Locations": "[82.6837400000000,22.3229600000000;82.6881300000000,22.3310600000000]", "ORIG_FID": 20282 }, "geometry": { "type": "Point", "coordinates": [ 82.685935, 22.32701 ] } },
{ "type": "Feature", "properties": { "Points_num": 47, "Min_date": "2016-06-19", "Max_date": "2018-04-26", "date2012_p": 0, "date2013_p": 0, "date2014_p": 0, "date2015_p": 0, "date2016_p": 14, "date2017_p": 7, "date2018_p": 1, "date2019_p": 0, "date2020_p": 0, "date2021_p": 0, "CONTINENT": "Asia", "area": 0.283471, "Type": 0, "Nation": "India", "Locations": "[82.6593700000000,22.3417500000000;82.6626600000000,22.3480900000000]", "ORIG_FID": 20283 }, "geometry": { "type": "Point", "coordinates": [ 82.661015, 22.34492 ] } },
{ "type": "Feature", "properties": { "Points_num": 485, "Min_date": "2013-10-20", "Max_date": "2021-05-07", "date2012_p": 0, "date2013_p": 0, "date2014_p": 134, "date2015_p": 56, "date2016_p": 36, "date2017_p": 1, "date2018_p": 0, "date2019_p": 0, "date2020_p": 0, "date2021_p": 3, "CONTINENT": "Asia", "area": 0.713572, "Type": 0, "Nation": "India", "Locations": "[82.4946100000000,22.3374500000000;82.5017600000000,22.3448100000000]", "ORIG_FID": 20284 }, "geometry": { "type": "Point", "coordinates": [ 82.498185, 22.34113 ] } },
{ "type": "Feature", "properties": { "Points_num": 115, "Min_date": "2016-10-01", "Max_date": "2018-04-20", "date2012_p": 0, "date2013_p": 0, "date2014_p": 0, "date2015_p": 0, "date2016_p": 14, "date2017_p": 40, "date2018_p": 1, "date2019_p": 0, "date2020_p": 0, "date2021_p": 0, "CONTINENT": "Asia", "area": 0.229154, "Type": 0, "Nation": "India", "Locations": "[82.5006300000000,22.3303900000000;82.5051600000000,22.3341200000000]", "ORIG_FID": 20285 }, "geometry": { "type": "Point", "coordinates": [ 82.502895, 22.332255 ] } },
{ "type": "Feature", "properties": { "Points_num": 8421, "Min_date": "2012-01-20", "Max_date": "2021-12-19", "date2012_p": 435, "date2013_p": 435, "date2014_p": 354, "date2015_p": 575, "date2016_p": 632, "date2017_p": 460, "date2018_p": 256, "date2019_p": 447, "date2020_p": 649, "date2021_p": 858, "CONTINENT": "Asia", "area": 17.6602, "Type": 0, "Nation": "India", "Locations": "[82.5136900000000,22.3111000000000;82.5580800000000,22.3404200000000]", "ORIG_FID": 20286 }, "geometry": { "type": "Point", "coordinates": [ 82.535885, 22.32576 ] } },
{ "type": "Feature", "properties": { "Points_num": 125, "Min_date": "2016-02-10", "Max_date": "2021-01-16", "date2012_p": 0, "date2013_p": 0, "date2014_p": 0, "date2015_p": 0, "date2016_p": 2, "date2017_p": 42, "date2018_p": 0, "date2019_p": 13, "date2020_p": 5, "date2021_p": 16, "CONTINENT": "Asia", "area": 0.445265, "Type": 0, "Nation": "India", "Locations": "[82.5633200000000,22.3207500000000;82.5688700000000,22.3266600000000]", "ORIG_FID": 20287 }, "geometry": { "type": "Point", "coordinates": [ 82.566095, 22.323705 ] } },
{ "type": "Feature", "properties": { "Points_num": 168, "Min_date": "2014-04-26", "Max_date": "2021-02-10", "date2012_p": 0, "date2013_p": 0, "date2014_p": 1, "date2015_p": 0, "date2016_p": 33, "date2017_p": 44, "date2018_p": 0, "date2019_p": 4, "date2020_p": 0, "date2021_p": 5, "CONTINENT": "Asia", "area": 0.271816, "Type": 0, "Nation": "India", "Locations": "[82.5591900000000,22.3252400000000;82.5636500000000,22.3297300000000]", "ORIG_FID": 20288 }, "geometry": { "type": "Point", "coordinates": [ 82.56142, 22.327485 ] } },
{ "type": "Feature", "properties": { "Points_num": 232, "Min_date": "2014-10-27", "Max_date": "2021-03-16", "date2012_p": 0, "date2013_p": 0, "date2014_p": 16, "date2015_p": 4, "date2016_p": 1, "date2017_p": 5, "date2018_p": 10, "date2019_p": 29, "date2020_p": 68, "date2021_p": 41, "CONTINENT": "Asia", "area": 0.433037, "Type": 0, "Nation": "India", "Locations": "[82.7357500000000,22.3126200000000;82.7402700000000,22.3196600000000]", "ORIG_FID": 20289 }, "geometry": { "type": "Point", "coordinates": [ 82.73801, 22.31614 ] } },
{ "type": "Feature", "properties": { "Points_num": 320, "Min_date": "2012-05-05", "Max_date": "2021-04-21", "date2012_p": 1, "date2013_p": 1, "date2014_p": 3, "date2015_p": 31, "date2016_p": 31, "date2017_p": 26, "date2018_p": 19, "date2019_p": 17, "date2020_p": 28, "date2021_p": 11, "CONTINENT": "Asia", "area": 0.241339, "Type": 0, "Nation": "India", "Locations": "[82.7315400000000,22.3150300000000;82.7355800000000,22.3194200000000]", "ORIG_FID": 20290 }, "geometry": { "type": "Point", "coordinates": [ 82.73356, 22.317225 ] } },
{ "type": "Feature", "properties": { "Points_num": 144, "Min_date": "2012-05-31", "Max_date": "2021-01-04", "date2012_p": 1, "date2013_p": 1, "date2014_p": 3, "date2015_p": 0, "date2016_p": 59, "date2017_p": 0, "date2018_p": 0, "date2019_p": 0, "date2020_p": 0, "date2021_p": 1, "CONTINENT": "Asia", "area": 0.529578, "Type": 0, "Nation": "India", "Locations": "[82.7139000000000,22.3191700000000;82.7221300000000,22.3239000000000]", "ORIG_FID": 20291 }, "geometry": { "type": "Point", "coordinates": [ 82.718015, 22.321535 ] } },
{ "type": "Feature", "properties": { "Points_num": 94, "Min_date": "2012-02-04", "Max_date": "2017-02-24", "date2012_p": 22, "date2013_p": 22, "date2014_p": 1, "date2015_p": 2, "date2016_p": 2, "date2017_p": 1, "date2018_p": 0, "date2019_p": 0, "date2020_p": 0, "date2021_p": 0, "CONTINENT": "Asia", "area": 0.260597, "Type": 0, "Nation": "India", "Locations": "[82.3591700000000,23.1717100000000;82.3648300000000,23.1751400000000]", "ORIG_FID": 20292 }, "geometry": { "type": "Point", "coordinates": [ 82.362, 23.173425 ] } },
{ "type": "Feature", "properties": { "Points_num": 6183, "Min_date": "2012-01-24", "Max_date": "2021-10-28", "date2012_p": 52, "date2013_p": 52, "date2014_p": 109, "date2015_p": 55, "date2016_p": 192, "date2017_p": 979, "date2018_p": 518, "date2019_p": 448, "date2020_p": 126, "date2021_p": 698, "CONTINENT": "Asia", "area": 3.52766, "Type": 0, "Nation": "India", "Locations": "[82.3308600000000,23.1646100000000;82.3478200000000,23.1801100000000]", "ORIG_FID": 20293 }, "geometry": { "type": "Point", "coordinates": [ 82.33934, 23.17236 ] } },
{ "type": "Feature", "properties": { "Points_num": 751, "Min_date": "2012-01-29", "Max_date": "2019-01-01", "date2012_p": 29, "date2013_p": 29, "date2014_p": 196, "date2015_p": 54, "date2016_p": 26, "date2017_p": 3, "date2018_p": 11, "date2019_p": 1, "date2020_p": 0, "date2021_p": 0, "CONTINENT": "Asia", "area": 1.21631, "Type": 0, "Nation": "India", "Locations": "[83.1033600000000,22.0954600000000;83.1132400000000,22.1044400000000]", "ORIG_FID": 20294 }, "geometry": { "type": "Point", "coordinates": [ 83.1083, 22.09995 ] } },
{ "type": "Feature", "properties": { "Points_num": 1973, "Min_date": "2012-01-23", "Max_date": "2021-02-26", "date2012_p": 97, "date2013_p": 97, "date2014_p": 125, "date2015_p": 84, "date2016_p": 85, "date2017_p": 91, "date2018_p": 102, "date2019_p": 119, "date2020_p": 127, "date2021_p": 155, "CONTINENT": "Asia", "area": 0.615634, "Type": 0, "Nation": "India", "Locations": "[83.3577500000000,22.0300400000000;83.3656500000000,22.0357000000000]", "ORIG_FID": 20295 }, "geometry": { "type": "Point", "coordinates": [ 83.3617, 22.03287 ] } },
{ "type": "Feature", "properties": { "Points_num": 188, "Min_date": "2012-01-29", "Max_date": "2021-03-11", "date2012_p": 15, "date2013_p": 15, "date2014_p": 4, "date2015_p": 4, "date2016_p": 2, "date2017_p": 3, "date2018_p": 15, "date2019_p": 18, "date2020_p": 19, "date2021_p": 11, "CONTINENT": "Asia", "area": 0.341396, "Type": 0, "Nation": "India", "Locations": "[83.3644000000000,22.0233200000000;83.3692900000000,22.0283900000000]", "ORIG_FID": 20296 }, "geometry": { "type": "Point", "coordinates": [ 83.366845, 22.025855 ] } },
{ "type": "Feature", "properties": { "Points_num": 574, "Min_date": "2012-11-09", "Max_date": "2021-11-26", "date2012_p": 4, "date2013_p": 4, "date2014_p": 11, "date2015_p": 6, "date2016_p": 14, "date2017_p": 26, "date2018_p": 48, "date2019_p": 62, "date2020_p": 66, "date2021_p": 109, "CONTINENT": "Asia", "area": 0.566317, "Type": 0, "Nation": "India", "Locations": "[83.3500500000000,22.0341300000000;83.3563500000000,22.0406600000000]", "ORIG_FID": 20297 }, "geometry": { "type": "Point", "coordinates": [ 83.3532, 22.037395 ] } },
{ "type": "Feature", "properties": { "Points_num": 1988, "Min_date": "2012-01-20", "Max_date": "2021-12-12", "date2012_p": 120, "date2013_p": 120, "date2014_p": 88, "date2015_p": 84, "date2016_p": 90, "date2017_p": 80, "date2018_p": 129, "date2019_p": 94, "date2020_p": 120, "date2021_p": 125, "CONTINENT": "Asia", "area": 0.696071, "Type": 0, "Nation": "India", "Locations": "[83.3757300000000,22.0180100000000;83.3829600000000,22.0250000000000]", "ORIG_FID": 20298 }, "geometry": { "type": "Point", "coordinates": [ 83.379345, 22.021505 ] } },
{ "type": "Feature", "properties": { "Points_num": 112, "Min_date": "2012-02-04", "Max_date": "2021-02-22", "date2012_p": 4, "date2013_p": 4, "date2014_p": 28, "date2015_p": 5, "date2016_p": 1, "date2017_p": 3, "date2018_p": 1, "date2019_p": 9, "date2020_p": 5, "date2021_p": 4, "CONTINENT": "Asia", "area": 0.329448, "Type": 0, "Nation": "India", "Locations": "[83.2997400000000,22.0191700000000;83.3072700000000,22.0223500000000]", "ORIG_FID": 20299 }, "geometry": { "type": "Point", "coordinates": [ 83.303505, 22.02076 ] } },
{ "type": "Feature", "properties": { "Points_num": 180, "Min_date": "2012-02-09", "Max_date": "2015-01-18", "date2012_p": 31, "date2013_p": 31, "date2014_p": 0, "date2015_p": 39, "date2016_p": 0, "date2017_p": 0, "date2018_p": 0, "date2019_p": 0, "date2020_p": 0, "date2021_p": 0, "CONTINENT": "Asia", "area": 1.19128, "Type": 0, "Nation": "India", "Locations": "[83.3387700000000,22.2615200000000;83.3475500000000,22.2714000000000]", "ORIG_FID": 20300 }, "geometry": { "type": "Point", "coordinates": [ 83.34316, 22.26646 ] } },
{ "type": "Feature", "properties": { "Points_num": 1450, "Min_date": "2012-01-20", "Max_date": "2018-01-09", "date2012_p": 95, "date2013_p": 95, "date2014_p": 14, "date2015_p": 391, "date2016_p": 122, "date2017_p": 27, "date2018_p": 7, "date2019_p": 0, "date2020_p": 0, "date2021_p": 0, "CONTINENT": "Asia", "area": 0.89745, "Type": 0, "Nation": "India", "Locations": "[83.5211200000000,22.1025100000000;83.5300100000000,22.1098300000000]", "ORIG_FID": 20301 }, "geometry": { "type": "Point", "coordinates": [ 83.525565, 22.10617 ] } },
{ "type": "Feature", "properties": { "Points_num": 110, "Min_date": "2013-10-31", "Max_date": "2017-03-27", "date2012_p": 0, "date2013_p": 0, "date2014_p": 25, "date2015_p": 3, "date2016_p": 0, "date2017_p": 9, "date2018_p": 0, "date2019_p": 0, "date2020_p": 0, "date2021_p": 0, "CONTINENT": "Asia", "area": 0.546203, "Type": 0, "Nation": "India", "Locations": "[83.5335300000000,22.1160800000000;83.5393800000000,22.1228500000000]", "ORIG_FID": 20302 }, "geometry": { "type": "Point", "coordinates": [ 83.536455, 22.119465 ] } },
{ "type": "Feature", "properties": { "Points_num": 1534, "Min_date": "2014-03-31", "Max_date": "2018-01-09", "date2012_p": 0, "date2013_p": 0, "date2014_p": 25, "date2015_p": 219, "date2016_p": 337, "date2017_p": 177, "date2018_p": 4, "date2019_p": 0, "date2020_p": 0, "date2021_p": 0, "CONTINENT": "Asia", "area": 1.74939, "Type": 0, "Nation": "India", "Locations": "[83.5456200000000,22.1071400000000;83.5631100000000,22.1143900000000]", "ORIG_FID": 20303 }, "geometry": { "type": "Point", "coordinates": [ 83.554365, 22.110765 ] } },
{ "type": "Feature", "properties": { "Points_num": 61, "Min_date": "2014-12-18", "Max_date": "2021-03-23", "date2012_p": 0, "date2013_p": 0, "date2014_p": 1, "date2015_p": 0, "date2016_p": 2, "date2017_p": 8, "date2018_p": 7, "date2019_p": 0, "date2020_p": 0, "date2021_p": 9, "CONTINENT": "Asia", "area": 0.167265, "Type": 0, "Nation": "India", "Locations": "[83.1992100000000,21.9694900000000;83.2022600000000,21.9734800000000]", "ORIG_FID": 20304 }, "geometry": { "type": "Point", "coordinates": [ 83.200735, 21.971485 ] } },
{ "type": "Feature", "properties": { "Points_num": 17168, "Min_date": "2012-01-20", "Max_date": "2021-12-17", "date2012_p": 794, "date2013_p": 794, "date2014_p": 984, "date2015_p": 914, "date2016_p": 830, "date2017_p": 811, "date2018_p": 970, "date2019_p": 1036, "date2020_p": 909, "date2021_p": 965, "CONTINENT": "Asia", "area": 2.22364, "Type": 0, "Nation": "India", "Locations": "[83.3450700000000,21.9143100000000;83.3575200000000,21.9272700000000]", "ORIG_FID": 20305 }, "geometry": { "type": "Point", "coordinates": [ 83.351295, 21.92079 ] } },
{ "type": "Feature", "properties": { "Points_num": 7091, "Min_date": "2012-01-20", "Max_date": "2021-01-09", "date2012_p": 274, "date2013_p": 274, "date2014_p": 359, "date2015_p": 320, "date2016_p": 327, "date2017_p": 363, "date2018_p": 461, "date2019_p": 489, "date2020_p": 415, "date2021_p": 464, "CONTINENT": "Asia", "area": 1.20111, "Type": 0, "Nation": "India", "Locations": "[83.3346100000000,21.9218300000000;83.3448900000000,21.9303100000000]", "ORIG_FID": 20306 }, "geometry": { "type": "Point", "coordinates": [ 83.33975, 21.92607 ] } },
{ "type": "Feature", "properties": { "Points_num": 189, "Min_date": "2013-10-15", "Max_date": "2021-12-13", "date2012_p": 0, "date2013_p": 0, "date2014_p": 1, "date2015_p": 7, "date2016_p": 33, "date2017_p": 12, "date2018_p": 20, "date2019_p": 6, "date2020_p": 1, "date2021_p": 1, "CONTINENT": "Asia", "area": 0.333537, "Type": 0, "Nation": "India", "Locations": "[83.3101700000000,21.9578000000000;83.3152700000000,21.9625500000000]", "ORIG_FID": 20307 }, "geometry": { "type": "Point", "coordinates": [ 83.31272, 21.960175 ] } },
{ "type": "Feature", "properties": { "Points_num": 136, "Min_date": "2012-02-25", "Max_date": "2018-06-18", "date2012_p": 3, "date2013_p": 3, "date2014_p": 23, "date2015_p": 15, "date2016_p": 1, "date2017_p": 19, "date2018_p": 1, "date2019_p": 0, "date2020_p": 0, "date2021_p": 0, "CONTINENT": "Asia", "area": 0.408347, "Type": 0, "Nation": "India", "Locations": "[83.3070100000000,21.9604800000000;83.3119700000000,21.9664600000000]", "ORIG_FID": 20308 }, "geometry": { "type": "Point", "coordinates": [ 83.30949, 21.96347 ] } },
{ "type": "Feature", "properties": { "Points_num": 3662, "Min_date": "2012-01-20", "Max_date": "2021-10-02", "date2012_p": 156, "date2013_p": 156, "date2014_p": 184, "date2015_p": 124, "date2016_p": 191, "date2017_p": 170, "date2018_p": 230, "date2019_p": 250, "date2020_p": 228, "date2021_p": 262, "CONTINENT": "Asia", "area": 0.580175, "Type": 0, "Nation": "India", "Locations": "[83.2297800000000,21.9813100000000;83.2360500000000,21.9880400000000]", "ORIG_FID": 20309 }, "geometry": { "type": "Point", "coordinates": [ 83.232915, 21.984675 ] } },
{ "type": "Feature", "properties": { "Points_num": 405, "Min_date": "2013-10-21", "Max_date": "2021-12-14", "date2012_p": 0, "date2013_p": 0, "date2014_p": 77, "date2015_p": 40, "date2016_p": 11, "date2017_p": 0, "date2018_p": 0, "date2019_p": 17, "date2020_p": 24, "date2021_p": 73, "CONTINENT": "Asia", "area": 0.644429, "Type": 0, "Nation": "India", "Locations": "[83.2360200000000,21.9756900000000;83.2436400000000,21.9818400000000]", "ORIG_FID": 20310 }, "geometry": { "type": "Point", "coordinates": [ 83.23983, 21.978765 ] } },
{ "type": "Feature", "properties": { "Points_num": 3942, "Min_date": "2012-01-20", "Max_date": "2021-03-22", "date2012_p": 85, "date2013_p": 85, "date2014_p": 184, "date2015_p": 198, "date2016_p": 244, "date2017_p": 219, "date2018_p": 278, "date2019_p": 251, "date2020_p": 217, "date2021_p": 260, "CONTINENT": "Asia", "area": 4.00146, "Type": 0, "Nation": "India", "Locations": "[83.5469700000000,21.8698600000000;83.5624200000000,21.8885900000000]", "ORIG_FID": 20311 }, "geometry": { "type": "Point", "coordinates": [ 83.554695, 21.879225 ] } },
{ "type": "Feature", "properties": { "Points_num": 569, "Min_date": "2014-04-14", "Max_date": "2021-11-09", "date2012_p": 0, "date2013_p": 0, "date2014_p": 0, "date2015_p": 0, "date2016_p": 0, "date2017_p": 1, "date2018_p": 33, "date2019_p": 130, "date2020_p": 131, "date2021_p": 170, "CONTINENT": "Asia", "area": 0.451006, "Type": 0, "Nation": "India", "Locations": "[83.4937700000000,21.8742000000000;83.4993500000000,21.8800500000000]", "ORIG_FID": 20312 }, "geometry": { "type": "Point", "coordinates": [ 83.49656, 21.877125 ] } },
{ "type": "Feature", "properties": { "Points_num": 1116, "Min_date": "2013-12-06", "Max_date": "2021-05-16", "date2012_p": 0, "date2013_p": 0, "date2014_p": 29, "date2015_p": 42, "date2016_p": 73, "date2017_p": 51, "date2018_p": 84, "date2019_p": 97, "date2020_p": 150, "date2021_p": 137, "CONTINENT": "Asia", "area": 0.402469, "Type": 0, "Nation": "India", "Locations": "[81.7660800000000,21.4840000000000;81.7716700000000,21.4893200000000]", "ORIG_FID": 20313 }, "geometry": { "type": "Point", "coordinates": [ 81.768875, 21.48666 ] } },
{ "type": "Feature", "properties": { "Points_num": 747, "Min_date": "2012-01-24", "Max_date": "2021-02-07", "date2012_p": 23, "date2013_p": 23, "date2014_p": 50, "date2015_p": 43, "date2016_p": 46, "date2017_p": 43, "date2018_p": 41, "date2019_p": 52, "date2020_p": 42, "date2021_p": 28, "CONTINENT": "Asia", "area": 0.280442, "Type": 0, "Nation": "India", "Locations": "[81.7809200000000,21.4950500000000;81.7861000000000,21.4990500000000]", "ORIG_FID": 20314 }, "geometry": { "type": "Point", "coordinates": [ 81.78351, 21.49705 ] } },
{ "type": "Feature", "properties": { "Points_num": 2268, "Min_date": "2012-01-20", "Max_date": "2021-11-30", "date2012_p": 118, "date2013_p": 118, "date2014_p": 91, "date2015_p": 133, "date2016_p": 124, "date2017_p": 112, "date2018_p": 130, "date2019_p": 93, "date2020_p": 93, "date2021_p": 178, "CONTINENT": "Asia", "area": 0.560178, "Type": 0, "Nation": "India", "Locations": "[81.5879100000000,21.3065700000000;81.5945700000000,21.3127900000000]", "ORIG_FID": 20315 }, "geometry": { "type": "Point", "coordinates": [ 81.59124, 21.30968 ] } },
{ "type": "Feature", "properties": { "Points_num": 334, "Min_date": "2012-02-05", "Max_date": "2021-10-19", "date2012_p": 18, "date2013_p": 18, "date2014_p": 10, "date2015_p": 4, "date2016_p": 29, "date2017_p": 26, "date2018_p": 17, "date2019_p": 17, "date2020_p": 29, "date2021_p": 14, "CONTINENT": "Asia", "area": 0.214675, "Type": 0, "Nation": "India", "Locations": "[81.5770800000000,21.3223300000000;81.5810800000000,21.3263000000000]", "ORIG_FID": 20316 }, "geometry": { "type": "Point", "coordinates": [ 81.57908, 21.324315 ] } },
{ "type": "Feature", "properties": { "Points_num": 34, "Min_date": "2016-10-18", "Max_date": "2018-01-20", "date2012_p": 0, "date2013_p": 0, "date2014_p": 0, "date2015_p": 0, "date2016_p": 6, "date2017_p": 2, "date2018_p": 4, "date2019_p": 0, "date2020_p": 0, "date2021_p": 0, "CONTINENT": "Asia", "area": 0.156871, "Type": 1, "Nation": "India", "Locations": "[81.6072300000000,21.3319000000000;81.6109600000000,21.3350100000000]", "ORIG_FID": 20317 }, "geometry": { "type": "Point", "coordinates": [ 81.609095, 21.333455 ] } },
{ "type": "Feature", "properties": { "Points_num": 163, "Min_date": "2012-01-21", "Max_date": "2021-04-23", "date2012_p": 1, "date2013_p": 1, "date2014_p": 18, "date2015_p": 8, "date2016_p": 13, "date2017_p": 12, "date2018_p": 9, "date2019_p": 6, "date2020_p": 5, "date2021_p": 3, "CONTINENT": "Asia", "area": 0.369146, "Type": 1, "Nation": "India", "Locations": "[81.5561900000000,21.3141200000000;81.5618800000000,21.3189200000000]", "ORIG_FID": 20318 }, "geometry": { "type": "Point", "coordinates": [ 81.559035, 21.31652 ] } },
{ "type": "Feature", "properties": { "Points_num": 3573, "Min_date": "2012-01-20", "Max_date": "2021-01-08", "date2012_p": 116, "date2013_p": 116, "date2014_p": 181, "date2015_p": 152, "date2016_p": 231, "date2017_p": 209, "date2018_p": 219, "date2019_p": 199, "date2020_p": 180, "date2021_p": 226, "CONTINENT": "Asia", "area": 0.860063, "Type": 0, "Nation": "India", "Locations": "[81.6427200000000,21.3859400000000;81.6512000000000,21.3934400000000]", "ORIG_FID": 20319 }, "geometry": { "type": "Point", "coordinates": [ 81.64696, 21.38969 ] } },
{ "type": "Feature", "properties": { "Points_num": 301, "Min_date": "2012-01-25", "Max_date": "2021-01-09", "date2012_p": 6, "date2013_p": 6, "date2014_p": 6, "date2015_p": 4, "date2016_p": 5, "date2017_p": 14, "date2018_p": 29, "date2019_p": 29, "date2020_p": 38, "date2021_p": 39, "CONTINENT": "Asia", "area": 0.314323, "Type": 0, "Nation": "India", "Locations": "[81.6548100000000,21.3793700000000;81.6591700000000,21.3847000000000]", "ORIG_FID": 20320 }, "geometry": { "type": "Point", "coordinates": [ 81.65699, 21.382035 ] } },
{ "type": "Feature", "properties": { "Points_num": 1425, "Min_date": "2012-01-25", "Max_date": "2021-12-15", "date2012_p": 39, "date2013_p": 39, "date2014_p": 34, "date2015_p": 81, "date2016_p": 141, "date2017_p": 90, "date2018_p": 80, "date2019_p": 71, "date2020_p": 92, "date2021_p": 85, "CONTINENT": "Asia", "area": 1.38518, "Type": 0, "Nation": "India", "Locations": "[81.6438800000000,21.3594000000000;81.6555300000000,21.3681900000000]", "ORIG_FID": 20321 }, "geometry": { "type": "Point", "coordinates": [ 81.649705, 21.363795 ] } },
{ "type": "Feature", "properties": { "Points_num": 2863, "Min_date": "2012-01-26", "Max_date": "2021-03-03", "date2012_p": 71, "date2013_p": 71, "date2014_p": 102, "date2015_p": 60, "date2016_p": 136, "date2017_p": 242, "date2018_p": 224, "date2019_p": 150, "date2020_p": 207, "date2021_p": 236, "CONTINENT": "Asia", "area": 1.08028, "Type": 0, "Nation": "India", "Locations": "[81.6362000000000,21.3734300000000;81.6487400000000,21.3798000000000]", "ORIG_FID": 20322 }, "geometry": { "type": "Point", "coordinates": [ 81.64247, 21.376615 ] } },
{ "type": "Feature", "properties": { "Points_num": 125, "Min_date": "2012-06-07", "Max_date": "2021-12-31", "date2012_p": 2, "date2013_p": 2, "date2014_p": 8, "date2015_p": 9, "date2016_p": 6, "date2017_p": 9, "date2018_p": 4, "date2019_p": 9, "date2020_p": 6, "date2021_p": 17, "CONTINENT": "Asia", "area": 0.250327, "Type": 1, "Nation": "India", "Locations": "[81.6411300000000,21.3673500000000;81.6449700000000,21.3721700000000]", "ORIG_FID": 20323 }, "geometry": { "type": "Point", "coordinates": [ 81.64305, 21.36976 ] } },
{ "type": "Feature", "properties": { "Points_num": 2560, "Min_date": "2012-01-20", "Max_date": "2021-01-08", "date2012_p": 94, "date2013_p": 94, "date2014_p": 126, "date2015_p": 126, "date2016_p": 170, "date2017_p": 104, "date2018_p": 164, "date2019_p": 156, "date2020_p": 155, "date2021_p": 185, "CONTINENT": "Asia", "area": 0.751742, "Type": 0, "Nation": "India", "Locations": "[81.6747300000000,21.3628300000000;81.6831600000000,21.3694200000000]", "ORIG_FID": 20324 }, "geometry": { "type": "Point", "coordinates": [ 81.678945, 21.366125 ] } },
{ "type": "Feature", "properties": { "Points_num": 5693, "Min_date": "2012-01-21", "Max_date": "2021-02-25", "date2012_p": 20, "date2013_p": 20, "date2014_p": 225, "date2015_p": 366, "date2016_p": 370, "date2017_p": 397, "date2018_p": 380, "date2019_p": 403, "date2020_p": 367, "date2021_p": 473, "CONTINENT": "Asia", "area": 1.78322, "Type": 0, "Nation": "India", "Locations": "[81.6761200000000,21.3695200000000;81.6876700000000,21.3809300000000]", "ORIG_FID": 20325 }, "geometry": { "type": "Point", "coordinates": [ 81.681895, 21.375225 ] } },
{ "type": "Feature", "properties": { "Points_num": 1077, "Min_date": "2012-01-30", "Max_date": "2021-02-14", "date2012_p": 38, "date2013_p": 38, "date2014_p": 28, "date2015_p": 67, "date2016_p": 68, "date2017_p": 52, "date2018_p": 80, "date2019_p": 68, "date2020_p": 67, "date2021_p": 67, "CONTINENT": "Asia", "area": 0.750734, "Type": 1, "Nation": "India", "Locations": "[81.6679500000000,21.3374900000000;81.6741000000000,21.3465100000000]", "ORIG_FID": 20326 }, "geometry": { "type": "Point", "coordinates": [ 81.671025, 21.342 ] } },
{ "type": "Feature", "properties": { "Points_num": 3797, "Min_date": "2012-01-20", "Max_date": "2021-05-02", "date2012_p": 190, "date2013_p": 190, "date2014_p": 213, "date2015_p": 245, "date2016_p": 142, "date2017_p": 198, "date2018_p": 198, "date2019_p": 208, "date2020_p": 174, "date2021_p": 217, "CONTINENT": "Asia", "area": 0.821751, "Type": 1, "Nation": "India", "Locations": "[81.6616300000000,21.3427200000000;81.6692400000000,21.3507000000000]", "ORIG_FID": 20327 }, "geometry": { "type": "Point", "coordinates": [ 81.665435, 21.34671 ] } },
{ "type": "Feature", "properties": { "Points_num": 70, "Min_date": "2014-12-19", "Max_date": "2021-01-11", "date2012_p": 0, "date2013_p": 0, "date2014_p": 1, "date2015_p": 2, "date2016_p": 5, "date2017_p": 8, "date2018_p": 7, "date2019_p": 4, "date2020_p": 2, "date2021_p": 2, "CONTINENT": "Asia", "area": 0.151147, "Type": 0, "Nation": "India", "Locations": "[81.6474200000000,21.3184400000000;81.6510000000000,21.3215600000000]", "ORIG_FID": 20328 }, "geometry": { "type": "Point", "coordinates": [ 81.64921, 21.32 ] } },
{ "type": "Feature", "properties": { "Points_num": 472, "Min_date": "2012-02-04", "Max_date": "2021-12-24", "date2012_p": 12, "date2013_p": 12, "date2014_p": 34, "date2015_p": 38, "date2016_p": 37, "date2017_p": 27, "date2018_p": 19, "date2019_p": 23, "date2020_p": 24, "date2021_p": 18, "CONTINENT": "Asia", "area": 0.412534, "Type": 0, "Nation": "India", "Locations": "[81.7675200000000,21.2421200000000;81.7730600000000,21.2476100000000]", "ORIG_FID": 20329 }, "geometry": { "type": "Point", "coordinates": [ 81.77029, 21.244865 ] } },
{ "type": "Feature", "properties": { "Points_num": 209, "Min_date": "2012-05-26", "Max_date": "2016-05-08", "date2012_p": 6, "date2013_p": 6, "date2014_p": 4, "date2015_p": 5, "date2016_p": 85, "date2017_p": 0, "date2018_p": 0, "date2019_p": 0, "date2020_p": 0, "date2021_p": 0, "CONTINENT": "Asia", "area": 0.889304, "Type": 0, "Nation": "India", "Locations": "[83.0466000000000,23.0541100000000;83.0555300000000,23.0614500000000]", "ORIG_FID": 20330 }, "geometry": { "type": "Point", "coordinates": [ 83.051065, 23.05778 ] } },
{ "type": "Feature", "properties": { "Points_num": 52, "Min_date": "2015-04-06", "Max_date": "2019-06-10", "date2012_p": 0, "date2013_p": 0, "date2014_p": 0, "date2015_p": 14, "date2016_p": 8, "date2017_p": 1, "date2018_p": 0, "date2019_p": 2, "date2020_p": 0, "date2021_p": 0, "CONTINENT": "Asia", "area": 0.533801, "Type": 1, "Nation": "India", "Locations": "[82.8159500000000,22.8378700000000;82.8232300000000,22.8432800000000]", "ORIG_FID": 20331 }, "geometry": { "type": "Point", "coordinates": [ 82.81959, 22.840575 ] } },
{ "type": "Feature", "properties": { "Points_num": 428, "Min_date": "2012-12-08", "Max_date": "2021-02-22", "date2012_p": 2, "date2013_p": 2, "date2014_p": 17, "date2015_p": 31, "date2016_p": 34, "date2017_p": 20, "date2018_p": 40, "date2019_p": 33, "date2020_p": 18, "date2021_p": 13, "CONTINENT": "Asia", "area": 0.313778, "Type": 0, "Nation": "India", "Locations": "[73.9951500000000,15.5208100000000;74.0004300000000,15.5254200000000]", "ORIG_FID": 20332 }, "geometry": { "type": "Point", "coordinates": [ 73.99779, 15.523115 ] } },
{ "type": "Feature", "properties": { "Points_num": 1451, "Min_date": "2012-01-20", "Max_date": "2021-01-01", "date2012_p": 81, "date2013_p": 81, "date2014_p": 105, "date2015_p": 86, "date2016_p": 80, "date2017_p": 65, "date2018_p": 73, "date2019_p": 56, "date2020_p": 67, "date2021_p": 50, "CONTINENT": "Asia", "area": 0.387995, "Type": 1, "Nation": "India", "Locations": "[73.9903600000000,15.5241300000000;73.9963800000000,15.5291300000000]", "ORIG_FID": 20333 }, "geometry": { "type": "Point", "coordinates": [ 73.99337, 15.52663 ] } },
{ "type": "Feature", "properties": { "Points_num": 137, "Min_date": "2014-03-11", "Max_date": "2021-10-08", "date2012_p": 0, "date2013_p": 0, "date2014_p": 7, "date2015_p": 19, "date2016_p": 8, "date2017_p": 6, "date2018_p": 8, "date2019_p": 7, "date2020_p": 5, "date2021_p": 9, "CONTINENT": "Asia", "area": 0.106284, "Type": 0, "Nation": "India", "Locations": "[71.3960200000000,20.8667200000000;71.3987400000000,20.8699300000000]", "ORIG_FID": 20334 }, "geometry": { "type": "Point", "coordinates": [ 71.39738, 20.868325 ] } },
{ "type": "Feature", "properties": { "Points_num": 4801, "Min_date": "2012-01-20", "Max_date": "2021-12-18", "date2012_p": 328, "date2013_p": 328, "date2014_p": 352, "date2015_p": 181, "date2016_p": 225, "date2017_p": 199, "date2018_p": 273, "date2019_p": 196, "date2020_p": 144, "date2021_p": 185, "CONTINENT": "Asia", "area": 0.579653, "Type": 0, "Nation": "India", "Locations": "[71.4566600000000,20.9066600000000;71.4635800000000,20.9135400000000]", "ORIG_FID": 20335 }, "geometry": { "type": "Point", "coordinates": [ 71.46012, 20.9101 ] } },
{ "type": "Feature", "properties": { "Points_num": 3808, "Min_date": "2012-01-22", "Max_date": "2021-12-24", "date2012_p": 459, "date2013_p": 459, "date2014_p": 479, "date2015_p": 288, "date2016_p": 129, "date2017_p": 12, "date2018_p": 28, "date2019_p": 10, "date2020_p": 25, "date2021_p": 18, "CONTINENT": "Asia", "area": 1.17381, "Type": 1, "Nation": "India", "Locations": "[72.6765900000000,21.9039900000000;72.6882200000000,21.9122600000000]", "ORIG_FID": 20336 }, "geometry": { "type": "Point", "coordinates": [ 72.682405, 21.908125 ] } },
{ "type": "Feature", "properties": { "Points_num": 610, "Min_date": "2012-02-07", "Max_date": "2021-03-03", "date2012_p": 34, "date2013_p": 34, "date2014_p": 17, "date2015_p": 8, "date2016_p": 69, "date2017_p": 121, "date2018_p": 6, "date2019_p": 4, "date2020_p": 19, "date2021_p": 12, "CONTINENT": "Asia", "area": 2.02584, "Type": 1, "Nation": "India", "Locations": "[72.5541600000000,21.6809700000000;72.5681700000000,21.6928100000000]", "ORIG_FID": 20337 }, "geometry": { "type": "Point", "coordinates": [ 72.561165, 21.68689 ] } },
{ "type": "Feature", "properties": { "Points_num": 150, "Min_date": "2015-06-13", "Max_date": "2020-09-01", "date2012_p": 0, "date2013_p": 0, "date2014_p": 0, "date2015_p": 62, "date2016_p": 9, "date2017_p": 1, "date2018_p": 1, "date2019_p": 0, "date2020_p": 4, "date2021_p": 0, "CONTINENT": "Asia", "area": 0.373007, "Type": 1, "Nation": "India", "Locations": "[72.5375800000000,21.6700600000000;72.5442200000000,21.6746600000000]", "ORIG_FID": 20338 }, "geometry": { "type": "Point", "coordinates": [ 72.5409, 21.67236 ] } },
{ "type": "Feature", "properties": { "Points_num": 1686, "Min_date": "2016-05-19", "Max_date": "2021-10-16", "date2012_p": 0, "date2013_p": 0, "date2014_p": 0, "date2015_p": 0, "date2016_p": 213, "date2017_p": 409, "date2018_p": 71, "date2019_p": 38, "date2020_p": 78, "date2021_p": 40, "CONTINENT": "Asia", "area": 2.70464, "Type": 0, "Nation": "India", "Locations": "[72.5960200000000,21.6876400000000;72.6147500000000,21.6994600000000]", "ORIG_FID": 20339 }, "geometry": { "type": "Point", "coordinates": [ 72.605385, 21.69355 ] } },
{ "type": "Feature", "properties": { "Points_num": 1202, "Min_date": "2012-01-22", "Max_date": "2021-04-08", "date2012_p": 121, "date2013_p": 121, "date2014_p": 82, "date2015_p": 52, "date2016_p": 39, "date2017_p": 48, "date2018_p": 24, "date2019_p": 20, "date2020_p": 23, "date2021_p": 32, "CONTINENT": "Asia", "area": 0.801517, "Type": 0, "Nation": "India", "Locations": "[72.6427200000000,21.7909000000000;72.6523300000000,21.7977300000000]", "ORIG_FID": 20340 }, "geometry": { "type": "Point", "coordinates": [ 72.647525, 21.794315 ] } },
{ "type": "Feature", "properties": { "Points_num": 64, "Min_date": "2012-02-05", "Max_date": "2018-01-06", "date2012_p": 2, "date2013_p": 2, "date2014_p": 2, "date2015_p": 0, "date2016_p": 0, "date2017_p": 0, "date2018_p": 1, "date2019_p": 0, "date2020_p": 0, "date2021_p": 0, "CONTINENT": "Asia", "area": 0.289166, "Type": 0, "Nation": "India", "Locations": "[72.6857800000000,21.9027100000000;72.6892900000000,21.9094600000000]", "ORIG_FID": 20341 }, "geometry": { "type": "Point", "coordinates": [ 72.687535, 21.906085 ] } },
{ "type": "Feature", "properties": { "Points_num": 3153, "Min_date": "2012-01-20", "Max_date": "2021-08-24", "date2012_p": 482, "date2013_p": 482, "date2014_p": 255, "date2015_p": 162, "date2016_p": 14, "date2017_p": 14, "date2018_p": 55, "date2019_p": 78, "date2020_p": 130, "date2021_p": 58, "CONTINENT": "Asia", "area": 1.41737, "Type": 0, "Nation": "India", "Locations": "[72.7499200000000,21.9013500000000;72.7632300000000,21.9100700000000]", "ORIG_FID": 20342 }, "geometry": { "type": "Point", "coordinates": [ 72.756575, 21.90571 ] } },
{ "type": "Feature", "properties": { "Points_num": 68, "Min_date": "2012-01-29", "Max_date": "2012-01-29", "date2012_p": 21, "date2013_p": 21, "date2014_p": 0, "date2015_p": 0, "date2016_p": 0, "date2017_p": 0, "date2018_p": 0, "date2019_p": 0, "date2020_p": 0, "date2021_p": 0, "CONTINENT": "Asia", "area": 0.182511, "Type": 0, "Nation": "India", "Locations": "[72.0492000000000,21.6376700000000;72.0533100000000,21.6413200000000]", "ORIG_FID": 20343 }, "geometry": { "type": "Point", "coordinates": [ 72.051255, 21.639495 ] } },
{ "type": "Feature", "properties": { "Points_num": 7757, "Min_date": "2012-01-21", "Max_date": "2021-02-18", "date2012_p": 355, "date2013_p": 355, "date2014_p": 420, "date2015_p": 447, "date2016_p": 384, "date2017_p": 393, "date2018_p": 433, "date2019_p": 432, "date2020_p": 385, "date2021_p": 422, "CONTINENT": "Asia", "area": 0.77588, "Type": 0, "Nation": "India", "Locations": "[69.0351800000000,22.4123800000000;69.0437500000000,22.4200300000000]", "ORIG_FID": 20344 }, "geometry": { "type": "Point", "coordinates": [ 69.039465, 22.416205 ] } },
{ "type": "Feature", "properties": { "Points_num": 95, "Min_date": "2012-04-06", "Max_date": "2021-01-31", "date2012_p": 6, "date2013_p": 6, "date2014_p": 8, "date2015_p": 1, "date2016_p": 0, "date2017_p": 3, "date2018_p": 1, "date2019_p": 0, "date2020_p": 9, "date2021_p": 7, "CONTINENT": "Asia", "area": 0.214671, "Type": 0, "Nation": "India", "Locations": "[69.0174700000000,22.3992300000000;69.0215100000000,22.4037200000000]", "ORIG_FID": 20345 }, "geometry": { "type": "Point", "coordinates": [ 69.01949, 22.401475 ] } },
{ "type": "Feature", "properties": { "Points_num": 932, "Min_date": "2012-01-20", "Max_date": "1899-12-30", "date2012_p": 283, "date2013_p": 283, "date2014_p": 2, "date2015_p": 0, "date2016_p": 1, "date2017_p": 0, "date2018_p": 0, "date2019_p": 0, "date2020_p": 0, "date2021_p": 0, "CONTINENT": "Asia", "area": 0.628124, "Type": 0, "Nation": "India", "Locations": "[69.6903900000000,22.2460800000000;69.6986500000000,22.2524700000000]", "ORIG_FID": 20346 }, "geometry": { "type": "Point", "coordinates": [ 69.69452, 22.249275 ] } },
{ "type": "Feature", "properties": { "Points_num": 439, "Min_date": "2012-02-01", "Max_date": "2021-12-21", "date2012_p": 24, "date2013_p": 24, "date2014_p": 41, "date2015_p": 22, "date2016_p": 14, "date2017_p": 18, "date2018_p": 18, "date2019_p": 28, "date2020_p": 26, "date2021_p": 23, "CONTINENT": "Asia", "area": 0.23386, "Type": 0, "Nation": "India", "Locations": "[69.7478900000000,22.3281800000000;69.7529300000000,22.3320800000000]", "ORIG_FID": 20347 }, "geometry": { "type": "Point", "coordinates": [ 69.75041, 22.33013 ] } },
{ "type": "Feature", "properties": { "Points_num": 2541, "Min_date": "2012-01-20", "Max_date": "2021-01-11", "date2012_p": 165, "date2013_p": 165, "date2014_p": 159, "date2015_p": 343, "date2016_p": 42, "date2017_p": 87, "date2018_p": 95, "date2019_p": 101, "date2020_p": 84, "date2021_p": 21, "CONTINENT": "Asia", "area": 1.94077, "Type": 0, "Nation": "India", "Locations": "[69.7274900000000,22.3261400000000;69.7426800000000,22.3368800000000]", "ORIG_FID": 20348 }, "geometry": { "type": "Point", "coordinates": [ 69.735085, 22.33151 ] } },
{ "type": "Feature", "properties": { "Points_num": 546, "Min_date": "2012-04-28", "Max_date": "2020-02-08", "date2012_p": 0, "date2013_p": 0, "date2014_p": 6, "date2015_p": 25, "date2016_p": 0, "date2017_p": 0, "date2018_p": 72, "date2019_p": 96, "date2020_p": 97, "date2021_p": 0, "CONTINENT": "Asia", "area": 0.586329, "Type": 0, "Nation": "India", "Locations": "[69.6820400000000,22.3159100000000;69.6900300000000,22.3220800000000]", "ORIG_FID": 20349 }, "geometry": { "type": "Point", "coordinates": [ 69.686035, 22.318995 ] } },
{ "type": "Feature", "properties": { "Points_num": 1221, "Min_date": "2012-01-21", "Max_date": "2021-10-05", "date2012_p": 47, "date2013_p": 47, "date2014_p": 36, "date2015_p": 52, "date2016_p": 76, "date2017_p": 49, "date2018_p": 81, "date2019_p": 108, "date2020_p": 74, "date2021_p": 105, "CONTINENT": "Asia", "area": 0.35971, "Type": 0, "Nation": "India", "Locations": "[70.6917500000000,20.8325000000000;70.6972300000000,20.8379200000000]", "ORIG_FID": 20350 }, "geometry": { "type": "Point", "coordinates": [ 70.69449, 20.83521 ] } },
{ "type": "Feature", "properties": { "Points_num": 205, "Min_date": "2012-02-06", "Max_date": "2021-01-27", "date2012_p": 3, "date2013_p": 3, "date2014_p": 5, "date2015_p": 12, "date2016_p": 10, "date2017_p": 12, "date2018_p": 11, "date2019_p": 24, "date2020_p": 25, "date2021_p": 23, "CONTINENT": "Asia", "area": 0.214133, "Type": 1, "Nation": "India", "Locations": "[70.6862100000000,20.8332500000000;70.6904100000000,20.8374600000000]", "ORIG_FID": 20351 }, "geometry": { "type": "Point", "coordinates": [ 70.68831, 20.835355 ] } },
{ "type": "Feature", "properties": { "Points_num": 545, "Min_date": "2012-01-28", "Max_date": "2021-11-09", "date2012_p": 4, "date2013_p": 4, "date2014_p": 48, "date2015_p": 48, "date2016_p": 65, "date2017_p": 43, "date2018_p": 17, "date2019_p": 9, "date2020_p": 13, "date2021_p": 19, "CONTINENT": "Asia", "area": 0.213285, "Type": 0, "Nation": "India", "Locations": "[70.5633200000000,20.8659400000000;70.5679600000000,20.8697400000000]", "ORIG_FID": 20352 }, "geometry": { "type": "Point", "coordinates": [ 70.56564, 20.86784 ] } },
{ "type": "Feature", "properties": { "Points_num": 669, "Min_date": "2015-03-16", "Max_date": "2021-10-20", "date2012_p": 0, "date2013_p": 0, "date2014_p": 0, "date2015_p": 3, "date2016_p": 1, "date2017_p": 159, "date2018_p": 70, "date2019_p": 51, "date2020_p": 7, "date2021_p": 8, "CONTINENT": "Asia", "area": 1.59831, "Type": 0, "Nation": "India", "Locations": "[69.8711900000000,22.3391100000000;69.8868900000000,22.3476600000000]", "ORIG_FID": 20353 }, "geometry": { "type": "Point", "coordinates": [ 69.87904, 22.343385 ] } },
{ "type": "Feature", "properties": { "Points_num": 425, "Min_date": "2012-01-27", "Max_date": "2021-10-01", "date2012_p": 20, "date2013_p": 20, "date2014_p": 31, "date2015_p": 29, "date2016_p": 27, "date2017_p": 21, "date2018_p": 29, "date2019_p": 32, "date2020_p": 25, "date2021_p": 22, "CONTINENT": "Asia", "area": 0.299526, "Type": 0, "Nation": "India", "Locations": "[69.8666400000000,22.3343100000000;69.8714500000000,22.3395400000000]", "ORIG_FID": 20354 }, "geometry": { "type": "Point", "coordinates": [ 69.869045, 22.336925 ] } },
{ "type": "Feature", "properties": { "Points_num": 207, "Min_date": "2013-05-22", "Max_date": "2021-01-25", "date2012_p": 0, "date2013_p": 0, "date2014_p": 5, "date2015_p": 28, "date2016_p": 13, "date2017_p": 7, "date2018_p": 15, "date2019_p": 31, "date2020_p": 4, "date2021_p": 9, "CONTINENT": "Asia", "area": 0.462894, "Type": 0, "Nation": "India", "Locations": "[69.8614700000000,22.3398700000000;69.8682200000000,22.3456300000000]", "ORIG_FID": 20355 }, "geometry": { "type": "Point", "coordinates": [ 69.864845, 22.34275 ] } },
{ "type": "Feature", "properties": { "Points_num": 226, "Min_date": "2012-02-18", "Max_date": "2021-01-29", "date2012_p": 2, "date2013_p": 2, "date2014_p": 2, "date2015_p": 33, "date2016_p": 8, "date2017_p": 24, "date2018_p": 11, "date2019_p": 7, "date2020_p": 16, "date2021_p": 18, "CONTINENT": "Asia", "area": 0.223287, "Type": 0, "Nation": "India", "Locations": "[69.8310200000000,22.4278500000000;69.8352100000000,22.4323300000000]", "ORIG_FID": 20356 }, "geometry": { "type": "Point", "coordinates": [ 69.833115, 22.43009 ] } },
{ "type": "Feature", "properties": { "Points_num": 246, "Min_date": "2012-01-20", "Max_date": "2021-10-29", "date2012_p": 35, "date2013_p": 35, "date2014_p": 7, "date2015_p": 2, "date2016_p": 0, "date2017_p": 0, "date2018_p": 0, "date2019_p": 0, "date2020_p": 3, "date2021_p": 99, "CONTINENT": "Asia", "area": 0.178285, "Type": 0, "Nation": "India", "Locations": "[70.2264500000000,22.5728400000000;70.2308000000000,22.5762800000000]", "ORIG_FID": 20357 }, "geometry": { "type": "Point", "coordinates": [ 70.228625, 22.57456 ] } },
{ "type": "Feature", "properties": { "Points_num": 566, "Min_date": "2012-02-05", "Max_date": "2021-12-05", "date2012_p": 14, "date2013_p": 14, "date2014_p": 24, "date2015_p": 30, "date2016_p": 19, "date2017_p": 28, "date2018_p": 29, "date2019_p": 63, "date2020_p": 61, "date2021_p": 54, "CONTINENT": "Asia", "area": 0.516027, "Type": 0, "Nation": "India", "Locations": "[69.8533100000000,22.3366500000000;69.8610500000000,22.3422500000000]", "ORIG_FID": 20358 }, "geometry": { "type": "Point", "coordinates": [ 69.85718, 22.33945 ] } },
{ "type": "Feature", "properties": { "Points_num": 165, "Min_date": "2012-01-20", "Max_date": "2021-06-23", "date2012_p": 5, "date2013_p": 5, "date2014_p": 10, "date2015_p": 10, "date2016_p": 3, "date2017_p": 2, "date2018_p": 1, "date2019_p": 9, "date2020_p": 2, "date2021_p": 3, "CONTINENT": "Asia", "area": 0.257987, "Type": 0, "Nation": "India", "Locations": "[69.8664000000000,22.3315600000000;69.8702900000000,22.3371300000000]", "ORIG_FID": 20359 }, "geometry": { "type": "Point", "coordinates": [ 69.868345, 22.334345 ] } },
{ "type": "Feature", "properties": { "Points_num": 369, "Min_date": "2017-12-18", "Max_date": "2021-01-25", "date2012_p": 0, "date2013_p": 0, "date2014_p": 0, "date2015_p": 0, "date2016_p": 0, "date2017_p": 2, "date2018_p": 45, "date2019_p": 172, "date2020_p": 9, "date2021_p": 1, "CONTINENT": "Asia", "area": 0.542486, "Type": 0, "Nation": "India", "Locations": "[69.8594600000000,22.3114500000000;69.8661300000000,22.3182800000000]", "ORIG_FID": 20360 }, "geometry": { "type": "Point", "coordinates": [ 69.862795, 22.314865 ] } },
{ "type": "Feature", "properties": { "Points_num": 193, "Min_date": "2017-12-20", "Max_date": "2020-11-01", "date2012_p": 0, "date2013_p": 0, "date2014_p": 0, "date2015_p": 0, "date2016_p": 0, "date2017_p": 1, "date2018_p": 27, "date2019_p": 76, "date2020_p": 5, "date2021_p": 0, "CONTINENT": "Asia", "area": 0.181393, "Type": 0, "Nation": "India", "Locations": "[69.8564500000000,22.3131400000000;69.8591800000000,22.3187200000000]", "ORIG_FID": 20361 }, "geometry": { "type": "Point", "coordinates": [ 69.857815, 22.31593 ] } },
{ "type": "Feature", "properties": { "Points_num": 210, "Min_date": "2013-02-05", "Max_date": "2021-01-01", "date2012_p": 0, "date2013_p": 0, "date2014_p": 0, "date2015_p": 2, "date2016_p": 45, "date2017_p": 29, "date2018_p": 0, "date2019_p": 31, "date2020_p": 32, "date2021_p": 1, "CONTINENT": "Asia", "area": 0.290708, "Type": 0, "Nation": "India", "Locations": "[70.4441200000000,22.9562400000000;70.4499800000000,22.9604100000000]", "ORIG_FID": 20362 }, "geometry": { "type": "Point", "coordinates": [ 70.44705, 22.958325 ] } },
{ "type": "Feature", "properties": { "Points_num": 1168, "Min_date": "2012-04-11", "Max_date": "2021-01-01", "date2012_p": 18, "date2013_p": 18, "date2014_p": 0, "date2015_p": 2, "date2016_p": 34, "date2017_p": 44, "date2018_p": 189, "date2019_p": 70, "date2020_p": 125, "date2021_p": 2, "CONTINENT": "Asia", "area": 0.918881, "Type": 0, "Nation": "India", "Locations": "[70.4501700000000,22.9512100000000;70.4598000000000,22.9592300000000]", "ORIG_FID": 20363 }, "geometry": { "type": "Point", "coordinates": [ 70.454985, 22.95522 ] } },
{ "type": "Feature", "properties": { "Points_num": 940, "Min_date": "2012-01-24", "Max_date": "2021-11-16", "date2012_p": 45, "date2013_p": 45, "date2014_p": 125, "date2015_p": 96, "date2016_p": 51, "date2017_p": 24, "date2018_p": 39, "date2019_p": 2, "date2020_p": 3, "date2021_p": 15, "CONTINENT": "Asia", "area": 0.443591, "Type": 0, "Nation": "India", "Locations": "[70.1965000000000,23.3102300000000;70.2030600000000,23.3159400000000]", "ORIG_FID": 20364 }, "geometry": { "type": "Point", "coordinates": [ 70.19978, 23.313085 ] } },
{ "type": "Feature", "properties": { "Points_num": 693, "Min_date": "2012-03-21", "Max_date": "2021-11-24", "date2012_p": 11, "date2013_p": 11, "date2014_p": 46, "date2015_p": 107, "date2016_p": 65, "date2017_p": 20, "date2018_p": 20, "date2019_p": 23, "date2020_p": 9, "date2021_p": 15, "CONTINENT": "Asia", "area": 0.365305, "Type": 0, "Nation": "India", "Locations": "[70.2162600000000,23.1666300000000;70.2215900000000,23.1724100000000]", "ORIG_FID": 20365 }, "geometry": { "type": "Point", "coordinates": [ 70.218925, 23.16952 ] } },
{ "type": "Feature", "properties": { "Points_num": 2232, "Min_date": "2012-01-25", "Max_date": "2021-12-14", "date2012_p": 65, "date2013_p": 65, "date2014_p": 120, "date2015_p": 149, "date2016_p": 152, "date2017_p": 146, "date2018_p": 104, "date2019_p": 162, "date2020_p": 122, "date2021_p": 111, "CONTINENT": "Asia", "area": 0.513292, "Type": 0, "Nation": "India", "Locations": "[70.0996000000000,23.0106100000000;70.1066700000000,23.0167300000000]", "ORIG_FID": 20366 }, "geometry": { "type": "Point", "coordinates": [ 70.103135, 23.01367 ] } },
{ "type": "Feature", "properties": { "Points_num": 461, "Min_date": "2016-04-16", "Max_date": "2021-01-08", "date2012_p": 0, "date2013_p": 0, "date2014_p": 0, "date2015_p": 0, "date2016_p": 88, "date2017_p": 33, "date2018_p": 2, "date2019_p": 1, "date2020_p": 160, "date2021_p": 9, "CONTINENT": "Asia", "area": 0.94424, "Type": 1, "Nation": "India", "Locations": "[70.1010300000000,22.9235700000000;70.1107300000000,22.9317700000000]", "ORIG_FID": 20367 }, "geometry": { "type": "Point", "coordinates": [ 70.10588, 22.92767 ] } },
{ "type": "Feature", "properties": { "Points_num": 459, "Min_date": "2012-01-22", "Max_date": "2021-01-20", "date2012_p": 19, "date2013_p": 19, "date2014_p": 33, "date2015_p": 45, "date2016_p": 37, "date2017_p": 26, "date2018_p": 11, "date2019_p": 6, "date2020_p": 19, "date2021_p": 18, "CONTINENT": "Asia", "area": 0.410082, "Type": 0, "Nation": "India", "Locations": "[70.0847500000000,23.1108800000000;70.0918400000000,23.1157600000000]", "ORIG_FID": 20368 }, "geometry": { "type": "Point", "coordinates": [ 70.088295, 23.11332 ] } },
{ "type": "Feature", "properties": { "Points_num": 1150, "Min_date": "2013-01-07", "Max_date": "2021-12-29", "date2012_p": 0, "date2013_p": 0, "date2014_p": 40, "date2015_p": 80, "date2016_p": 57, "date2017_p": 69, "date2018_p": 90, "date2019_p": 108, "date2020_p": 120, "date2021_p": 66, "CONTINENT": "Asia", "area": 0.434841, "Type": 0, "Nation": "India", "Locations": "[70.1845200000000,23.1021300000000;70.1910900000000,23.1077100000000]", "ORIG_FID": 20369 }, "geometry": { "type": "Point", "coordinates": [ 70.187805, 23.10492 ] } },
{ "type": "Feature", "properties": { "Points_num": 443, "Min_date": "2012-01-21", "Max_date": "2021-08-11", "date2012_p": 125, "date2013_p": 125, "date2014_p": 9, "date2015_p": 0, "date2016_p": 0, "date2017_p": 3, "date2018_p": 0, "date2019_p": 0, "date2020_p": 2, "date2021_p": 3, "CONTINENT": "Asia", "area": 0.422362, "Type": 0, "Nation": "India", "Locations": "[70.2571300000000,23.2608900000000;70.2631700000000,23.2667900000000]", "ORIG_FID": 20370 }, "geometry": { "type": "Point", "coordinates": [ 70.26015, 23.26384 ] } },
{ "type": "Feature", "properties": { "Points_num": 3248, "Min_date": "2012-01-20", "Max_date": "2021-12-19", "date2012_p": 297, "date2013_p": 297, "date2014_p": 178, "date2015_p": 141, "date2016_p": 190, "date2017_p": 218, "date2018_p": 109, "date2019_p": 40, "date2020_p": 63, "date2021_p": 221, "CONTINENT": "Asia", "area": 1.25467, "Type": 0, "Nation": "India", "Locations": "[70.2470800000000,23.2548700000000;70.2558800000000,23.2669000000000]", "ORIG_FID": 20371 }, "geometry": { "type": "Point", "coordinates": [ 70.25148, 23.260885 ] } },
{ "type": "Feature", "properties": { "Points_num": 376, "Min_date": "2012-05-29", "Max_date": "2021-12-14", "date2012_p": 1, "date2013_p": 1, "date2014_p": 14, "date2015_p": 19, "date2016_p": 9, "date2017_p": 6, "date2018_p": 38, "date2019_p": 57, "date2020_p": 23, "date2021_p": 35, "CONTINENT": "Asia", "area": 0.600443, "Type": 0, "Nation": "India", "Locations": "[70.2796500000000,23.2635600000000;70.2869700000000,23.2704800000000]", "ORIG_FID": 20372 }, "geometry": { "type": "Point", "coordinates": [ 70.28331, 23.26702 ] } },
{ "type": "Feature", "properties": { "Points_num": 144, "Min_date": "2017-09-27", "Max_date": "2021-10-29", "date2012_p": 0, "date2013_p": 0, "date2014_p": 0, "date2015_p": 0, "date2016_p": 0, "date2017_p": 11, "date2018_p": 19, "date2019_p": 23, "date2020_p": 18, "date2021_p": 2, "CONTINENT": "Asia", "area": 0.280426, "Type": 0, "Nation": "India", "Locations": "[70.2735400000000,23.2583600000000;70.2785100000000,23.2631200000000]", "ORIG_FID": 20373 }, "geometry": { "type": "Point", "coordinates": [ 70.276025, 23.26074 ] } },
{ "type": "Feature", "properties": { "Points_num": 319, "Min_date": "2013-01-03", "Max_date": "2021-10-24", "date2012_p": 0, "date2013_p": 0, "date2014_p": 4, "date2015_p": 12, "date2016_p": 10, "date2017_p": 39, "date2018_p": 22, "date2019_p": 16, "date2020_p": 44, "date2021_p": 36, "CONTINENT": "Asia", "area": 0.166213, "Type": 0, "Nation": "India", "Locations": "[70.4853800000000,23.3142400000000;70.4896900000000,23.3174900000000]", "ORIG_FID": 20374 }, "geometry": { "type": "Point", "coordinates": [ 70.487535, 23.315865 ] } },
{ "type": "Feature", "properties": { "Points_num": 833, "Min_date": "2012-01-25", "Max_date": "2021-12-15", "date2012_p": 0, "date2013_p": 0, "date2014_p": 25, "date2015_p": 59, "date2016_p": 67, "date2017_p": 89, "date2018_p": 52, "date2019_p": 43, "date2020_p": 51, "date2021_p": 49, "CONTINENT": "Asia", "area": 0.312111, "Type": 0, "Nation": "India", "Locations": "[70.4747500000000,23.3021700000000;70.4800000000000,23.3071800000000]", "ORIG_FID": 20375 }, "geometry": { "type": "Point", "coordinates": [ 70.477375, 23.304675 ] } },
{ "type": "Feature", "properties": { "Points_num": 2950, "Min_date": "2012-01-20", "Max_date": "2021-11-09", "date2012_p": 136, "date2013_p": 136, "date2014_p": 116, "date2015_p": 105, "date2016_p": 121, "date2017_p": 117, "date2018_p": 209, "date2019_p": 226, "date2020_p": 245, "date2021_p": 181, "CONTINENT": "Asia", "area": 0.503109, "Type": 0, "Nation": "India", "Locations": "[68.7090000000000,23.4271700000000;68.7164800000000,23.4329100000000]", "ORIG_FID": 20376 }, "geometry": { "type": "Point", "coordinates": [ 68.71274, 23.43004 ] } },
{ "type": "Feature", "properties": { "Points_num": 367, "Min_date": "2012-01-21", "Max_date": "2021-01-01", "date2012_p": 30, "date2013_p": 30, "date2014_p": 21, "date2015_p": 22, "date2016_p": 10, "date2017_p": 20, "date2018_p": 11, "date2019_p": 16, "date2020_p": 14, "date2021_p": 35, "CONTINENT": "Asia", "area": 0.196014, "Type": 1, "Nation": "India", "Locations": "[68.5763900000000,23.4965200000000;68.5810300000000,23.5001300000000]", "ORIG_FID": 20377 }, "geometry": { "type": "Point", "coordinates": [ 68.57871, 23.498325 ] } },
{ "type": "Feature", "properties": { "Points_num": 14334, "Min_date": "2012-01-20", "Max_date": "2021-09-03", "date2012_p": 988, "date2013_p": 988, "date2014_p": 720, "date2015_p": 617, "date2016_p": 823, "date2017_p": 763, "date2018_p": 925, "date2019_p": 651, "date2020_p": 195, "date2021_p": 299, "CONTINENT": "Asia", "area": 2.22314, "Type": 0, "Nation": "India", "Locations": "[69.6928200000000,22.9274400000000;69.7074800000000,22.9402500000000]", "ORIG_FID": 20378 }, "geometry": { "type": "Point", "coordinates": [ 69.70015, 22.933845 ] } },
{ "type": "Feature", "properties": { "Points_num": 2034, "Min_date": "2012-01-20", "Max_date": "2021-01-28", "date2012_p": 45, "date2013_p": 45, "date2014_p": 170, "date2015_p": 190, "date2016_p": 100, "date2017_p": 75, "date2018_p": 87, "date2019_p": 107, "date2020_p": 125, "date2021_p": 82, "CONTINENT": "Asia", "area": 0.798907, "Type": 0, "Nation": "India", "Locations": "[69.6952500000000,22.9047000000000;69.7047800000000,22.9117800000000]", "ORIG_FID": 20379 }, "geometry": { "type": "Point", "coordinates": [ 69.700015, 22.90824 ] } },
{ "type": "Feature", "properties": { "Points_num": 109, "Min_date": "2012-02-23", "Max_date": "2021-04-15", "date2012_p": 6, "date2013_p": 6, "date2014_p": 7, "date2015_p": 10, "date2016_p": 3, "date2017_p": 6, "date2018_p": 4, "date2019_p": 5, "date2020_p": 6, "date2021_p": 8, "CONTINENT": "Asia", "area": 0.17688, "Type": 0, "Nation": "India", "Locations": "[69.8396300000000,22.9622500000000;69.8434100000000,22.9662000000000]", "ORIG_FID": 20380 }, "geometry": { "type": "Point", "coordinates": [ 69.84152, 22.964225 ] } },
{ "type": "Feature", "properties": { "Points_num": 349, "Min_date": "2012-10-08", "Max_date": "2021-01-15", "date2012_p": 2, "date2013_p": 2, "date2014_p": 7, "date2015_p": 2, "date2016_p": 12, "date2017_p": 16, "date2018_p": 17, "date2019_p": 38, "date2020_p": 75, "date2021_p": 79, "CONTINENT": "Asia", "area": 0.190523, "Type": 0, "Nation": "India", "Locations": "[69.8220600000000,22.9241600000000;69.8260900000000,22.9281500000000]", "ORIG_FID": 20381 }, "geometry": { "type": "Point", "coordinates": [ 69.824075, 22.926155 ] } },
{ "type": "Feature", "properties": { "Points_num": 141, "Min_date": "2015-05-22", "Max_date": "2020-12-30", "date2012_p": 0, "date2013_p": 0, "date2014_p": 0, "date2015_p": 2, "date2016_p": 21, "date2017_p": 20, "date2018_p": 0, "date2019_p": 19, "date2020_p": 18, "date2021_p": 0, "CONTINENT": "Asia", "area": 0.260979, "Type": 0, "Nation": "India", "Locations": "[70.4459100000000,22.9590100000000;70.4531500000000,22.9620400000000]", "ORIG_FID": 20382 }, "geometry": { "type": "Point", "coordinates": [ 70.44953, 22.960525 ] } },
{ "type": "Feature", "properties": { "Points_num": 32, "Min_date": "2012-01-27", "Max_date": "2014-03-05", "date2012_p": 4, "date2013_p": 4, "date2014_p": 7, "date2015_p": 0, "date2016_p": 0, "date2017_p": 0, "date2018_p": 0, "date2019_p": 0, "date2020_p": 0, "date2021_p": 0, "CONTINENT": "Asia", "area": 0.269725, "Type": 0, "Nation": "India", "Locations": "[68.5766800000000,23.4244300000000;68.5823400000000,23.4285000000000]", "ORIG_FID": 20383 }, "geometry": { "type": "Point", "coordinates": [ 68.57951, 23.426465 ] } },
{ "type": "Feature", "properties": { "Points_num": 67, "Min_date": "2014-10-01", "Max_date": "2020-11-23", "date2012_p": 0, "date2013_p": 0, "date2014_p": 1, "date2015_p": 4, "date2016_p": 14, "date2017_p": 6, "date2018_p": 3, "date2019_p": 2, "date2020_p": 3, "date2021_p": 0, "CONTINENT": "Asia", "area": 0.146199, "Type": 0, "Nation": "India", "Locations": "[72.4199300000000,23.4024700000000;72.4241200000000,23.4053700000000]", "ORIG_FID": 20384 }, "geometry": { "type": "Point", "coordinates": [ 72.422025, 23.40392 ] } },
{ "type": "Feature", "properties": { "Points_num": 60, "Min_date": "2013-03-24", "Max_date": "1899-12-30", "date2012_p": 0, "date2013_p": 0, "date2014_p": 0, "date2015_p": 19, "date2016_p": 0, "date2017_p": 9, "date2018_p": 0, "date2019_p": 1, "date2020_p": 0, "date2021_p": 0, "CONTINENT": "Asia", "area": 0.224901, "Type": 0, "Nation": "India", "Locations": "[72.2700600000000,23.5247600000000;72.2738600000000,23.5296900000000]", "ORIG_FID": 20385 }, "geometry": { "type": "Point", "coordinates": [ 72.27196, 23.527225 ] } },
{ "type": "Feature", "properties": { "Points_num": 90, "Min_date": "2013-11-03", "Max_date": "2020-11-18", "date2012_p": 0, "date2013_p": 0, "date2014_p": 2, "date2015_p": 7, "date2016_p": 4, "date2017_p": 7, "date2018_p": 10, "date2019_p": 4, "date2020_p": 1, "date2021_p": 0, "CONTINENT": "Asia", "area": 0.303832, "Type": 0, "Nation": "India", "Locations": "[72.3525200000000,23.4121600000000;72.3584100000000,23.4164500000000]", "ORIG_FID": 20386 }, "geometry": { "type": "Point", "coordinates": [ 72.355465, 23.414305 ] } },
{ "type": "Feature", "properties": { "Points_num": 33, "Min_date": "2015-02-26", "Max_date": "2017-05-01", "date2012_p": 0, "date2013_p": 0, "date2014_p": 0, "date2015_p": 3, "date2016_p": 3, "date2017_p": 9, "date2018_p": 0, "date2019_p": 0, "date2020_p": 0, "date2021_p": 0, "CONTINENT": "Asia", "area": 0.188809, "Type": 0, "Nation": "India", "Locations": "[72.6192400000000,23.5618800000000;72.6228300000000,23.5662500000000]", "ORIG_FID": 20387 }, "geometry": { "type": "Point", "coordinates": [ 72.621035, 23.564065 ] } },
{ "type": "Feature", "properties": { "Points_num": 4610, "Min_date": "2012-01-20", "Max_date": "2021-05-04", "date2012_p": 484, "date2013_p": 484, "date2014_p": 257, "date2015_p": 88, "date2016_p": 80, "date2017_p": 141, "date2018_p": 184, "date2019_p": 251, "date2020_p": 262, "date2021_p": 358, "CONTINENT": "Asia", "area": 1.26736, "Type": 1, "Nation": "India", "Locations": "[72.7310500000000,21.1501800000000;72.7445400000000,21.1578300000000]", "ORIG_FID": 20388 }, "geometry": { "type": "Point", "coordinates": [ 72.737795, 21.154005 ] } },
{ "type": "Feature", "properties": { "Points_num": 32259, "Min_date": "2012-01-20", "Max_date": "2021-02-07", "date2012_p": 1276, "date2013_p": 1276, "date2014_p": 1000, "date2015_p": 1028, "date2016_p": 1568, "date2017_p": 2203, "date2018_p": 2366, "date2019_p": 2249, "date2020_p": 1933, "date2021_p": 2179, "CONTINENT": "Asia", "area": 6.42481, "Type": 0, "Nation": "India", "Locations": "[72.6260600000000,21.0978600000000;72.6574200000000,21.1145500000000]", "ORIG_FID": 20389 }, "geometry": { "type": "Point", "coordinates": [ 72.64174, 21.106205 ] } },
{ "type": "Feature", "properties": { "Points_num": 2318, "Min_date": "2012-01-20", "Max_date": "2021-09-30", "date2012_p": 182, "date2013_p": 182, "date2014_p": 69, "date2015_p": 132, "date2016_p": 137, "date2017_p": 113, "date2018_p": 86, "date2019_p": 131, "date2020_p": 165, "date2021_p": 75, "CONTINENT": "Asia", "area": 1.33273, "Type": 0, "Nation": "India", "Locations": "[73.1088700000000,22.3609100000000;73.1226400000000,22.3688400000000]", "ORIG_FID": 20390 }, "geometry": { "type": "Point", "coordinates": [ 73.115755, 22.364875 ] } },
{ "type": "Feature", "properties": { "Points_num": 121, "Min_date": "2012-09-30", "Max_date": "2019-03-29", "date2012_p": 4, "date2013_p": 4, "date2014_p": 11, "date2015_p": 6, "date2016_p": 23, "date2017_p": 6, "date2018_p": 0, "date2019_p": 3, "date2020_p": 0, "date2021_p": 0, "CONTINENT": "Asia", "area": 0.507846, "Type": 0, "Nation": "India", "Locations": "[73.1160900000000,22.3845200000000;73.1223200000000,22.3912000000000]", "ORIG_FID": 20391 }, "geometry": { "type": "Point", "coordinates": [ 73.119205, 22.38786 ] } },
{ "type": "Feature", "properties": { "Points_num": 28, "Min_date": "2013-10-19", "Max_date": "2016-01-19", "date2012_p": 0, "date2013_p": 0, "date2014_p": 2, "date2015_p": 3, "date2016_p": 6, "date2017_p": 0, "date2018_p": 0, "date2019_p": 0, "date2020_p": 0, "date2021_p": 0, "CONTINENT": "Asia", "area": 0.223761, "Type": 0, "Nation": "India", "Locations": "[73.1132800000000,22.3858900000000;73.1160500000000,22.3925100000000]", "ORIG_FID": 20392 }, "geometry": { "type": "Point", "coordinates": [ 73.114665, 22.3892 ] } },
{ "type": "Feature", "properties": { "Points_num": 674, "Min_date": "2013-03-07", "Max_date": "2021-03-30", "date2012_p": 0, "date2013_p": 0, "date2014_p": 11, "date2015_p": 16, "date2016_p": 57, "date2017_p": 31, "date2018_p": 79, "date2019_p": 48, "date2020_p": 63, "date2021_p": 10, "CONTINENT": "Asia", "area": 0.898413, "Type": 0, "Nation": "India", "Locations": "[72.9442100000000,20.3527000000000;72.9544200000000,20.3598100000000]", "ORIG_FID": 20393 }, "geometry": { "type": "Point", "coordinates": [ 72.949315, 20.356255 ] } },
{ "type": "Feature", "properties": { "Points_num": 2066, "Min_date": "2012-01-22", "Max_date": "2021-02-15", "date2012_p": 161, "date2013_p": 161, "date2014_p": 121, "date2015_p": 140, "date2016_p": 134, "date2017_p": 98, "date2018_p": 0, "date2019_p": 87, "date2020_p": 99, "date2021_p": 120, "CONTINENT": "Asia", "area": 0.629632, "Type": 0, "Nation": "India", "Locations": "[75.7728700000000,29.1212600000000;75.7817000000000,29.1273500000000]", "ORIG_FID": 20394 }, "geometry": { "type": "Point", "coordinates": [ 75.777285, 29.124305 ] } },
{ "type": "Feature", "properties": { "Points_num": 21, "Min_date": "2018-02-24", "Max_date": "2021-08-11", "date2012_p": 0, "date2013_p": 0, "date2014_p": 0, "date2015_p": 0, "date2016_p": 0, "date2017_p": 0, "date2018_p": 0, "date2019_p": 2, "date2020_p": 0, "date2021_p": 5, "CONTINENT": "Asia", "area": 0.090975, "Type": 0, "Nation": "India", "Locations": "[76.8945200000000,28.7526200000000;76.8975000000000,28.7551900000000]", "ORIG_FID": 20395 }, "geometry": { "type": "Point", "coordinates": [ 76.89601, 28.753905 ] } },
{ "type": "Feature", "properties": { "Points_num": 642, "Min_date": "2012-02-06", "Max_date": "2021-03-02", "date2012_p": 34, "date2013_p": 34, "date2014_p": 93, "date2015_p": 40, "date2016_p": 28, "date2017_p": 25, "date2018_p": 0, "date2019_p": 33, "date2020_p": 19, "date2021_p": 15, "CONTINENT": "Asia", "area": 0.573172, "Type": 0, "Nation": "India", "Locations": "[76.8898000000000,29.4558300000000;76.8962600000000,29.4633600000000]", "ORIG_FID": 20396 }, "geometry": { "type": "Point", "coordinates": [ 76.89303, 29.459595 ] } },
{ "type": "Feature", "properties": { "Points_num": 602, "Min_date": "2012-01-30", "Max_date": "2021-03-02", "date2012_p": 35, "date2013_p": 35, "date2014_p": 104, "date2015_p": 32, "date2016_p": 18, "date2017_p": 14, "date2018_p": 0, "date2019_p": 44, "date2020_p": 20, "date2021_p": 12, "CONTINENT": "Asia", "area": 0.623967, "Type": 1, "Nation": "India", "Locations": "[76.8823100000000,29.4566000000000;76.8897900000000,29.4636800000000]", "ORIG_FID": 20397 }, "geometry": { "type": "Point", "coordinates": [ 76.88605, 29.46014 ] } },
{ "type": "Feature", "properties": { "Points_num": 824, "Min_date": "2012-02-09", "Max_date": "2021-02-17", "date2012_p": 31, "date2013_p": 31, "date2014_p": 63, "date2015_p": 33, "date2016_p": 22, "date2017_p": 12, "date2018_p": 0, "date2019_p": 79, "date2020_p": 78, "date2021_p": 15, "CONTINENT": "Asia", "area": 0.999217, "Type": 0, "Nation": "India", "Locations": "[76.8544200000000,29.4707800000000;76.8643200000000,29.4793500000000]", "ORIG_FID": 20398 }, "geometry": { "type": "Point", "coordinates": [ 76.85937, 29.475065 ] } },
{ "type": "Feature", "properties": { "Points_num": 1376, "Min_date": "2012-01-20", "Max_date": "2021-05-11", "date2012_p": 178, "date2013_p": 178, "date2014_p": 51, "date2015_p": 91, "date2016_p": 63, "date2017_p": 69, "date2018_p": 0, "date2019_p": 52, "date2020_p": 48, "date2021_p": 16, "CONTINENT": "Asia", "area": 3.25298, "Type": 0, "Nation": "India", "Locations": "[76.8573700000000,29.4507500000000;76.8772500000000,29.4646400000000]", "ORIG_FID": 20399 }, "geometry": { "type": "Point", "coordinates": [ 76.86731, 29.457695 ] } },
{ "type": "Feature", "properties": { "Points_num": 34, "Min_date": "2012-04-09", "Max_date": "2014-01-09", "date2012_p": 4, "date2013_p": 4, "date2014_p": 1, "date2015_p": 0, "date2016_p": 0, "date2017_p": 0, "date2018_p": 0, "date2019_p": 0, "date2020_p": 0, "date2021_p": 0, "CONTINENT": "Asia", "area": 0.277231, "Type": 0, "Nation": "India", "Locations": "[77.0975500000000,28.9611200000000;77.1011700000000,28.9675700000000]", "ORIG_FID": 20400 }, "geometry": { "type": "Point", "coordinates": [ 77.09936, 28.964345 ] } },
{ "type": "Feature", "properties": { "Points_num": 43, "Min_date": "2012-03-11", "Max_date": "2012-07-02", "date2012_p": 9, "date2013_p": 9, "date2014_p": 0, "date2015_p": 0, "date2016_p": 0, "date2017_p": 0, "date2018_p": 0, "date2019_p": 0, "date2020_p": 0, "date2021_p": 0, "CONTINENT": "Asia", "area": 0.13744, "Type": 1, "Nation": "India", "Locations": "[77.1017500000000,28.9616300000000;77.1042500000000,28.9662600000000]", "ORIG_FID": 20401 }, "geometry": { "type": "Point", "coordinates": [ 77.103, 28.963945 ] } },
{ "type": "Feature", "properties": { "Points_num": 233, "Min_date": "2012-01-23", "Max_date": "2021-11-19", "date2012_p": 26, "date2013_p": 26, "date2014_p": 20, "date2015_p": 14, "date2016_p": 1, "date2017_p": 4, "date2018_p": 0, "date2019_p": 10, "date2020_p": 15, "date2021_p": 24, "CONTINENT": "Asia", "area": 0.148172, "Type": 0, "Nation": "India", "Locations": "[76.8333100000000,31.4118000000000;76.8373100000000,31.4150200000000]", "ORIG_FID": 20402 }, "geometry": { "type": "Point", "coordinates": [ 76.83531, 31.41341 ] } },
{ "type": "Feature", "properties": { "Points_num": 1543, "Min_date": "2012-01-28", "Max_date": "2021-07-15", "date2012_p": 82, "date2013_p": 82, "date2014_p": 91, "date2015_p": 93, "date2016_p": 90, "date2017_p": 107, "date2018_p": 0, "date2019_p": 92, "date2020_p": 105, "date2021_p": 119, "CONTINENT": "Asia", "area": 0.37726, "Type": 0, "Nation": "India", "Locations": "[76.9259200000000,31.2470200000000;76.9319200000000,31.2524700000000]", "ORIG_FID": 20403 }, "geometry": { "type": "Point", "coordinates": [ 76.92892, 31.249745 ] } },
{ "type": "Feature", "properties": { "Points_num": 1034, "Min_date": "2012-01-27", "Max_date": "2021-02-19", "date2012_p": 53, "date2013_p": 53, "date2014_p": 79, "date2015_p": 44, "date2016_p": 52, "date2017_p": 76, "date2018_p": 0, "date2019_p": 47, "date2020_p": 89, "date2021_p": 96, "CONTINENT": "Asia", "area": 0.50066, "Type": 0, "Nation": "India", "Locations": "[76.9221000000000,31.2555000000000;76.9293700000000,31.2614700000000]", "ORIG_FID": 20404 }, "geometry": { "type": "Point", "coordinates": [ 76.925735, 31.258485 ] } },
{ "type": "Feature", "properties": { "Points_num": 750, "Min_date": "2012-03-11", "Max_date": "2021-01-10", "date2012_p": 36, "date2013_p": 36, "date2014_p": 70, "date2015_p": 60, "date2016_p": 35, "date2017_p": 33, "date2018_p": 0, "date2019_p": 40, "date2020_p": 34, "date2021_p": 49, "CONTINENT": "Asia", "area": 0.384155, "Type": 0, "Nation": "India", "Locations": "[76.8926000000000,31.3253000000000;76.8994600000000,31.3301600000000]", "ORIG_FID": 20405 }, "geometry": { "type": "Point", "coordinates": [ 76.89603, 31.32773 ] } },
{ "type": "Feature", "properties": { "Points_num": 116, "Min_date": "2012-01-23", "Max_date": "2017-02-26", "date2012_p": 5, "date2013_p": 5, "date2014_p": 26, "date2015_p": 13, "date2016_p": 2, "date2017_p": 1, "date2018_p": 0, "date2019_p": 0, "date2020_p": 0, "date2021_p": 0, "CONTINENT": "Asia", "area": 0.234747, "Type": 0, "Nation": "India", "Locations": "[74.9183000000000,32.6353600000000;74.9235900000000,32.6393400000000]", "ORIG_FID": 20406 }, "geometry": { "type": "Point", "coordinates": [ 74.920945, 32.63735 ] } },
{ "type": "Feature", "properties": { "Points_num": 206, "Min_date": "2015-03-11", "Max_date": "2017-01-05", "date2012_p": 0, "date2013_p": 0, "date2014_p": 0, "date2015_p": 0, "date2016_p": 86, "date2017_p": 16, "date2018_p": 0, "date2019_p": 0, "date2020_p": 0, "date2021_p": 0, "CONTINENT": "Asia", "area": 0.461892, "Type": 1, "Nation": "India", "Locations": "[86.0214300000000,23.7720200000000;86.0272100000000,23.7777000000000]", "ORIG_FID": 20407 }, "geometry": { "type": "Point", "coordinates": [ 86.02432, 23.77486 ] } },
{ "type": "Feature", "properties": { "Points_num": 35, "Min_date": "2012-01-20", "Max_date": "2012-04-25", "date2012_p": 11, "date2013_p": 11, "date2014_p": 0, "date2015_p": 0, "date2016_p": 0, "date2017_p": 0, "date2018_p": 0, "date2019_p": 0, "date2020_p": 0, "date2021_p": 0, "CONTINENT": "Asia", "area": 0.119645, "Type": 0, "Nation": "India", "Locations": "[85.9907500000000,23.7731900000000;85.9943400000000,23.7755600000000]", "ORIG_FID": 20408 }, "geometry": { "type": "Point", "coordinates": [ 85.992545, 23.774375 ] } },
{ "type": "Feature", "properties": { "Points_num": 8433, "Min_date": "2012-02-23", "Max_date": "2021-11-25", "date2012_p": 2, "date2013_p": 2, "date2014_p": 121, "date2015_p": 230, "date2016_p": 236, "date2017_p": 372, "date2018_p": 944, "date2019_p": 1167, "date2020_p": 998, "date2021_p": 566, "CONTINENT": "Asia", "area": 3.85115, "Type": 0, "Nation": "India", "Locations": "[85.8489400000000,23.7480000000000;85.8673300000000,23.7629200000000]", "ORIG_FID": 20409 }, "geometry": { "type": "Point", "coordinates": [ 85.858135, 23.75546 ] } },
{ "type": "Feature", "properties": { "Points_num": 444, "Min_date": "2018-06-27", "Max_date": "2021-02-27", "date2012_p": 0, "date2013_p": 0, "date2014_p": 0, "date2015_p": 0, "date2016_p": 0, "date2017_p": 0, "date2018_p": 0, "date2019_p": 37, "date2020_p": 120, "date2021_p": 153, "CONTINENT": "Asia", "area": 0.609423, "Type": 0, "Nation": "India", "Locations": "[85.8575200000000,23.8038900000000;85.8650100000000,23.8096900000000]", "ORIG_FID": 20410 }, "geometry": { "type": "Point", "coordinates": [ 85.861265, 23.80679 ] } },
{ "type": "Feature", "properties": { "Points_num": 218, "Min_date": "2017-10-16", "Max_date": "1899-12-30", "date2012_p": 0, "date2013_p": 0, "date2014_p": 0, "date2015_p": 0, "date2016_p": 0, "date2017_p": 95, "date2018_p": 0, "date2019_p": 0, "date2020_p": 0, "date2021_p": 0, "CONTINENT": "Asia", "area": 0.365691, "Type": 0, "Nation": "India", "Locations": "[85.6097000000000,23.7920000000000;85.6166400000000,23.7957700000000]", "ORIG_FID": 20411 }, "geometry": { "type": "Point", "coordinates": [ 85.61317, 23.793885 ] } },
{ "type": "Feature", "properties": { "Points_num": 129, "Min_date": "2015-03-23", "Max_date": "2017-06-29", "date2012_p": 0, "date2013_p": 0, "date2014_p": 0, "date2015_p": 1, "date2016_p": 0, "date2017_p": 54, "date2018_p": 0, "date2019_p": 0, "date2020_p": 0, "date2021_p": 0, "CONTINENT": "Asia", "area": 0.170661, "Type": 0, "Nation": "India", "Locations": "[85.6125900000000,23.7885200000000;85.6161600000000,23.7919400000000]", "ORIG_FID": 20412 }, "geometry": { "type": "Point", "coordinates": [ 85.614375, 23.79023 ] } },
{ "type": "Feature", "properties": { "Points_num": 89, "Min_date": "2017-10-28", "Max_date": "1899-12-30", "date2012_p": 0, "date2013_p": 0, "date2014_p": 0, "date2015_p": 0, "date2016_p": 0, "date2017_p": 33, "date2018_p": 0, "date2019_p": 0, "date2020_p": 0, "date2021_p": 0, "CONTINENT": "Asia", "area": 0.199017, "Type": 0, "Nation": "India", "Locations": "[85.6076000000000,23.7889600000000;85.6125100000000,23.7918600000000]", "ORIG_FID": 20413 }, "geometry": { "type": "Point", "coordinates": [ 85.610055, 23.79041 ] } },
{ "type": "Feature", "properties": { "Points_num": 40, "Min_date": "2016-08-31", "Max_date": "2018-06-29", "date2012_p": 0, "date2013_p": 0, "date2014_p": 0, "date2015_p": 0, "date2016_p": 13, "date2017_p": 2, "date2018_p": 2, "date2019_p": 0, "date2020_p": 0, "date2021_p": 0, "CONTINENT": "Asia", "area": 0.221256, "Type": 1, "Nation": "India", "Locations": "[85.6350900000000,23.6269800000000;85.6391400000000,23.6308800000000]", "ORIG_FID": 20414 }, "geometry": { "type": "Point", "coordinates": [ 85.637115, 23.62893 ] } },
{ "type": "Feature", "properties": { "Points_num": 995, "Min_date": "2012-01-20", "Max_date": "2021-01-26", "date2012_p": 111, "date2013_p": 111, "date2014_p": 58, "date2015_p": 50, "date2016_p": 45, "date2017_p": 7, "date2018_p": 33, "date2019_p": 29, "date2020_p": 31, "date2021_p": 38, "CONTINENT": "Asia", "area": 1.08418, "Type": 1, "Nation": "India", "Locations": "[85.6213100000000,23.6288000000000;85.6319000000000,23.6361100000000]", "ORIG_FID": 20415 }, "geometry": { "type": "Point", "coordinates": [ 85.626605, 23.632455 ] } },
{ "type": "Feature", "properties": { "Points_num": 391, "Min_date": "2015-10-16", "Max_date": "2021-03-03", "date2012_p": 0, "date2013_p": 0, "date2014_p": 0, "date2015_p": 3, "date2016_p": 23, "date2017_p": 33, "date2018_p": 49, "date2019_p": 24, "date2020_p": 25, "date2021_p": 26, "CONTINENT": "Asia", "area": 0.34001, "Type": 0, "Nation": "India", "Locations": "[85.6390900000000,23.6217600000000;85.6449100000000,23.6259300000000]", "ORIG_FID": 20416 }, "geometry": { "type": "Point", "coordinates": [ 85.642, 23.623845 ] } },
{ "type": "Feature", "properties": { "Points_num": 43, "Min_date": "2014-05-15", "Max_date": "2021-03-23", "date2012_p": 0, "date2013_p": 0, "date2014_p": 0, "date2015_p": 0, "date2016_p": 2, "date2017_p": 17, "date2018_p": 0, "date2019_p": 0, "date2020_p": 0, "date2021_p": 1, "CONTINENT": "Asia", "area": 0.29408, "Type": 0, "Nation": "India", "Locations": "[85.6644600000000,23.6210200000000;85.6711000000000,23.6241800000000]", "ORIG_FID": 20417 }, "geometry": { "type": "Point", "coordinates": [ 85.66778, 23.6226 ] } },
{ "type": "Feature", "properties": { "Points_num": 7592, "Min_date": "2012-01-20", "Max_date": "2021-11-21", "date2012_p": 554, "date2013_p": 554, "date2014_p": 544, "date2015_p": 516, "date2016_p": 256, "date2017_p": 324, "date2018_p": 309, "date2019_p": 392, "date2020_p": 257, "date2021_p": 206, "CONTINENT": "Asia", "area": 4.31634, "Type": 1, "Nation": "India", "Locations": "[86.0697700000000,23.6914600000000;86.0839700000000,23.7130300000000]", "ORIG_FID": 20418 }, "geometry": { "type": "Point", "coordinates": [ 86.07687, 23.702245 ] } },
{ "type": "Feature", "properties": { "Points_num": 245, "Min_date": "2012-03-09", "Max_date": "2021-09-26", "date2012_p": 9, "date2013_p": 9, "date2014_p": 5, "date2015_p": 17, "date2016_p": 7, "date2017_p": 20, "date2018_p": 19, "date2019_p": 6, "date2020_p": 10, "date2021_p": 14, "CONTINENT": "Asia", "area": 0.348473, "Type": 0, "Nation": "India", "Locations": "[86.1129200000000,23.6697500000000;86.1174200000000,23.6752400000000]", "ORIG_FID": 20419 }, "geometry": { "type": "Point", "coordinates": [ 86.11517, 23.672495 ] } },
{ "type": "Feature", "properties": { "Points_num": 30277, "Min_date": "2012-01-20", "Max_date": "2021-11-28", "date2012_p": 2005, "date2013_p": 2005, "date2014_p": 1798, "date2015_p": 1426, "date2016_p": 1369, "date2017_p": 1560, "date2018_p": 1536, "date2019_p": 1354, "date2020_p": 1385, "date2021_p": 1284, "CONTINENT": "Asia", "area": 11.619, "Type": 0, "Nation": "India", "Locations": "[86.0726700000000,23.6654300000000;86.1094100000000,23.6878600000000]", "ORIG_FID": 20420 }, "geometry": { "type": "Point", "coordinates": [ 86.09104, 23.676645 ] } },
{ "type": "Feature", "properties": { "Points_num": 753, "Min_date": "2012-02-23", "Max_date": "2021-11-01", "date2012_p": 15, "date2013_p": 15, "date2014_p": 33, "date2015_p": 46, "date2016_p": 50, "date2017_p": 43, "date2018_p": 52, "date2019_p": 50, "date2020_p": 66, "date2021_p": 43, "CONTINENT": "Asia", "area": 0.737371, "Type": 0, "Nation": "India", "Locations": "[86.2863000000000,23.6257700000000;86.2944800000000,23.6321400000000]", "ORIG_FID": 20421 }, "geometry": { "type": "Point", "coordinates": [ 86.29039, 23.628955 ] } },
{ "type": "Feature", "properties": { "Points_num": 711, "Min_date": "2012-02-10", "Max_date": "2021-10-11", "date2012_p": 4, "date2013_p": 4, "date2014_p": 15, "date2015_p": 24, "date2016_p": 36, "date2017_p": 27, "date2018_p": 68, "date2019_p": 50, "date2020_p": 77, "date2021_p": 66, "CONTINENT": "Asia", "area": 0.939415, "Type": 0, "Nation": "India", "Locations": "[86.2931300000000,23.6291100000000;86.3020400000000,23.6365600000000]", "ORIG_FID": 20422 }, "geometry": { "type": "Point", "coordinates": [ 86.297585, 23.632835 ] } },
{ "type": "Feature", "properties": { "Points_num": 32, "Min_date": "2016-11-14", "Max_date": "2021-05-11", "date2012_p": 0, "date2013_p": 0, "date2014_p": 0, "date2015_p": 0, "date2016_p": 6, "date2017_p": 4, "date2018_p": 2, "date2019_p": 0, "date2020_p": 1, "date2021_p": 2, "CONTINENT": "Asia", "area": 0.080155, "Type": 0, "Nation": "India", "Locations": "[86.3511400000000,23.6888400000000;86.3548900000000,23.6903500000000]", "ORIG_FID": 20423 }, "geometry": { "type": "Point", "coordinates": [ 86.353015, 23.689595 ] } },
{ "type": "Feature", "properties": { "Points_num": 10626, "Min_date": "2012-09-24", "Max_date": "2021-03-10", "date2012_p": 76, "date2013_p": 76, "date2014_p": 757, "date2015_p": 1066, "date2016_p": 865, "date2017_p": 684, "date2018_p": 626, "date2019_p": 431, "date2020_p": 393, "date2021_p": 207, "CONTINENT": "Asia", "area": 1.95654, "Type": 0, "Nation": "India", "Locations": "[86.0305800000000,23.7615900000000;86.0433700000000,23.7724600000000]", "ORIG_FID": 20424 }, "geometry": { "type": "Point", "coordinates": [ 86.036975, 23.767025 ] } },
{ "type": "Feature", "properties": { "Points_num": 631, "Min_date": "2012-01-20", "Max_date": "2020-03-04", "date2012_p": 77, "date2013_p": 77, "date2014_p": 55, "date2015_p": 0, "date2016_p": 0, "date2017_p": 0, "date2018_p": 0, "date2019_p": 1, "date2020_p": 28, "date2021_p": 0, "CONTINENT": "Asia", "area": 1.33232, "Type": 0, "Nation": "India", "Locations": "[84.9825800000000,23.7043500000000;84.9918600000000,23.7147100000000]", "ORIG_FID": 20425 }, "geometry": { "type": "Point", "coordinates": [ 84.98722, 23.70953 ] } },
{ "type": "Feature", "properties": { "Points_num": 67, "Min_date": "2015-05-03", "Max_date": "2020-07-26", "date2012_p": 0, "date2013_p": 0, "date2014_p": 0, "date2015_p": 12, "date2016_p": 17, "date2017_p": 1, "date2018_p": 0, "date2019_p": 0, "date2020_p": 5, "date2021_p": 0, "CONTINENT": "Asia", "area": 0.285685, "Type": 0, "Nation": "India", "Locations": "[85.0014900000000,23.6928500000000;85.0061000000000,23.6973200000000]", "ORIG_FID": 20426 }, "geometry": { "type": "Point", "coordinates": [ 85.003795, 23.695085 ] } },
{ "type": "Feature", "properties": { "Points_num": 20117, "Min_date": "2012-01-20", "Max_date": "2021-01-14", "date2012_p": 895, "date2013_p": 895, "date2014_p": 1022, "date2015_p": 1193, "date2016_p": 971, "date2017_p": 1338, "date2018_p": 1184, "date2019_p": 1021, "date2020_p": 874, "date2021_p": 1052, "CONTINENT": "Asia", "area": 19.1138, "Type": 1, "Nation": "India", "Locations": "[84.9975900000000,23.7150100000000;85.0478200000000,23.7424600000000]", "ORIG_FID": 20427 }, "geometry": { "type": "Point", "coordinates": [ 85.022705, 23.728735 ] } },
{ "type": "Feature", "properties": { "Points_num": 318, "Min_date": "2012-02-04", "Max_date": "2018-05-12", "date2012_p": 4, "date2013_p": 4, "date2014_p": 0, "date2015_p": 6, "date2016_p": 1, "date2017_p": 153, "date2018_p": 1, "date2019_p": 0, "date2020_p": 0, "date2021_p": 0, "CONTINENT": "Asia", "area": 0.692734, "Type": 0, "Nation": "India", "Locations": "[85.0499600000000,23.7306300000000;85.0556300000000,23.7394400000000]", "ORIG_FID": 20428 }, "geometry": { "type": "Point", "coordinates": [ 85.052795, 23.735035 ] } },
{ "type": "Feature", "properties": { "Points_num": 1339, "Min_date": "2015-05-19", "Max_date": "2021-03-02", "date2012_p": 0, "date2013_p": 0, "date2014_p": 0, "date2015_p": 135, "date2016_p": 47, "date2017_p": 291, "date2018_p": 0, "date2019_p": 47, "date2020_p": 1, "date2021_p": 2, "CONTINENT": "Asia", "area": 1.90223, "Type": 0, "Nation": "India", "Locations": "[84.9833300000000,23.8861000000000;84.9998800000000,23.8944100000000]", "ORIG_FID": 20429 }, "geometry": { "type": "Point", "coordinates": [ 84.991605, 23.890255 ] } },
{ "type": "Feature", "properties": { "Points_num": 486, "Min_date": "2017-04-28", "Max_date": "2019-05-28", "date2012_p": 0, "date2013_p": 0, "date2014_p": 0, "date2015_p": 0, "date2016_p": 0, "date2017_p": 139, "date2018_p": 0, "date2019_p": 117, "date2020_p": 0, "date2021_p": 0, "CONTINENT": "Asia", "area": 0.422521, "Type": 0, "Nation": "India", "Locations": "[85.0049100000000,23.8851800000000;85.0091400000000,23.8924000000000]", "ORIG_FID": 20430 }, "geometry": { "type": "Point", "coordinates": [ 85.007025, 23.88879 ] } },
{ "type": "Feature", "properties": { "Points_num": 294, "Min_date": "2017-01-18", "Max_date": "2019-02-12", "date2012_p": 0, "date2013_p": 0, "date2014_p": 0, "date2015_p": 0, "date2016_p": 0, "date2017_p": 52, "date2018_p": 0, "date2019_p": 66, "date2020_p": 0, "date2021_p": 0, "CONTINENT": "Asia", "area": 0.544607, "Type": 0, "Nation": "India", "Locations": "[85.0091900000000,23.8845900000000;85.0145600000000,23.8919200000000]", "ORIG_FID": 20431 }, "geometry": { "type": "Point", "coordinates": [ 85.011875, 23.888255 ] } },
{ "type": "Feature", "properties": { "Points_num": 334, "Min_date": "2015-12-15", "Max_date": "2017-01-25", "date2012_p": 0, "date2013_p": 0, "date2014_p": 0, "date2015_p": 20, "date2016_p": 114, "date2017_p": 32, "date2018_p": 0, "date2019_p": 0, "date2020_p": 0, "date2021_p": 0, "CONTINENT": "Asia", "area": 0.933548, "Type": 0, "Nation": "India", "Locations": "[84.9734600000000,23.8364200000000;84.9826900000000,23.8437300000000]", "ORIG_FID": 20432 }, "geometry": { "type": "Point", "coordinates": [ 84.978075, 23.840075 ] } },
{ "type": "Feature", "properties": { "Points_num": 51, "Min_date": "2015-12-30", "Max_date": "2016-01-15", "date2012_p": 0, "date2013_p": 0, "date2014_p": 0, "date2015_p": 1, "date2016_p": 24, "date2017_p": 0, "date2018_p": 0, "date2019_p": 0, "date2020_p": 0, "date2021_p": 0, "CONTINENT": "Asia", "area": 0.458542, "Type": 0, "Nation": "India", "Locations": "[84.9859300000000,23.8386100000000;84.9913800000000,23.8446900000000]", "ORIG_FID": 20433 }, "geometry": { "type": "Point", "coordinates": [ 84.988655, 23.84165 ] } },
{ "type": "Feature", "properties": { "Points_num": 567, "Min_date": "2018-03-12", "Max_date": "2021-01-03", "date2012_p": 0, "date2013_p": 0, "date2014_p": 0, "date2015_p": 0, "date2016_p": 0, "date2017_p": 0, "date2018_p": 0, "date2019_p": 399, "date2020_p": 5, "date2021_p": 1, "CONTINENT": "Asia", "area": 1.32893, "Type": 0, "Nation": "India", "Locations": "[84.9454000000000,23.8288600000000;84.9567300000000,23.8373400000000]", "ORIG_FID": 20434 }, "geometry": { "type": "Point", "coordinates": [ 84.951065, 23.8331 ] } },
{ "type": "Feature", "properties": { "Points_num": 121, "Min_date": "2017-11-28", "Max_date": "2021-04-25", "date2012_p": 0, "date2013_p": 0, "date2014_p": 0, "date2015_p": 0, "date2016_p": 0, "date2017_p": 1, "date2018_p": 0, "date2019_p": 23, "date2020_p": 0, "date2021_p": 1, "CONTINENT": "Asia", "area": 0.549433, "Type": 0, "Nation": "India", "Locations": "[84.9545500000000,23.8457300000000;84.9606900000000,23.8522000000000]", "ORIG_FID": 20435 }, "geometry": { "type": "Point", "coordinates": [ 84.95762, 23.848965 ] } },
{ "type": "Feature", "properties": { "Points_num": 59, "Min_date": "2018-01-17", "Max_date": "2021-01-23", "date2012_p": 0, "date2013_p": 0, "date2014_p": 0, "date2015_p": 0, "date2016_p": 0, "date2017_p": 0, "date2018_p": 0, "date2019_p": 12, "date2020_p": 6, "date2021_p": 5, "CONTINENT": "Asia", "area": 0.297087, "Type": 0, "Nation": "India", "Locations": "[84.9500800000000,23.8431300000000;84.9546700000000,23.8478100000000]", "ORIG_FID": 20436 }, "geometry": { "type": "Point", "coordinates": [ 84.952375, 23.84547 ] } },
{ "type": "Feature", "properties": { "Points_num": 88, "Min_date": "2017-03-20", "Max_date": "2017-05-28", "date2012_p": 0, "date2013_p": 0, "date2014_p": 0, "date2015_p": 0, "date2016_p": 0, "date2017_p": 43, "date2018_p": 0, "date2019_p": 0, "date2020_p": 0, "date2021_p": 0, "CONTINENT": "Asia", "area": 0.328771, "Type": 0, "Nation": "India", "Locations": "[84.9492700000000,23.8509100000000;84.9543500000000,23.8555900000000]", "ORIG_FID": 20437 }, "geometry": { "type": "Point", "coordinates": [ 84.95181, 23.85325 ] } },
{ "type": "Feature", "properties": { "Points_num": 8129, "Min_date": "2012-01-20", "Max_date": "2021-09-04", "date2012_p": 851, "date2013_p": 851, "date2014_p": 688, "date2015_p": 528, "date2016_p": 334, "date2017_p": 325, "date2018_p": 0, "date2019_p": 178, "date2020_p": 211, "date2021_p": 168, "CONTINENT": "Asia", "area": 3.72656, "Type": 0, "Nation": "India", "Locations": "[86.2280800000000,23.7882200000000;86.2493400000000,23.8006400000000]", "ORIG_FID": 20438 }, "geometry": { "type": "Point", "coordinates": [ 86.23871, 23.79443 ] } },
{ "type": "Feature", "properties": { "Points_num": 3172, "Min_date": "2012-01-20", "Max_date": "2021-09-25", "date2012_p": 206, "date2013_p": 206, "date2014_p": 142, "date2015_p": 284, "date2016_p": 107, "date2017_p": 177, "date2018_p": 0, "date2019_p": 169, "date2020_p": 199, "date2021_p": 391, "CONTINENT": "Asia", "area": 1.44024, "Type": 0, "Nation": "India", "Locations": "[86.2035600000000,23.7713600000000;86.2131000000000,23.7820600000000]", "ORIG_FID": 20439 }, "geometry": { "type": "Point", "coordinates": [ 86.20833, 23.77671 ] } },
{ "type": "Feature", "properties": { "Points_num": 11154, "Min_date": "2012-01-20", "Max_date": "2021-03-13", "date2012_p": 928, "date2013_p": 928, "date2014_p": 931, "date2015_p": 706, "date2016_p": 762, "date2017_p": 570, "date2018_p": 0, "date2019_p": 352, "date2020_p": 147, "date2021_p": 54, "CONTINENT": "Asia", "area": 2.82906, "Type": 0, "Nation": "India", "Locations": "[86.3093000000000,23.7795400000000;86.3240200000000,23.7931400000000]", "ORIG_FID": 20440 }, "geometry": { "type": "Point", "coordinates": [ 86.31666, 23.78634 ] } },
{ "type": "Feature", "properties": { "Points_num": 246, "Min_date": "2012-01-20", "Max_date": "2015-01-07", "date2012_p": 77, "date2013_p": 77, "date2014_p": 1, "date2015_p": 1, "date2016_p": 0, "date2017_p": 0, "date2018_p": 0, "date2019_p": 0, "date2020_p": 0, "date2021_p": 0, "CONTINENT": "Asia", "area": 0.368764, "Type": 0, "Nation": "India", "Locations": "[86.3105500000000,23.7932200000000;86.3174000000000,23.7970300000000]", "ORIG_FID": 20441 }, "geometry": { "type": "Point", "coordinates": [ 86.313975, 23.795125 ] } },
{ "type": "Feature", "properties": { "Points_num": 2887, "Min_date": "2012-12-18", "Max_date": "2021-02-19", "date2012_p": 1, "date2013_p": 1, "date2014_p": 0, "date2015_p": 0, "date2016_p": 157, "date2017_p": 513, "date2018_p": 0, "date2019_p": 505, "date2020_p": 64, "date2021_p": 84, "CONTINENT": "Asia", "area": 2.19902, "Type": 0, "Nation": "India", "Locations": "[86.2951100000000,23.7805600000000;86.3091700000000,23.7916300000000]", "ORIG_FID": 20442 }, "geometry": { "type": "Point", "coordinates": [ 86.30214, 23.786095 ] } },
{ "type": "Feature", "properties": { "Points_num": 190, "Min_date": "2016-08-14", "Max_date": "2019-01-07", "date2012_p": 0, "date2013_p": 0, "date2014_p": 0, "date2015_p": 0, "date2016_p": 11, "date2017_p": 54, "date2018_p": 0, "date2019_p": 5, "date2020_p": 0, "date2021_p": 0, "CONTINENT": "Asia", "area": 0.455561, "Type": 0, "Nation": "India", "Locations": "[86.2887600000000,23.7855100000000;86.2950100000000,23.7906700000000]", "ORIG_FID": 20443 }, "geometry": { "type": "Point", "coordinates": [ 86.291885, 23.78809 ] } },
{ "type": "Feature", "properties": { "Points_num": 8570, "Min_date": "2012-01-20", "Max_date": "2021-03-20", "date2012_p": 388, "date2013_p": 388, "date2014_p": 448, "date2015_p": 408, "date2016_p": 445, "date2017_p": 621, "date2018_p": 0, "date2019_p": 558, "date2020_p": 783, "date2021_p": 1089, "CONTINENT": "Asia", "area": 3.46247, "Type": 1, "Nation": "India", "Locations": "[86.3157000000000,23.7974200000000;86.3361700000000,23.8093900000000]", "ORIG_FID": 20444 }, "geometry": { "type": "Point", "coordinates": [ 86.325935, 23.803405 ] } },
{ "type": "Feature", "properties": { "Points_num": 7392, "Min_date": "2012-01-20", "Max_date": "2021-10-27", "date2012_p": 624, "date2013_p": 624, "date2014_p": 677, "date2015_p": 494, "date2016_p": 796, "date2017_p": 779, "date2018_p": 0, "date2019_p": 542, "date2020_p": 368, "date2021_p": 174, "CONTINENT": "Asia", "area": 1.50961, "Type": 1, "Nation": "India", "Locations": "[86.3282200000000,23.7818800000000;86.3424400000000,23.7893900000000]", "ORIG_FID": 20445 }, "geometry": { "type": "Point", "coordinates": [ 86.33533, 23.785635 ] } },
{ "type": "Feature", "properties": { "Points_num": 109, "Min_date": "2012-01-20", "Max_date": "1899-12-30", "date2012_p": 6, "date2013_p": 6, "date2014_p": 21, "date2015_p": 16, "date2016_p": 0, "date2017_p": 0, "date2018_p": 0, "date2019_p": 0, "date2020_p": 0, "date2021_p": 0, "CONTINENT": "Asia", "area": 0.273428, "Type": 0, "Nation": "India", "Locations": "[86.3345400000000,23.7918700000000;86.3395000000000,23.7957700000000]", "ORIG_FID": 20446 }, "geometry": { "type": "Point", "coordinates": [ 86.33702, 23.79382 ] } },
{ "type": "Feature", "properties": { "Points_num": 7143, "Min_date": "2012-01-20", "Max_date": "2021-03-14", "date2012_p": 311, "date2013_p": 311, "date2014_p": 112, "date2015_p": 287, "date2016_p": 778, "date2017_p": 676, "date2018_p": 0, "date2019_p": 953, "date2020_p": 612, "date2021_p": 596, "CONTINENT": "Asia", "area": 2.35404, "Type": 1, "Nation": "India", "Locations": "[86.3415100000000,23.7895400000000;86.3540300000000,23.8028400000000]", "ORIG_FID": 20447 }, "geometry": { "type": "Point", "coordinates": [ 86.34777, 23.79619 ] } },
{ "type": "Feature", "properties": { "Points_num": 10972, "Min_date": "2012-01-20", "Max_date": "2021-01-09", "date2012_p": 1171, "date2013_p": 1171, "date2014_p": 897, "date2015_p": 815, "date2016_p": 503, "date2017_p": 273, "date2018_p": 324, "date2019_p": 152, "date2020_p": 118, "date2021_p": 122, "CONTINENT": "Asia", "area": 4.6108, "Type": 1, "Nation": "India", "Locations": "[86.4204600000000,23.7284300000000;86.4393300000000,23.7456800000000]", "ORIG_FID": 20448 }, "geometry": { "type": "Point", "coordinates": [ 86.429895, 23.737055 ] } },
{ "type": "Feature", "properties": { "Points_num": 17189, "Min_date": "2012-01-20", "Max_date": "2021-12-30", "date2012_p": 513, "date2013_p": 513, "date2014_p": 1008, "date2015_p": 906, "date2016_p": 999, "date2017_p": 873, "date2018_p": 1290, "date2019_p": 1531, "date2020_p": 585, "date2021_p": 594, "CONTINENT": "Asia", "area": 2.9587, "Type": 0, "Nation": "India", "Locations": "[86.4134000000000,23.7446700000000;86.4257200000000,23.7616300000000]", "ORIG_FID": 20449 }, "geometry": { "type": "Point", "coordinates": [ 86.41956, 23.75315 ] } },
{ "type": "Feature", "properties": { "Points_num": 12072, "Min_date": "2012-01-20", "Max_date": "2021-12-23", "date2012_p": 15, "date2013_p": 15, "date2014_p": 10, "date2015_p": 49, "date2016_p": 217, "date2017_p": 759, "date2018_p": 1754, "date2019_p": 1234, "date2020_p": 1212, "date2021_p": 1105, "CONTINENT": "Asia", "area": 4.18704, "Type": 1, "Nation": "India", "Locations": "[86.4343500000000,23.7140000000000;86.4514200000000,23.7313100000000]", "ORIG_FID": 20450 }, "geometry": { "type": "Point", "coordinates": [ 86.442885, 23.722655 ] } },
{ "type": "Feature", "properties": { "Points_num": 484, "Min_date": "2014-05-18", "Max_date": "2020-02-01", "date2012_p": 0, "date2013_p": 0, "date2014_p": 1, "date2015_p": 0, "date2016_p": 0, "date2017_p": 10, "date2018_p": 108, "date2019_p": 77, "date2020_p": 11, "date2021_p": 0, "CONTINENT": "Asia", "area": 0.312764, "Type": 1, "Nation": "India", "Locations": "[86.4279600000000,23.7028900000000;86.4324100000000,23.7078500000000]", "ORIG_FID": 20451 }, "geometry": { "type": "Point", "coordinates": [ 86.430185, 23.70537 ] } },
{ "type": "Feature", "properties": { "Points_num": 10641, "Min_date": "2012-01-20", "Max_date": "2021-12-12", "date2012_p": 566, "date2013_p": 566, "date2014_p": 383, "date2015_p": 249, "date2016_p": 489, "date2017_p": 820, "date2018_p": 0, "date2019_p": 479, "date2020_p": 464, "date2021_p": 712, "CONTINENT": "Asia", "area": 2.84369, "Type": 0, "Nation": "India", "Locations": "[86.3335300000000,23.7762500000000;86.3523100000000,23.7869600000000]", "ORIG_FID": 20452 }, "geometry": { "type": "Point", "coordinates": [ 86.34292, 23.781605 ] } },
{ "type": "Feature", "properties": { "Points_num": 664, "Min_date": "2012-04-04", "Max_date": "2021-04-28", "date2012_p": 0, "date2013_p": 0, "date2014_p": 0, "date2015_p": 4, "date2016_p": 13, "date2017_p": 2, "date2018_p": 0, "date2019_p": 14, "date2020_p": 11, "date2021_p": 12, "CONTINENT": "Asia", "area": 0.57824, "Type": 0, "Nation": "India", "Locations": "[86.3462000000000,23.7879200000000;86.3546500000000,23.7927600000000]", "ORIG_FID": 20453 }, "geometry": { "type": "Point", "coordinates": [ 86.350425, 23.79034 ] } },
{ "type": "Feature", "properties": { "Points_num": 3278, "Min_date": "2013-02-28", "Max_date": "2021-11-10", "date2012_p": 0, "date2013_p": 0, "date2014_p": 396, "date2015_p": 195, "date2016_p": 118, "date2017_p": 230, "date2018_p": 244, "date2019_p": 132, "date2020_p": 112, "date2021_p": 153, "CONTINENT": "Asia", "area": 2.27475, "Type": 0, "Nation": "India", "Locations": "[86.7477600000000,23.7263900000000;86.7615200000000,23.7380000000000]", "ORIG_FID": 20454 }, "geometry": { "type": "Point", "coordinates": [ 86.75464, 23.732195 ] } },
{ "type": "Feature", "properties": { "Points_num": 1443, "Min_date": "2012-01-20", "Max_date": "2020-04-05", "date2012_p": 360, "date2013_p": 360, "date2014_p": 83, "date2015_p": 0, "date2016_p": 0, "date2017_p": 0, "date2018_p": 0, "date2019_p": 0, "date2020_p": 1, "date2021_p": 0, "CONTINENT": "Asia", "area": 1.50395, "Type": 1, "Nation": "India", "Locations": "[86.7365800000000,23.7585400000000;86.7503400000000,23.7662200000000]", "ORIG_FID": 20455 }, "geometry": { "type": "Point", "coordinates": [ 86.74346, 23.76238 ] } },
{ "type": "Feature", "properties": { "Points_num": 282, "Min_date": "2012-02-05", "Max_date": "2021-02-23", "date2012_p": 18, "date2013_p": 18, "date2014_p": 27, "date2015_p": 12, "date2016_p": 0, "date2017_p": 46, "date2018_p": 0, "date2019_p": 0, "date2020_p": 1, "date2021_p": 5, "CONTINENT": "Asia", "area": 0.483878, "Type": 0, "Nation": "India", "Locations": "[86.5621900000000,23.8127400000000;86.5682500000000,23.8183700000000]", "ORIG_FID": 20456 }, "geometry": { "type": "Point", "coordinates": [ 86.56522, 23.815555 ] } },
{ "type": "Feature", "properties": { "Points_num": 2079, "Min_date": "2012-03-07", "Max_date": "2021-10-24", "date2012_p": 73, "date2013_p": 73, "date2014_p": 159, "date2015_p": 12, "date2016_p": 208, "date2017_p": 247, "date2018_p": 0, "date2019_p": 164, "date2020_p": 96, "date2021_p": 70, "CONTINENT": "Asia", "area": 1.80021, "Type": 0, "Nation": "India", "Locations": "[86.3612600000000,23.7706100000000;86.3706600000000,23.7841500000000]", "ORIG_FID": 20457 }, "geometry": { "type": "Point", "coordinates": [ 86.36596, 23.77738 ] } },
{ "type": "Feature", "properties": { "Points_num": 58155, "Min_date": "2012-01-20", "Max_date": "2021-11-23", "date2012_p": 2982, "date2013_p": 2982, "date2014_p": 3818, "date2015_p": 3747, "date2016_p": 3509, "date2017_p": 4473, "date2018_p": 996, "date2019_p": 3801, "date2020_p": 2892, "date2021_p": 2873, "CONTINENT": "Asia", "area": 16.6389, "Type": 0, "Nation": "India", "Locations": "[86.3802500000000,23.7491800000000;86.4080000000000,23.7915500000000]", "ORIG_FID": 20458 }, "geometry": { "type": "Point", "coordinates": [ 86.394125, 23.770365 ] } },
{ "type": "Feature", "properties": { "Points_num": 520, "Min_date": "2012-01-22", "Max_date": "2018-05-19", "date2012_p": 59, "date2013_p": 59, "date2014_p": 40, "date2015_p": 59, "date2016_p": 38, "date2017_p": 0, "date2018_p": 1, "date2019_p": 0, "date2020_p": 0, "date2021_p": 0, "CONTINENT": "Asia", "area": 0.55713, "Type": 1, "Nation": "India", "Locations": "[86.4267300000000,23.6943900000000;86.4325200000000,23.7011800000000]", "ORIG_FID": 20459 }, "geometry": { "type": "Point", "coordinates": [ 86.429625, 23.697785 ] } },
{ "type": "Feature", "properties": { "Points_num": 2218, "Min_date": "2012-01-21", "Max_date": "2021-12-17", "date2012_p": 14, "date2013_p": 14, "date2014_p": 231, "date2015_p": 399, "date2016_p": 30, "date2017_p": 48, "date2018_p": 88, "date2019_p": 172, "date2020_p": 138, "date2021_p": 103, "CONTINENT": "Asia", "area": 0.918922, "Type": 0, "Nation": "India", "Locations": "[86.4383200000000,23.6566300000000;86.4474600000000,23.6637200000000]", "ORIG_FID": 20460 }, "geometry": { "type": "Point", "coordinates": [ 86.44289, 23.660175 ] } },
{ "type": "Feature", "properties": { "Points_num": 4986, "Min_date": "2012-01-20", "Max_date": "2021-11-05", "date2012_p": 545, "date2013_p": 545, "date2014_p": 157, "date2015_p": 297, "date2016_p": 167, "date2017_p": 60, "date2018_p": 100, "date2019_p": 44, "date2020_p": 401, "date2021_p": 775, "CONTINENT": "Asia", "area": 1.86019, "Type": 0, "Nation": "India", "Locations": "[86.3847000000000,23.6817700000000;86.3961900000000,23.6932000000000]", "ORIG_FID": 20461 }, "geometry": { "type": "Point", "coordinates": [ 86.390445, 23.687485 ] } },
{ "type": "Feature", "properties": { "Points_num": 75, "Min_date": "2018-06-18", "Max_date": "2018-12-29", "date2012_p": 0, "date2013_p": 0, "date2014_p": 0, "date2015_p": 0, "date2016_p": 0, "date2017_p": 0, "date2018_p": 0, "date2019_p": 0, "date2020_p": 0, "date2021_p": 0, "CONTINENT": "Asia", "area": 0.336271, "Type": 0, "Nation": "India", "Locations": "[86.4300500000000,23.7368300000000;86.4358400000000,23.7409300000000]", "ORIG_FID": 20462 }, "geometry": { "type": "Point", "coordinates": [ 86.432945, 23.73888 ] } },
{ "type": "Feature", "properties": { "Points_num": 676, "Min_date": "2018-06-18", "Max_date": "2021-12-17", "date2012_p": 0, "date2013_p": 0, "date2014_p": 0, "date2015_p": 1, "date2016_p": 0, "date2017_p": 0, "date2018_p": 0, "date2019_p": 2, "date2020_p": 1, "date2021_p": 1, "CONTINENT": "Asia", "area": 3.09669, "Type": 0, "Nation": "India", "Locations": "[86.4359700000000,23.7147300000000;86.4487800000000,23.7317900000000]", "ORIG_FID": 20463 }, "geometry": { "type": "Point", "coordinates": [ 86.442375, 23.72326 ] } },
{ "type": "Feature", "properties": { "Points_num": 111, "Min_date": "2018-06-29", "Max_date": "2019-03-02", "date2012_p": 0, "date2013_p": 0, "date2014_p": 0, "date2015_p": 0, "date2016_p": 0, "date2017_p": 2, "date2018_p": 9, "date2019_p": 9, "date2020_p": 0, "date2021_p": 0, "CONTINENT": "Asia", "area": 0.457863, "Type": 0, "Nation": "India", "Locations": "[86.4272100000000,23.7029500000000;86.4329800000000,23.7085500000000]", "ORIG_FID": 20464 }, "geometry": { "type": "Point", "coordinates": [ 86.430095, 23.70575 ] } },
{ "type": "Feature", "properties": { "Points_num": 747, "Min_date": "2018-06-18", "Max_date": "2021-06-24", "date2012_p": 0, "date2013_p": 0, "date2014_p": 0, "date2015_p": 0, "date2016_p": 1, "date2017_p": 0, "date2018_p": 5, "date2019_p": 4, "date2020_p": 5, "date2021_p": 1, "CONTINENT": "Asia", "area": 3.49987, "Type": 0, "Nation": "India", "Locations": "[86.4126100000000,23.7428900000000;86.4248400000000,23.7631000000000]", "ORIG_FID": 20465 }, "geometry": { "type": "Point", "coordinates": [ 86.418725, 23.752995 ] } },
{ "type": "Feature", "properties": { "Points_num": 1901, "Min_date": "2018-08-16", "Max_date": "2021-03-21", "date2012_p": 0, "date2013_p": 0, "date2014_p": 0, "date2015_p": 0, "date2016_p": 0, "date2017_p": 0, "date2018_p": 187, "date2019_p": 463, "date2020_p": 369, "date2021_p": 322, "CONTINENT": "Asia", "area": 0.702411, "Type": 0, "Nation": "India", "Locations": "[86.3941900000000,23.6754200000000;86.4015900000000,23.6821200000000]", "ORIG_FID": 20466 }, "geometry": { "type": "Point", "coordinates": [ 86.39789, 23.67877 ] } },
{ "type": "Feature", "properties": { "Points_num": 66, "Min_date": "2018-06-22", "Max_date": "2018-12-27", "date2012_p": 0, "date2013_p": 0, "date2014_p": 0, "date2015_p": 0, "date2016_p": 0, "date2017_p": 0, "date2018_p": 0, "date2019_p": 0, "date2020_p": 0, "date2021_p": 0, "CONTINENT": "Asia", "area": 0.426128, "Type": 0, "Nation": "India", "Locations": "[86.3886800000000,23.6850400000000;86.3941400000000,23.6905500000000]", "ORIG_FID": 20467 }, "geometry": { "type": "Point", "coordinates": [ 86.39141, 23.687795 ] } },
{ "type": "Feature", "properties": { "Points_num": 67, "Min_date": "2018-08-10", "Max_date": "2018-12-31", "date2012_p": 0, "date2013_p": 0, "date2014_p": 0, "date2015_p": 0, "date2016_p": 0, "date2017_p": 0, "date2018_p": 0, "date2019_p": 0, "date2020_p": 0, "date2021_p": 0, "CONTINENT": "Asia", "area": 0.478894, "Type": 0, "Nation": "India", "Locations": "[86.4400700000000,23.6577200000000;86.4464300000000,23.6630300000000]", "ORIG_FID": 20468 }, "geometry": { "type": "Point", "coordinates": [ 86.44325, 23.660375 ] } },
{ "type": "Feature", "properties": { "Points_num": 68, "Min_date": "2018-06-24", "Max_date": "2018-12-31", "date2012_p": 0, "date2013_p": 0, "date2014_p": 0, "date2015_p": 0, "date2016_p": 0, "date2017_p": 0, "date2018_p": 0, "date2019_p": 0, "date2020_p": 0, "date2021_p": 0, "CONTINENT": "Asia", "area": 0.3042, "Type": 0, "Nation": "India", "Locations": "[86.3471100000000,23.7893700000000;86.3543300000000,23.7923500000000]", "ORIG_FID": 20469 }, "geometry": { "type": "Point", "coordinates": [ 86.35072, 23.79086 ] } },
{ "type": "Feature", "properties": { "Points_num": 444, "Min_date": "2018-06-18", "Max_date": "2018-12-31", "date2012_p": 0, "date2013_p": 0, "date2014_p": 0, "date2015_p": 0, "date2016_p": 0, "date2017_p": 0, "date2018_p": 0, "date2019_p": 0, "date2020_p": 0, "date2021_p": 0, "CONTINENT": "Asia", "area": 1.61841, "Type": 0, "Nation": "India", "Locations": "[86.3337700000000,23.7768000000000;86.3470500000000,23.7854200000000]", "ORIG_FID": 20470 }, "geometry": { "type": "Point", "coordinates": [ 86.34041, 23.78111 ] } },
{ "type": "Feature", "properties": { "Points_num": 69, "Min_date": "2018-06-18", "Max_date": "2018-12-31", "date2012_p": 0, "date2013_p": 0, "date2014_p": 0, "date2015_p": 0, "date2016_p": 0, "date2017_p": 0, "date2018_p": 0, "date2019_p": 0, "date2020_p": 0, "date2021_p": 0, "CONTINENT": "Asia", "area": 0.262368, "Type": 0, "Nation": "India", "Locations": "[86.3621000000000,23.7734300000000;86.3668200000000,23.7773600000000]", "ORIG_FID": 20471 }, "geometry": { "type": "Point", "coordinates": [ 86.36446, 23.775395 ] } },
{ "type": "Feature", "properties": { "Points_num": 72, "Min_date": "2018-06-18", "Max_date": "2018-12-31", "date2012_p": 0, "date2013_p": 0, "date2014_p": 0, "date2015_p": 0, "date2016_p": 0, "date2017_p": 0, "date2018_p": 0, "date2019_p": 0, "date2020_p": 0, "date2021_p": 0, "CONTINENT": "Asia", "area": 0.308676, "Type": 0, "Nation": "India", "Locations": "[86.7537500000000,23.7284400000000;86.7590500000000,23.7325300000000]", "ORIG_FID": 20472 }, "geometry": { "type": "Point", "coordinates": [ 86.7564, 23.730485 ] } },
{ "type": "Feature", "properties": { "Points_num": 23, "Min_date": "2018-06-18", "Max_date": "2018-12-28", "date2012_p": 0, "date2013_p": 0, "date2014_p": 0, "date2015_p": 0, "date2016_p": 0, "date2017_p": 0, "date2018_p": 0, "date2019_p": 0, "date2020_p": 0, "date2021_p": 0, "CONTINENT": "Asia", "area": 0.115079, "Type": 0, "Nation": "India", "Locations": "[86.7490700000000,23.7322300000000;86.7521200000000,23.7348800000000]", "ORIG_FID": 20473 }, "geometry": { "type": "Point", "coordinates": [ 86.750595, 23.733555 ] } },
{ "type": "Feature", "properties": { "Points_num": 673, "Min_date": "2012-01-31", "Max_date": "2021-01-28", "date2012_p": 28, "date2013_p": 28, "date2014_p": 45, "date2015_p": 28, "date2016_p": 36, "date2017_p": 64, "date2018_p": 0, "date2019_p": 55, "date2020_p": 31, "date2021_p": 25, "CONTINENT": "Asia", "area": 0.552697, "Type": 0, "Nation": "India", "Locations": "[86.3285700000000,24.1431200000000;86.3351800000000,24.1490600000000]", "ORIG_FID": 20474 }, "geometry": { "type": "Point", "coordinates": [ 86.331875, 24.14609 ] } },
{ "type": "Feature", "properties": { "Points_num": 490, "Min_date": "2012-01-20", "Max_date": "2021-05-08", "date2012_p": 39, "date2013_p": 39, "date2014_p": 38, "date2015_p": 23, "date2016_p": 29, "date2017_p": 15, "date2018_p": 0, "date2019_p": 14, "date2020_p": 61, "date2021_p": 42, "CONTINENT": "Asia", "area": 0.487691, "Type": 0, "Nation": "India", "Locations": "[86.3487300000000,24.1165600000000;86.3563900000000,24.1210800000000]", "ORIG_FID": 20475 }, "geometry": { "type": "Point", "coordinates": [ 86.35256, 24.11882 ] } },
{ "type": "Feature", "properties": { "Points_num": 1598, "Min_date": "2012-05-15", "Max_date": "2021-04-18", "date2012_p": 20, "date2013_p": 20, "date2014_p": 0, "date2015_p": 0, "date2016_p": 0, "date2017_p": 507, "date2018_p": 0, "date2019_p": 101, "date2020_p": 0, "date2021_p": 19, "CONTINENT": "Asia", "area": 1.61425, "Type": 0, "Nation": "India", "Locations": "[87.3647800000000,25.0240400000000;87.3777500000000,25.0328300000000]", "ORIG_FID": 20476 }, "geometry": { "type": "Point", "coordinates": [ 87.371265, 25.028435 ] } },
{ "type": "Feature", "properties": { "Points_num": 369, "Min_date": "2012-01-21", "Max_date": "2012-01-25", "date2012_p": 122, "date2013_p": 122, "date2014_p": 0, "date2015_p": 0, "date2016_p": 0, "date2017_p": 0, "date2018_p": 0, "date2019_p": 0, "date2020_p": 0, "date2021_p": 0, "CONTINENT": "Asia", "area": 0.517664, "Type": 1, "Nation": "India", "Locations": "[87.3714700000000,25.0387900000000;87.3783300000000,25.0441200000000]", "ORIG_FID": 20477 }, "geometry": { "type": "Point", "coordinates": [ 87.3749, 25.041455 ] } },
{ "type": "Feature", "properties": { "Points_num": 188, "Min_date": "2012-01-22", "Max_date": "2021-04-15", "date2012_p": 58, "date2013_p": 58, "date2014_p": 0, "date2015_p": 0, "date2016_p": 0, "date2017_p": 0, "date2018_p": 0, "date2019_p": 0, "date2020_p": 0, "date2021_p": 1, "CONTINENT": "Asia", "area": 0.833034, "Type": 1, "Nation": "India", "Locations": "[87.3656700000000,25.0333500000000;87.3744000000000,25.0400900000000]", "ORIG_FID": 20478 }, "geometry": { "type": "Point", "coordinates": [ 87.370035, 25.03672 ] } },
{ "type": "Feature", "properties": { "Points_num": 359, "Min_date": "2012-01-22", "Max_date": "2021-03-17", "date2012_p": 112, "date2013_p": 112, "date2014_p": 0, "date2015_p": 0, "date2016_p": 0, "date2017_p": 0, "date2018_p": 0, "date2019_p": 0, "date2020_p": 0, "date2021_p": 6, "CONTINENT": "Asia", "area": 0.623335, "Type": 0, "Nation": "India", "Locations": "[87.3415300000000,25.0417000000000;87.3485000000000,25.0480200000000]", "ORIG_FID": 20479 }, "geometry": { "type": "Point", "coordinates": [ 87.345015, 25.04486 ] } },
{ "type": "Feature", "properties": { "Points_num": 1288, "Min_date": "2012-01-21", "Max_date": "2018-02-15", "date2012_p": 0, "date2013_p": 0, "date2014_p": 7, "date2015_p": 12, "date2016_p": 2, "date2017_p": 206, "date2018_p": 39, "date2019_p": 0, "date2020_p": 0, "date2021_p": 0, "CONTINENT": "Asia", "area": 3.66547, "Type": 0, "Nation": "India", "Locations": "[85.0389300000000,23.7224100000000;85.0564000000000,23.7375400000000]", "ORIG_FID": 20480 }, "geometry": { "type": "Point", "coordinates": [ 85.047665, 23.729975 ] } },
{ "type": "Feature", "properties": { "Points_num": 75, "Min_date": "2012-02-05", "Max_date": "2017-06-27", "date2012_p": 15, "date2013_p": 15, "date2014_p": 8, "date2015_p": 2, "date2016_p": 0, "date2017_p": 1, "date2018_p": 0, "date2019_p": 0, "date2020_p": 0, "date2021_p": 0, "CONTINENT": "Asia", "area": 0.31402, "Type": 0, "Nation": "India", "Locations": "[85.3092600000000,23.8278000000000;85.3159600000000,23.8311700000000]", "ORIG_FID": 20481 }, "geometry": { "type": "Point", "coordinates": [ 85.31261, 23.829485 ] } },
{ "type": "Feature", "properties": { "Points_num": 193, "Min_date": "2012-02-09", "Max_date": "2021-10-27", "date2012_p": 16, "date2013_p": 16, "date2014_p": 8, "date2015_p": 12, "date2016_p": 18, "date2017_p": 6, "date2018_p": 0, "date2019_p": 8, "date2020_p": 17, "date2021_p": 21, "CONTINENT": "Asia", "area": 0.340024, "Type": 0, "Nation": "India", "Locations": "[85.3026100000000,23.8400300000000;85.3094600000000,23.8436000000000]", "ORIG_FID": 20482 }, "geometry": { "type": "Point", "coordinates": [ 85.306035, 23.841815 ] } },
{ "type": "Feature", "properties": { "Points_num": 118, "Min_date": "2013-01-11", "Max_date": "2021-05-05", "date2012_p": 0, "date2013_p": 0, "date2014_p": 4, "date2015_p": 5, "date2016_p": 6, "date2017_p": 5, "date2018_p": 0, "date2019_p": 23, "date2020_p": 25, "date2021_p": 13, "CONTINENT": "Asia", "area": 0.155644, "Type": 0, "Nation": "India", "Locations": "[85.4624200000000,23.8224000000000;85.4655300000000,23.8259900000000]", "ORIG_FID": 20483 }, "geometry": { "type": "Point", "coordinates": [ 85.463975, 23.824195 ] } },
{ "type": "Feature", "properties": { "Points_num": 126, "Min_date": "2016-03-23", "Max_date": "1899-12-30", "date2012_p": 0, "date2013_p": 0, "date2014_p": 0, "date2015_p": 0, "date2016_p": 62, "date2017_p": 0, "date2018_p": 0, "date2019_p": 0, "date2020_p": 0, "date2021_p": 0, "CONTINENT": "Asia", "area": 0.300531, "Type": 0, "Nation": "India", "Locations": "[85.3543800000000,23.6945300000000;85.3589100000000,23.6992900000000]", "ORIG_FID": 20484 }, "geometry": { "type": "Point", "coordinates": [ 85.356645, 23.69691 ] } },
{ "type": "Feature", "properties": { "Points_num": 576, "Min_date": "2012-01-20", "Max_date": "2021-02-14", "date2012_p": 37, "date2013_p": 37, "date2014_p": 25, "date2015_p": 10, "date2016_p": 38, "date2017_p": 29, "date2018_p": 52, "date2019_p": 1, "date2020_p": 6, "date2021_p": 1, "CONTINENT": "Asia", "area": 0.688429, "Type": 0, "Nation": "India", "Locations": "[85.2839800000000,23.6937700000000;85.2929700000000,23.6992700000000]", "ORIG_FID": 20485 }, "geometry": { "type": "Point", "coordinates": [ 85.288475, 23.69652 ] } },
{ "type": "Feature", "properties": { "Points_num": 750, "Min_date": "2013-03-20", "Max_date": "2021-03-25", "date2012_p": 0, "date2013_p": 0, "date2014_p": 18, "date2015_p": 7, "date2016_p": 13, "date2017_p": 4, "date2018_p": 55, "date2019_p": 25, "date2020_p": 188, "date2021_p": 203, "CONTINENT": "Asia", "area": 0.696731, "Type": 0, "Nation": "India", "Locations": "[85.2731300000000,23.6958600000000;85.2791100000000,23.7042300000000]", "ORIG_FID": 20486 }, "geometry": { "type": "Point", "coordinates": [ 85.27612, 23.700045 ] } },
{ "type": "Feature", "properties": { "Points_num": 820, "Min_date": "2018-01-15", "Max_date": "2021-01-28", "date2012_p": 0, "date2013_p": 0, "date2014_p": 0, "date2015_p": 0, "date2016_p": 0, "date2017_p": 0, "date2018_p": 143, "date2019_p": 166, "date2020_p": 72, "date2021_p": 9, "CONTINENT": "Asia", "area": 0.483628, "Type": 0, "Nation": "India", "Locations": "[85.2934800000000,23.7063900000000;85.3001600000000,23.7115900000000]", "ORIG_FID": 20487 }, "geometry": { "type": "Point", "coordinates": [ 85.29682, 23.70899 ] } },
{ "type": "Feature", "properties": { "Points_num": 119, "Min_date": "2017-12-25", "Max_date": "2021-02-26", "date2012_p": 0, "date2013_p": 0, "date2014_p": 0, "date2015_p": 0, "date2016_p": 0, "date2017_p": 1, "date2018_p": 12, "date2019_p": 41, "date2020_p": 5, "date2021_p": 21, "CONTINENT": "Asia", "area": 0.174428, "Type": 0, "Nation": "India", "Locations": "[85.2806100000000,23.7122200000000;85.2841600000000,23.7157500000000]", "ORIG_FID": 20488 }, "geometry": { "type": "Point", "coordinates": [ 85.282385, 23.713985 ] } },
{ "type": "Feature", "properties": { "Points_num": 53, "Min_date": "2013-10-31", "Max_date": "1899-12-30", "date2012_p": 0, "date2013_p": 0, "date2014_p": 17, "date2015_p": 0, "date2016_p": 5, "date2017_p": 0, "date2018_p": 0, "date2019_p": 0, "date2020_p": 0, "date2021_p": 0, "CONTINENT": "Asia", "area": 0.227445, "Type": 0, "Nation": "India", "Locations": "[86.6623200000000,23.9501700000000;86.6663800000000,23.9541200000000]", "ORIG_FID": 20489 }, "geometry": { "type": "Point", "coordinates": [ 86.66435, 23.952145 ] } },
{ "type": "Feature", "properties": { "Points_num": 20, "Min_date": "2016-04-09", "Max_date": "2016-04-09", "date2012_p": 0, "date2013_p": 0, "date2014_p": 0, "date2015_p": 0, "date2016_p": 9, "date2017_p": 0, "date2018_p": 0, "date2019_p": 0, "date2020_p": 0, "date2021_p": 0, "CONTINENT": "Asia", "area": 0.077726, "Type": 0, "Nation": "India", "Locations": "[85.5583000000000,24.3812600000000;85.5610600000000,24.3832900000000]", "ORIG_FID": 20490 }, "geometry": { "type": "Point", "coordinates": [ 85.55968, 24.382275 ] } },
{ "type": "Feature", "properties": { "Points_num": 809, "Min_date": "2012-01-20", "Max_date": "2021-03-02", "date2012_p": 29, "date2013_p": 29, "date2014_p": 6, "date2015_p": 8, "date2016_p": 20, "date2017_p": 13, "date2018_p": 0, "date2019_p": 143, "date2020_p": 263, "date2021_p": 168, "CONTINENT": "Asia", "area": 0.310131, "Type": 0, "Nation": "India", "Locations": "[84.8444900000000,23.8057100000000;84.8497600000000,23.8099700000000]", "ORIG_FID": 20491 }, "geometry": { "type": "Point", "coordinates": [ 84.847125, 23.80784 ] } },
{ "type": "Feature", "properties": { "Points_num": 390, "Min_date": "2012-02-18", "Max_date": "2021-02-26", "date2012_p": 14, "date2013_p": 14, "date2014_p": 0, "date2015_p": 0, "date2016_p": 1, "date2017_p": 122, "date2018_p": 0, "date2019_p": 80, "date2020_p": 15, "date2021_p": 6, "CONTINENT": "Asia", "area": 0.573575, "Type": 0, "Nation": "India", "Locations": "[84.8428300000000,23.8100600000000;84.8490000000000,23.8167900000000]", "ORIG_FID": 20492 }, "geometry": { "type": "Point", "coordinates": [ 84.845915, 23.813425 ] } },
{ "type": "Feature", "properties": { "Points_num": 196, "Min_date": "2013-03-23", "Max_date": "2021-02-24", "date2012_p": 0, "date2013_p": 0, "date2014_p": 0, "date2015_p": 4, "date2016_p": 13, "date2017_p": 14, "date2018_p": 22, "date2019_p": 16, "date2020_p": 14, "date2021_p": 13, "CONTINENT": "Asia", "area": 0.300993, "Type": 0, "Nation": "India", "Locations": "[85.4346400000000,22.1661800000000;85.4382000000000,22.1721400000000]", "ORIG_FID": 20493 }, "geometry": { "type": "Point", "coordinates": [ 85.43642, 22.16916 ] } },
{ "type": "Feature", "properties": { "Points_num": 239, "Min_date": "2013-02-27", "Max_date": "2021-01-15", "date2012_p": 0, "date2013_p": 0, "date2014_p": 19, "date2015_p": 12, "date2016_p": 6, "date2017_p": 14, "date2018_p": 8, "date2019_p": 5, "date2020_p": 46, "date2021_p": 35, "CONTINENT": "Asia", "area": 0.338584, "Type": 0, "Nation": "India", "Locations": "[85.7688600000000,22.3888800000000;85.7736100000000,22.3938900000000]", "ORIG_FID": 20494 }, "geometry": { "type": "Point", "coordinates": [ 85.771235, 22.391385 ] } },
{ "type": "Feature", "properties": { "Points_num": 110, "Min_date": "2012-01-20", "Max_date": "2017-01-24", "date2012_p": 12, "date2013_p": 12, "date2014_p": 9, "date2015_p": 10, "date2016_p": 7, "date2017_p": 2, "date2018_p": 0, "date2019_p": 0, "date2020_p": 0, "date2021_p": 0, "CONTINENT": "Asia", "area": 0.400226, "Type": 0, "Nation": "India", "Locations": "[86.5900800000000,22.4555500000000;86.5949200000000,22.4612900000000]", "ORIG_FID": 20495 }, "geometry": { "type": "Point", "coordinates": [ 86.5925, 22.45842 ] } },
{ "type": "Feature", "properties": { "Points_num": 39539, "Min_date": "2012-01-20", "Max_date": "2021-09-01", "date2012_p": 1879, "date2013_p": 1879, "date2014_p": 2196, "date2015_p": 1998, "date2016_p": 1942, "date2017_p": 2167, "date2018_p": 2226, "date2019_p": 2118, "date2020_p": 1825, "date2021_p": 2217, "CONTINENT": "Asia", "area": 9.52959, "Type": 0, "Nation": "India", "Locations": "[86.1903200000000,22.7783900000000;86.2165500000000,22.8038600000000]", "ORIG_FID": 20496 }, "geometry": { "type": "Point", "coordinates": [ 86.203435, 22.791125 ] } },
{ "type": "Feature", "properties": { "Points_num": 144, "Min_date": "2013-12-26", "Max_date": "2021-01-23", "date2012_p": 0, "date2013_p": 0, "date2014_p": 0, "date2015_p": 0, "date2016_p": 9, "date2017_p": 10, "date2018_p": 11, "date2019_p": 20, "date2020_p": 24, "date2021_p": 16, "CONTINENT": "Asia", "area": 0.143727, "Type": 0, "Nation": "India", "Locations": "[86.1772800000000,22.6289400000000;86.1805900000000,22.6319800000000]", "ORIG_FID": 20497 }, "geometry": { "type": "Point", "coordinates": [ 86.178935, 22.63046 ] } },
{ "type": "Feature", "properties": { "Points_num": 671, "Min_date": "2012-02-21", "Max_date": "2021-10-31", "date2012_p": 22, "date2013_p": 22, "date2014_p": 2, "date2015_p": 6, "date2016_p": 5, "date2017_p": 3, "date2018_p": 72, "date2019_p": 49, "date2020_p": 103, "date2021_p": 109, "CONTINENT": "Asia", "area": 0.498114, "Type": 0, "Nation": "India", "Locations": "[85.5044700000000,23.7426800000000;85.5102900000000,23.7488100000000]", "ORIG_FID": 20498 }, "geometry": { "type": "Point", "coordinates": [ 85.50738, 23.745745 ] } },
{ "type": "Feature", "properties": { "Points_num": 807, "Min_date": "2012-01-29", "Max_date": "2020-04-11", "date2012_p": 19, "date2013_p": 19, "date2014_p": 103, "date2015_p": 52, "date2016_p": 105, "date2017_p": 90, "date2018_p": 5, "date2019_p": 2, "date2020_p": 1, "date2021_p": 0, "CONTINENT": "Asia", "area": 1.189, "Type": 1, "Nation": "India", "Locations": "[85.5027200000000,23.7570800000000;85.5124100000000,23.7658700000000]", "ORIG_FID": 20499 }, "geometry": { "type": "Point", "coordinates": [ 85.507565, 23.761475 ] } },
{ "type": "Feature", "properties": { "Points_num": 122, "Min_date": "2012-03-04", "Max_date": "2019-03-22", "date2012_p": 1, "date2013_p": 1, "date2014_p": 20, "date2015_p": 10, "date2016_p": 8, "date2017_p": 11, "date2018_p": 0, "date2019_p": 1, "date2020_p": 0, "date2021_p": 0, "CONTINENT": "Asia", "area": 0.440476, "Type": 1, "Nation": "India", "Locations": "[85.4969700000000,23.7793900000000;85.5023200000000,23.7852900000000]", "ORIG_FID": 20500 }, "geometry": { "type": "Point", "coordinates": [ 85.499645, 23.78234 ] } },
{ "type": "Feature", "properties": { "Points_num": 37, "Min_date": "2016-10-03", "Max_date": "2021-02-08", "date2012_p": 0, "date2013_p": 0, "date2014_p": 0, "date2015_p": 0, "date2016_p": 13, "date2017_p": 2, "date2018_p": 0, "date2019_p": 0, "date2020_p": 3, "date2021_p": 1, "CONTINENT": "Asia", "area": 0.176178, "Type": 0, "Nation": "India", "Locations": "[85.5651800000000,23.7975300000000;85.5695000000000,23.8004500000000]", "ORIG_FID": 20501 }, "geometry": { "type": "Point", "coordinates": [ 85.56734, 23.79899 ] } },
{ "type": "Feature", "properties": { "Points_num": 381, "Min_date": "2012-02-10", "Max_date": "2021-11-26", "date2012_p": 5, "date2013_p": 5, "date2014_p": 0, "date2015_p": 5, "date2016_p": 53, "date2017_p": 74, "date2018_p": 0, "date2019_p": 4, "date2020_p": 18, "date2021_p": 14, "CONTINENT": "Asia", "area": 0.503643, "Type": 0, "Nation": "India", "Locations": "[85.5302600000000,23.8078700000000;85.5367500000000,23.8134300000000]", "ORIG_FID": 20502 }, "geometry": { "type": "Point", "coordinates": [ 85.533505, 23.81065 ] } },
{ "type": "Feature", "properties": { "Points_num": 185, "Min_date": "2012-02-05", "Max_date": "2018-03-13", "date2012_p": 4, "date2013_p": 4, "date2014_p": 50, "date2015_p": 27, "date2016_p": 0, "date2017_p": 0, "date2018_p": 2, "date2019_p": 0, "date2020_p": 0, "date2021_p": 0, "CONTINENT": "Asia", "area": 0.321225, "Type": 0, "Nation": "India", "Locations": "[85.5533100000000,23.7501400000000;85.5581100000000,23.7549300000000]", "ORIG_FID": 20503 }, "geometry": { "type": "Point", "coordinates": [ 85.55571, 23.752535 ] } },
{ "type": "Feature", "properties": { "Points_num": 14, "Min_date": "2012-11-14", "Max_date": "2014-01-03", "date2012_p": 1, "date2013_p": 1, "date2014_p": 3, "date2015_p": 0, "date2016_p": 0, "date2017_p": 0, "date2018_p": 0, "date2019_p": 0, "date2020_p": 0, "date2021_p": 0, "CONTINENT": "Asia", "area": 0.135211, "Type": 0, "Nation": "India", "Locations": "[85.5708900000000,23.7281700000000;85.5751700000000,23.7304300000000]", "ORIG_FID": 20504 }, "geometry": { "type": "Point", "coordinates": [ 85.57303, 23.7293 ] } },
{ "type": "Feature", "properties": { "Points_num": 3507, "Min_date": "2013-01-11", "Max_date": "2021-07-16", "date2012_p": 0, "date2013_p": 0, "date2014_p": 0, "date2015_p": 125, "date2016_p": 429, "date2017_p": 505, "date2018_p": 270, "date2019_p": 152, "date2020_p": 72, "date2021_p": 79, "CONTINENT": "Asia", "area": 1.07556, "Type": 0, "Nation": "India", "Locations": "[85.4319800000000,23.6451500000000;85.4416700000000,23.6531000000000]", "ORIG_FID": 20505 }, "geometry": { "type": "Point", "coordinates": [ 85.436825, 23.649125 ] } },
{ "type": "Feature", "properties": { "Points_num": 551, "Min_date": "2012-03-07", "Max_date": "2021-03-26", "date2012_p": 2, "date2013_p": 2, "date2014_p": 1, "date2015_p": 17, "date2016_p": 48, "date2017_p": 32, "date2018_p": 55, "date2019_p": 38, "date2020_p": 47, "date2021_p": 38, "CONTINENT": "Asia", "area": 0.47778, "Type": 0, "Nation": "India", "Locations": "[85.5051300000000,23.6528200000000;85.5102400000000,23.6595100000000]", "ORIG_FID": 20506 }, "geometry": { "type": "Point", "coordinates": [ 85.507685, 23.656165 ] } },
{ "type": "Feature", "properties": { "Points_num": 143, "Min_date": "2014-01-25", "Max_date": "2021-02-13", "date2012_p": 0, "date2013_p": 0, "date2014_p": 1, "date2015_p": 2, "date2016_p": 15, "date2017_p": 7, "date2018_p": 7, "date2019_p": 17, "date2020_p": 30, "date2021_p": 14, "CONTINENT": "Asia", "area": 0.169693, "Type": 0, "Nation": "India", "Locations": "[85.5510600000000,23.6610700000000;85.5542200000000,23.6649100000000]", "ORIG_FID": 20507 }, "geometry": { "type": "Point", "coordinates": [ 85.55264, 23.66299 ] } },
{ "type": "Feature", "properties": { "Points_num": 35, "Min_date": "2013-01-07", "Max_date": "2016-04-17", "date2012_p": 0, "date2013_p": 0, "date2014_p": 0, "date2015_p": 0, "date2016_p": 1, "date2017_p": 0, "date2018_p": 0, "date2019_p": 0, "date2020_p": 0, "date2021_p": 0, "CONTINENT": "Asia", "area": 0.244102, "Type": 1, "Nation": "India", "Locations": "[85.3487900000000,23.6878100000000;85.3543500000000,23.6909600000000]", "ORIG_FID": 20508 }, "geometry": { "type": "Point", "coordinates": [ 85.35157, 23.689385 ] } },
{ "type": "Feature", "properties": { "Points_num": 183, "Min_date": "2015-01-26", "Max_date": "2021-03-31", "date2012_p": 0, "date2013_p": 0, "date2014_p": 0, "date2015_p": 3, "date2016_p": 5, "date2017_p": 14, "date2018_p": 26, "date2019_p": 13, "date2020_p": 4, "date2021_p": 17, "CONTINENT": "Asia", "area": 0.274373, "Type": 0, "Nation": "India", "Locations": "[85.6974700000000,23.5270300000000;85.7017100000000,23.5316400000000]", "ORIG_FID": 20509 }, "geometry": { "type": "Point", "coordinates": [ 85.69959, 23.529335 ] } },
{ "type": "Feature", "properties": { "Points_num": 231, "Min_date": "2012-01-20", "Max_date": "2021-03-30", "date2012_p": 22, "date2013_p": 22, "date2014_p": 18, "date2015_p": 1, "date2016_p": 1, "date2017_p": 8, "date2018_p": 20, "date2019_p": 7, "date2020_p": 0, "date2021_p": 1, "CONTINENT": "Asia", "area": 0.801329, "Type": 0, "Nation": "India", "Locations": "[85.6805200000000,23.6181300000000;85.6883500000000,23.6254300000000]", "ORIG_FID": 20510 }, "geometry": { "type": "Point", "coordinates": [ 85.684435, 23.62178 ] } },
{ "type": "Feature", "properties": { "Points_num": 6884, "Min_date": "2012-01-20", "Max_date": "2021-01-01", "date2012_p": 533, "date2013_p": 533, "date2014_p": 305, "date2015_p": 241, "date2016_p": 418, "date2017_p": 448, "date2018_p": 321, "date2019_p": 248, "date2020_p": 211, "date2021_p": 310, "CONTINENT": "Asia", "area": 4.355, "Type": 0, "Nation": "India", "Locations": "[84.9896400000000,23.6602700000000;85.0061700000000,23.6792700000000]", "ORIG_FID": 20511 }, "geometry": { "type": "Point", "coordinates": [ 84.997905, 23.66977 ] } },
{ "type": "Feature", "properties": { "Points_num": 63, "Min_date": "2012-01-20", "Max_date": "2015-03-14", "date2012_p": 3, "date2013_p": 3, "date2014_p": 18, "date2015_p": 3, "date2016_p": 0, "date2017_p": 0, "date2018_p": 0, "date2019_p": 0, "date2020_p": 0, "date2021_p": 0, "CONTINENT": "Asia", "area": 0.281447, "Type": 0, "Nation": "India", "Locations": "[85.0095200000000,23.6573500000000;85.0145300000000,23.6614000000000]", "ORIG_FID": 20512 }, "geometry": { "type": "Point", "coordinates": [ 85.012025, 23.659375 ] } },
{ "type": "Feature", "properties": { "Points_num": 118, "Min_date": "2012-01-23", "Max_date": "1899-12-30", "date2012_p": 2, "date2013_p": 2, "date2014_p": 0, "date2015_p": 15, "date2016_p": 15, "date2017_p": 3, "date2018_p": 11, "date2019_p": 1, "date2020_p": 0, "date2021_p": 0, "CONTINENT": "Asia", "area": 0.201376, "Type": 0, "Nation": "India", "Locations": "[85.0148500000000,23.6566000000000;85.0182900000000,23.6608200000000]", "ORIG_FID": 20513 }, "geometry": { "type": "Point", "coordinates": [ 85.01657, 23.65871 ] } },
{ "type": "Feature", "properties": { "Points_num": 2159, "Min_date": "2012-02-10", "Max_date": "2021-02-01", "date2012_p": 13, "date2013_p": 13, "date2014_p": 43, "date2015_p": 42, "date2016_p": 88, "date2017_p": 74, "date2018_p": 182, "date2019_p": 301, "date2020_p": 274, "date2021_p": 323, "CONTINENT": "Asia", "area": 0.66641, "Type": 0, "Nation": "India", "Locations": "[85.9023200000000,22.5862400000000;85.9087100000000,22.5935700000000]", "ORIG_FID": 20514 }, "geometry": { "type": "Point", "coordinates": [ 85.905515, 22.589905 ] } },
{ "type": "Feature", "properties": { "Points_num": 197, "Min_date": "2014-04-04", "Max_date": "2021-01-26", "date2012_p": 0, "date2013_p": 0, "date2014_p": 1, "date2015_p": 7, "date2016_p": 8, "date2017_p": 2, "date2018_p": 13, "date2019_p": 40, "date2020_p": 47, "date2021_p": 21, "CONTINENT": "Asia", "area": 0.216322, "Type": 0, "Nation": "India", "Locations": "[85.9965100000000,22.9604500000000;86.0003400000000,22.9644300000000]", "ORIG_FID": 20515 }, "geometry": { "type": "Point", "coordinates": [ 85.998425, 22.96244 ] } },
{ "type": "Feature", "properties": { "Points_num": 77, "Min_date": "2014-12-18", "Max_date": "2021-03-28", "date2012_p": 0, "date2013_p": 0, "date2014_p": 2, "date2015_p": 5, "date2016_p": 19, "date2017_p": 1, "date2018_p": 1, "date2019_p": 8, "date2020_p": 4, "date2021_p": 3, "CONTINENT": "Asia", "area": 0.37659, "Type": 1, "Nation": "India", "Locations": "[85.9659900000000,22.9396200000000;85.9713200000000,22.9446000000000]", "ORIG_FID": 20516 }, "geometry": { "type": "Point", "coordinates": [ 85.968655, 22.94211 ] } },
{ "type": "Feature", "properties": { "Points_num": 2141, "Min_date": "2012-01-27", "Max_date": "2021-11-26", "date2012_p": 71, "date2013_p": 71, "date2014_p": 82, "date2015_p": 74, "date2016_p": 123, "date2017_p": 130, "date2018_p": 154, "date2019_p": 130, "date2020_p": 149, "date2021_p": 142, "CONTINENT": "Asia", "area": 0.546986, "Type": 0, "Nation": "India", "Locations": "[86.0539300000000,22.8539600000000;86.0599400000000,22.8603600000000]", "ORIG_FID": 20517 }, "geometry": { "type": "Point", "coordinates": [ 86.056935, 22.85716 ] } },
{ "type": "Feature", "properties": { "Points_num": 852, "Min_date": "2013-06-17", "Max_date": "2021-01-20", "date2012_p": 0, "date2013_p": 0, "date2014_p": 0, "date2015_p": 0, "date2016_p": 50, "date2017_p": 112, "date2018_p": 77, "date2019_p": 82, "date2020_p": 85, "date2021_p": 48, "CONTINENT": "Asia", "area": 0.464879, "Type": 0, "Nation": "India", "Locations": "[86.0605100000000,22.8709800000000;86.0663900000000,22.8765400000000]", "ORIG_FID": 20518 }, "geometry": { "type": "Point", "coordinates": [ 86.06345, 22.87376 ] } },
{ "type": "Feature", "properties": { "Points_num": 1693, "Min_date": "2012-01-25", "Max_date": "2021-11-28", "date2012_p": 39, "date2013_p": 39, "date2014_p": 138, "date2015_p": 133, "date2016_p": 91, "date2017_p": 98, "date2018_p": 82, "date2019_p": 58, "date2020_p": 84, "date2021_p": 92, "CONTINENT": "Asia", "area": 1.62793, "Type": 0, "Nation": "India", "Locations": "[86.0804100000000,22.8059800000000;86.0935100000000,22.8147100000000]", "ORIG_FID": 20519 }, "geometry": { "type": "Point", "coordinates": [ 86.08696, 22.810345 ] } },
{ "type": "Feature", "properties": { "Points_num": 7316, "Min_date": "2013-04-28", "Max_date": "2021-12-01", "date2012_p": 0, "date2013_p": 0, "date2014_p": 335, "date2015_p": 460, "date2016_p": 522, "date2017_p": 434, "date2018_p": 620, "date2019_p": 385, "date2020_p": 393, "date2021_p": 471, "CONTINENT": "Asia", "area": 1.33451, "Type": 0, "Nation": "India", "Locations": "[86.0855400000000,22.7950500000000;86.0954800000000,22.8044800000000]", "ORIG_FID": 20520 }, "geometry": { "type": "Point", "coordinates": [ 86.09051, 22.799765 ] } },
{ "type": "Feature", "properties": { "Points_num": 79, "Min_date": "2012-12-14", "Max_date": "2021-12-18", "date2012_p": 1, "date2013_p": 1, "date2014_p": 5, "date2015_p": 11, "date2016_p": 1, "date2017_p": 2, "date2018_p": 1, "date2019_p": 13, "date2020_p": 4, "date2021_p": 1, "CONTINENT": "Asia", "area": 0.268773, "Type": 1, "Nation": "India", "Locations": "[77.5669900000000,12.8412100000000;77.5717500000000,12.8453600000000]", "ORIG_FID": 20521 }, "geometry": { "type": "Point", "coordinates": [ 77.56937, 12.843285 ] } },
{ "type": "Feature", "properties": { "Points_num": 52, "Min_date": "2016-11-24", "Max_date": "2021-04-28", "date2012_p": 0, "date2013_p": 0, "date2014_p": 0, "date2015_p": 0, "date2016_p": 1, "date2017_p": 3, "date2018_p": 7, "date2019_p": 8, "date2020_p": 0, "date2021_p": 6, "CONTINENT": "Asia", "area": 0.179737, "Type": 1, "Nation": "India", "Locations": "[77.4433800000000,12.8590400000000;77.4464500000000,12.8633500000000]", "ORIG_FID": 20522 }, "geometry": { "type": "Point", "coordinates": [ 77.444915, 12.861195 ] } },
{ "type": "Feature", "properties": { "Points_num": 17, "Min_date": "2012-03-16", "Max_date": "1899-12-30", "date2012_p": 4, "date2013_p": 4, "date2014_p": 0, "date2015_p": 0, "date2016_p": 0, "date2017_p": 0, "date2018_p": 0, "date2019_p": 0, "date2020_p": 0, "date2021_p": 0, "CONTINENT": "Asia", "area": 0.167643, "Type": 0, "Nation": "India", "Locations": "[77.6519400000000,13.3027600000000;77.6553200000000,13.3064100000000]", "ORIG_FID": 20523 }, "geometry": { "type": "Point", "coordinates": [ 77.65363, 13.304585 ] } },
{ "type": "Feature", "properties": { "Points_num": 74, "Min_date": "2016-10-07", "Max_date": "2019-01-05", "date2012_p": 0, "date2013_p": 0, "date2014_p": 0, "date2015_p": 0, "date2016_p": 13, "date2017_p": 19, "date2018_p": 1, "date2019_p": 3, "date2020_p": 0, "date2021_p": 0, "CONTINENT": "Asia", "area": 0.434275, "Type": 1, "Nation": "India", "Locations": "[77.9312000000000,13.1963300000000;77.9381800000000,13.2008900000000]", "ORIG_FID": 20524 }, "geometry": { "type": "Point", "coordinates": [ 77.93469, 13.19861 ] } },
{ "type": "Feature", "properties": { "Points_num": 3230, "Min_date": "2012-01-22", "Max_date": "2021-02-28", "date2012_p": 85, "date2013_p": 85, "date2014_p": 198, "date2015_p": 246, "date2016_p": 205, "date2017_p": 151, "date2018_p": 286, "date2019_p": 68, "date2020_p": 26, "date2021_p": 10, "CONTINENT": "Asia", "area": 0.908104, "Type": 0, "Nation": "India", "Locations": "[76.7584100000000,15.2217300000000;76.7681200000000,15.2287600000000]", "ORIG_FID": 20525 }, "geometry": { "type": "Point", "coordinates": [ 76.763265, 15.225245 ] } },
{ "type": "Feature", "properties": { "Points_num": 482, "Min_date": "2012-02-16", "Max_date": "2021-12-29", "date2012_p": 5, "date2013_p": 5, "date2014_p": 0, "date2015_p": 2, "date2016_p": 9, "date2017_p": 15, "date2018_p": 76, "date2019_p": 59, "date2020_p": 42, "date2021_p": 9, "CONTINENT": "Asia", "area": 0.585198, "Type": 0, "Nation": "India", "Locations": "[76.7870100000000,15.1777300000000;76.7928100000000,15.1853100000000]", "ORIG_FID": 20526 }, "geometry": { "type": "Point", "coordinates": [ 76.78991, 15.18152 ] } },
{ "type": "Feature", "properties": { "Points_num": 220, "Min_date": "2012-06-23", "Max_date": "2021-02-24", "date2012_p": 3, "date2013_p": 3, "date2014_p": 9, "date2015_p": 5, "date2016_p": 11, "date2017_p": 15, "date2018_p": 14, "date2019_p": 7, "date2020_p": 33, "date2021_p": 27, "CONTINENT": "Asia", "area": 0.201018, "Type": 0, "Nation": "India", "Locations": "[76.7852600000000,15.1710700000000;76.7887000000000,15.1754600000000]", "ORIG_FID": 20527 }, "geometry": { "type": "Point", "coordinates": [ 76.78698, 15.173265 ] } },
{ "type": "Feature", "properties": { "Points_num": 255, "Min_date": "2015-01-16", "Max_date": "2021-02-08", "date2012_p": 0, "date2013_p": 0, "date2014_p": 0, "date2015_p": 16, "date2016_p": 5, "date2017_p": 18, "date2018_p": 31, "date2019_p": 20, "date2020_p": 17, "date2021_p": 14, "CONTINENT": "Asia", "area": 0.223632, "Type": 0, "Nation": "India", "Locations": "[76.8100400000000,15.1163600000000;76.8132200000000,15.1216400000000]", "ORIG_FID": 20528 }, "geometry": { "type": "Point", "coordinates": [ 76.81163, 15.119 ] } },
{ "type": "Feature", "properties": { "Points_num": 397, "Min_date": "2012-01-20", "Max_date": "2021-04-20", "date2012_p": 4, "date2013_p": 4, "date2014_p": 0, "date2015_p": 0, "date2016_p": 20, "date2017_p": 35, "date2018_p": 30, "date2019_p": 29, "date2020_p": 66, "date2021_p": 57, "CONTINENT": "Asia", "area": 0.715456, "Type": 0, "Nation": "India", "Locations": "[76.8644100000000,15.0664800000000;76.8704400000000,15.0753800000000]", "ORIG_FID": 20529 }, "geometry": { "type": "Point", "coordinates": [ 76.867425, 15.07093 ] } },
{ "type": "Feature", "properties": { "Points_num": 2575, "Min_date": "2012-01-22", "Max_date": "2021-01-30", "date2012_p": 115, "date2013_p": 115, "date2014_p": 98, "date2015_p": 113, "date2016_p": 115, "date2017_p": 138, "date2018_p": 182, "date2019_p": 170, "date2020_p": 140, "date2021_p": 161, "CONTINENT": "Asia", "area": 0.533417, "Type": 0, "Nation": "India", "Locations": "[77.1006500000000,15.1756700000000;77.1068400000000,15.1821200000000]", "ORIG_FID": 20530 }, "geometry": { "type": "Point", "coordinates": [ 77.103745, 15.178895 ] } },
{ "type": "Feature", "properties": { "Points_num": 431, "Min_date": "2013-01-09", "Max_date": "2021-09-17", "date2012_p": 0, "date2013_p": 0, "date2014_p": 54, "date2015_p": 47, "date2016_p": 27, "date2017_p": 25, "date2018_p": 16, "date2019_p": 5, "date2020_p": 4, "date2021_p": 6, "CONTINENT": "Asia", "area": 0.550675, "Type": 0, "Nation": "India", "Locations": "[76.3125100000000,15.1821100000000;76.3185300000000,15.1890200000000]", "ORIG_FID": 20531 }, "geometry": { "type": "Point", "coordinates": [ 76.31552, 15.185565 ] } },
{ "type": "Feature", "properties": { "Points_num": 4750, "Min_date": "2012-01-21", "Max_date": "2021-06-11", "date2012_p": 229, "date2013_p": 229, "date2014_p": 169, "date2015_p": 254, "date2016_p": 292, "date2017_p": 198, "date2018_p": 274, "date2019_p": 348, "date2020_p": 292, "date2021_p": 309, "CONTINENT": "Asia", "area": 1.43361, "Type": 0, "Nation": "India", "Locations": "[76.3739300000000,15.1645300000000;76.3829700000000,15.1765000000000]", "ORIG_FID": 20532 }, "geometry": { "type": "Point", "coordinates": [ 76.37845, 15.170515 ] } },
{ "type": "Feature", "properties": { "Points_num": 1776, "Min_date": "2012-01-23", "Max_date": "2021-02-26", "date2012_p": 92, "date2013_p": 92, "date2014_p": 111, "date2015_p": 83, "date2016_p": 84, "date2017_p": 86, "date2018_p": 121, "date2019_p": 79, "date2020_p": 69, "date2021_p": 45, "CONTINENT": "Asia", "area": 0.680055, "Type": 0, "Nation": "India", "Locations": "[76.6812200000000,15.1676200000000;76.6880400000000,15.1751200000000]", "ORIG_FID": 20533 }, "geometry": { "type": "Point", "coordinates": [ 76.68463, 15.17137 ] } },
{ "type": "Feature", "properties": { "Points_num": 35584, "Min_date": "2012-01-20", "Max_date": "2021-12-18", "date2012_p": 1631, "date2013_p": 1631, "date2014_p": 1870, "date2015_p": 2117, "date2016_p": 2336, "date2017_p": 2066, "date2018_p": 2061, "date2019_p": 1458, "date2020_p": 1209, "date2021_p": 1177, "CONTINENT": "Asia", "area": 18.0984, "Type": 0, "Nation": "India", "Locations": "[76.6328700000000,15.1621200000000;76.6790000000000,15.1916400000000]", "ORIG_FID": 20534 }, "geometry": { "type": "Point", "coordinates": [ 76.655935, 15.17688 ] } },
{ "type": "Feature", "properties": { "Points_num": 3208, "Min_date": "2012-02-23", "Max_date": "2021-02-13", "date2012_p": 21, "date2013_p": 21, "date2014_p": 58, "date2015_p": 124, "date2016_p": 152, "date2017_p": 291, "date2018_p": 353, "date2019_p": 277, "date2020_p": 67, "date2021_p": 104, "CONTINENT": "Asia", "area": 0.953346, "Type": 0, "Nation": "India", "Locations": "[76.7062800000000,15.1329300000000;76.7163600000000,15.1400400000000]", "ORIG_FID": 20535 }, "geometry": { "type": "Point", "coordinates": [ 76.71132, 15.136485 ] } },
{ "type": "Feature", "properties": { "Points_num": 1245, "Min_date": "2012-01-27", "Max_date": "2021-02-14", "date2012_p": 24, "date2013_p": 24, "date2014_p": 32, "date2015_p": 23, "date2016_p": 95, "date2017_p": 92, "date2018_p": 111, "date2019_p": 85, "date2020_p": 50, "date2021_p": 82, "CONTINENT": "Asia", "area": 0.563961, "Type": 0, "Nation": "India", "Locations": "[76.7080200000000,15.1459300000000;76.7133200000000,15.1539300000000]", "ORIG_FID": 20536 }, "geometry": { "type": "Point", "coordinates": [ 76.71067, 15.14993 ] } },
{ "type": "Feature", "properties": { "Points_num": 672, "Min_date": "2012-01-20", "Max_date": "2021-01-29", "date2012_p": 63, "date2013_p": 63, "date2014_p": 42, "date2015_p": 46, "date2016_p": 24, "date2017_p": 19, "date2018_p": 23, "date2019_p": 15, "date2020_p": 24, "date2021_p": 13, "CONTINENT": "Asia", "area": 1.05825, "Type": 0, "Nation": "India", "Locations": "[74.8448000000000,13.0003400000000;74.8560500000000,13.0074800000000]", "ORIG_FID": 20537 }, "geometry": { "type": "Point", "coordinates": [ 74.850425, 13.00391 ] } },
{ "type": "Feature", "properties": { "Points_num": 648, "Min_date": "2012-04-12", "Max_date": "2021-12-30", "date2012_p": 3, "date2013_p": 3, "date2014_p": 46, "date2015_p": 98, "date2016_p": 54, "date2017_p": 43, "date2018_p": 29, "date2019_p": 27, "date2020_p": 2, "date2021_p": 7, "CONTINENT": "Asia", "area": 0.846124, "Type": 0, "Nation": "India", "Locations": "[74.8477700000000,12.9810000000000;74.8582800000000,12.9871100000000]", "ORIG_FID": 20538 }, "geometry": { "type": "Point", "coordinates": [ 74.853025, 12.984055 ] } },
{ "type": "Feature", "properties": { "Points_num": 23, "Min_date": "2015-10-24", "Max_date": "2021-12-07", "date2012_p": 0, "date2013_p": 0, "date2014_p": 0, "date2015_p": 3, "date2016_p": 5, "date2017_p": 1, "date2018_p": 0, "date2019_p": 1, "date2020_p": 1, "date2021_p": 1, "CONTINENT": "Asia", "area": 0.070689, "Type": 0, "Nation": "India", "Locations": "[74.8416100000000,12.9728300000000;74.8442400000000,12.9748700000000]", "ORIG_FID": 20539 }, "geometry": { "type": "Point", "coordinates": [ 74.842925, 12.97385 ] } },
{ "type": "Feature", "properties": { "Points_num": 64, "Min_date": "2016-04-23", "Max_date": "2020-04-17", "date2012_p": 0, "date2013_p": 0, "date2014_p": 0, "date2015_p": 0, "date2016_p": 4, "date2017_p": 9, "date2018_p": 7, "date2019_p": 8, "date2020_p": 1, "date2021_p": 0, "CONTINENT": "Asia", "area": 0.171318, "Type": 0, "Nation": "India", "Locations": "[74.8077800000000,12.9320900000000;74.8120300000000,12.9351500000000]", "ORIG_FID": 20540 }, "geometry": { "type": "Point", "coordinates": [ 74.809905, 12.93362 ] } },
{ "type": "Feature", "properties": { "Points_num": 1070, "Min_date": "2012-01-23", "Max_date": "2021-04-16", "date2012_p": 68, "date2013_p": 68, "date2014_p": 62, "date2015_p": 125, "date2016_p": 37, "date2017_p": 59, "date2018_p": 62, "date2019_p": 10, "date2020_p": 0, "date2021_p": 9, "CONTINENT": "Asia", "area": 0.304974, "Type": 0, "Nation": "India", "Locations": "[74.9247400000000,15.4977800000000;74.9287800000000,15.5035800000000]", "ORIG_FID": 20541 }, "geometry": { "type": "Point", "coordinates": [ 74.92676, 15.50068 ] } },
{ "type": "Feature", "properties": { "Points_num": 1136, "Min_date": "2012-01-22", "Max_date": "2021-12-07", "date2012_p": 80, "date2013_p": 80, "date2014_p": 39, "date2015_p": 107, "date2016_p": 36, "date2017_p": 78, "date2018_p": 83, "date2019_p": 4, "date2020_p": 0, "date2021_p": 10, "CONTINENT": "Asia", "area": 0.303376, "Type": 0, "Nation": "India", "Locations": "[74.9205400000000,15.4982000000000;74.9247100000000,15.5037900000000]", "ORIG_FID": 20542 }, "geometry": { "type": "Point", "coordinates": [ 74.922625, 15.500995 ] } },
{ "type": "Feature", "properties": { "Points_num": 1917, "Min_date": "2012-01-20", "Max_date": "2021-02-07", "date2012_p": 112, "date2013_p": 112, "date2014_p": 91, "date2015_p": 111, "date2016_p": 85, "date2017_p": 100, "date2018_p": 103, "date2019_p": 88, "date2020_p": 103, "date2021_p": 103, "CONTINENT": "Asia", "area": 1.01343, "Type": 0, "Nation": "India", "Locations": "[76.9757600000000,17.0558700000000;76.9835700000000,17.0657100000000]", "ORIG_FID": 20543 }, "geometry": { "type": "Point", "coordinates": [ 76.979665, 17.06079 ] } },
{ "type": "Feature", "properties": { "Points_num": 705, "Min_date": "2012-01-20", "Max_date": "2021-11-27", "date2012_p": 112, "date2013_p": 112, "date2014_p": 73, "date2015_p": 8, "date2016_p": 2, "date2017_p": 1, "date2018_p": 11, "date2019_p": 9, "date2020_p": 7, "date2021_p": 23, "CONTINENT": "Asia", "area": 0.362416, "Type": 0, "Nation": "India", "Locations": "[77.1734700000000,17.1372900000000;77.1784400000000,17.1428100000000]", "ORIG_FID": 20544 }, "geometry": { "type": "Point", "coordinates": [ 77.175955, 17.14005 ] } },
{ "type": "Feature", "properties": { "Points_num": 411, "Min_date": "2013-12-27", "Max_date": "2021-11-05", "date2012_p": 0, "date2013_p": 0, "date2014_p": 33, "date2015_p": 23, "date2016_p": 9, "date2017_p": 25, "date2018_p": 35, "date2019_p": 21, "date2020_p": 29, "date2021_p": 39, "CONTINENT": "Asia", "area": 0.304515, "Type": 1, "Nation": "India", "Locations": "[77.1823200000000,17.1390400000000;77.1881700000000,17.1429800000000]", "ORIG_FID": 20545 }, "geometry": { "type": "Point", "coordinates": [ 77.185245, 17.14101 ] } },
{ "type": "Feature", "properties": { "Points_num": 1739, "Min_date": "2012-01-21", "Max_date": "2021-02-24", "date2012_p": 50, "date2013_p": 50, "date2014_p": 101, "date2015_p": 91, "date2016_p": 45, "date2017_p": 97, "date2018_p": 142, "date2019_p": 107, "date2020_p": 80, "date2021_p": 85, "CONTINENT": "Asia", "area": 0.62346, "Type": 0, "Nation": "India", "Locations": "[76.2816400000000,15.3309500000000;76.2904700000000,15.3362900000000]", "ORIG_FID": 20546 }, "geometry": { "type": "Point", "coordinates": [ 76.286055, 15.33362 ] } },
{ "type": "Feature", "properties": { "Points_num": 249, "Min_date": "2012-02-14", "Max_date": "2021-02-17", "date2012_p": 5, "date2013_p": 5, "date2014_p": 17, "date2015_p": 11, "date2016_p": 22, "date2017_p": 15, "date2018_p": 17, "date2019_p": 8, "date2020_p": 5, "date2021_p": 12, "CONTINENT": "Asia", "area": 0.34789, "Type": 0, "Nation": "India", "Locations": "[76.2481800000000,15.3364700000000;76.2543300000000,15.3407500000000]", "ORIG_FID": 20547 }, "geometry": { "type": "Point", "coordinates": [ 76.251255, 15.33861 ] } },
{ "type": "Feature", "properties": { "Points_num": 185, "Min_date": "2012-03-06", "Max_date": "2021-08-06", "date2012_p": 8, "date2013_p": 8, "date2014_p": 3, "date2015_p": 6, "date2016_p": 17, "date2017_p": 9, "date2018_p": 10, "date2019_p": 11, "date2020_p": 26, "date2021_p": 11, "CONTINENT": "Asia", "area": 0.38773, "Type": 0, "Nation": "India", "Locations": "[76.2477300000000,15.3146500000000;76.2551000000000,15.3186300000000]", "ORIG_FID": 20548 }, "geometry": { "type": "Point", "coordinates": [ 76.251415, 15.31664 ] } },
{ "type": "Feature", "properties": { "Points_num": 234, "Min_date": "2014-01-08", "Max_date": "2021-12-22", "date2012_p": 0, "date2013_p": 0, "date2014_p": 13, "date2015_p": 20, "date2016_p": 16, "date2017_p": 18, "date2018_p": 22, "date2019_p": 8, "date2020_p": 0, "date2021_p": 2, "CONTINENT": "Asia", "area": 0.23176, "Type": 0, "Nation": "India", "Locations": "[76.2186700000000,15.2993300000000;76.2231900000000,15.3032100000000]", "ORIG_FID": 20549 }, "geometry": { "type": "Point", "coordinates": [ 76.22093, 15.30127 ] } },
{ "type": "Feature", "properties": { "Points_num": 58, "Min_date": "2016-11-06", "Max_date": "2021-03-12", "date2012_p": 0, "date2013_p": 0, "date2014_p": 0, "date2015_p": 0, "date2016_p": 2, "date2017_p": 10, "date2018_p": 3, "date2019_p": 9, "date2020_p": 12, "date2021_p": 1, "CONTINENT": "Asia", "area": 0.200361, "Type": 0, "Nation": "India", "Locations": "[76.2168500000000,15.2755600000000;76.2214300000000,15.2788700000000]", "ORIG_FID": 20550 }, "geometry": { "type": "Point", "coordinates": [ 76.21914, 15.277215 ] } },
{ "type": "Feature", "properties": { "Points_num": 34, "Min_date": "2012-02-01", "Max_date": "2012-02-01", "date2012_p": 8, "date2013_p": 8, "date2014_p": 0, "date2015_p": 0, "date2016_p": 0, "date2017_p": 0, "date2018_p": 0, "date2019_p": 0, "date2020_p": 0, "date2021_p": 0, "CONTINENT": "Asia", "area": 0.237348, "Type": 0, "Nation": "India", "Locations": "[77.3589100000000,16.3048700000000;77.3626800000000,16.3096000000000]", "ORIG_FID": 20551 }, "geometry": { "type": "Point", "coordinates": [ 77.360795, 16.307235 ] } },
{ "type": "Feature", "properties": { "Points_num": 623, "Min_date": "2012-01-22", "Max_date": "2021-12-10", "date2012_p": 38, "date2013_p": 38, "date2014_p": 8, "date2015_p": 37, "date2016_p": 59, "date2017_p": 24, "date2018_p": 46, "date2019_p": 15, "date2020_p": 11, "date2021_p": 10, "CONTINENT": "Asia", "area": 0.444283, "Type": 0, "Nation": "India", "Locations": "[77.0097400000000,13.5519200000000;77.0157500000000,13.5574100000000]", "ORIG_FID": 20552 }, "geometry": { "type": "Point", "coordinates": [ 77.012745, 13.554665 ] } },
{ "type": "Feature", "properties": { "Points_num": 611, "Min_date": "2012-03-30", "Max_date": "2021-02-22", "date2012_p": 4, "date2013_p": 4, "date2014_p": 3, "date2015_p": 0, "date2016_p": 13, "date2017_p": 68, "date2018_p": 78, "date2019_p": 59, "date2020_p": 37, "date2021_p": 20, "CONTINENT": "Asia", "area": 1.33593, "Type": 0, "Nation": "India", "Locations": "[76.3693800000000,9.97212000000000;76.3811500000000,9.98048000000000]", "ORIG_FID": 20553 }, "geometry": { "type": "Point", "coordinates": [ 76.375265, 9.9763 ] } },
{ "type": "Feature", "properties": { "Points_num": 86, "Min_date": "2012-11-23", "Max_date": "2020-01-14", "date2012_p": 5, "date2013_p": 5, "date2014_p": 7, "date2015_p": 7, "date2016_p": 5, "date2017_p": 7, "date2018_p": 1, "date2019_p": 4, "date2020_p": 1, "date2021_p": 0, "CONTINENT": "Asia", "area": 0.17808, "Type": 1, "Nation": "India", "Locations": "[77.0803400000000,9.43257000000000;77.0834900000000,9.43669000000000]", "ORIG_FID": 20554 }, "geometry": { "type": "Point", "coordinates": [ 77.081915, 9.43463 ] } },
{ "type": "Feature", "properties": { "Points_num": 39, "Min_date": "2015-09-13", "Max_date": "2017-02-10", "date2012_p": 0, "date2013_p": 0, "date2014_p": 0, "date2015_p": 5, "date2016_p": 3, "date2017_p": 11, "date2018_p": 0, "date2019_p": 0, "date2020_p": 0, "date2021_p": 0, "CONTINENT": "Asia", "area": 0.384381, "Type": 1, "Nation": "India", "Locations": "[82.0620700000000,23.1570600000000;82.0671400000000,23.1627300000000]", "ORIG_FID": 20555 }, "geometry": { "type": "Point", "coordinates": [ 82.064605, 23.159895 ] } },
{ "type": "Feature", "properties": { "Points_num": 130, "Min_date": "2012-02-09", "Max_date": "2021-03-14", "date2012_p": 5, "date2013_p": 5, "date2014_p": 16, "date2015_p": 6, "date2016_p": 6, "date2017_p": 6, "date2018_p": 5, "date2019_p": 6, "date2020_p": 5, "date2021_p": 6, "CONTINENT": "Asia", "area": 0.296787, "Type": 1, "Nation": "India", "Locations": "[77.4588900000000,23.2421500000000;77.4630400000000,23.2478100000000]", "ORIG_FID": 20556 }, "geometry": { "type": "Point", "coordinates": [ 77.460965, 23.24498 ] } },
{ "type": "Feature", "properties": { "Points_num": 1635, "Min_date": "2012-01-20", "Max_date": "2021-08-14", "date2012_p": 84, "date2013_p": 84, "date2014_p": 90, "date2015_p": 113, "date2016_p": 122, "date2017_p": 104, "date2018_p": 0, "date2019_p": 89, "date2020_p": 98, "date2021_p": 132, "CONTINENT": "Asia", "area": 0.64326, "Type": 0, "Nation": "India", "Locations": "[79.3873600000000,23.9864800000000;79.3955700000000,23.9925900000000]", "ORIG_FID": 20557 }, "geometry": { "type": "Point", "coordinates": [ 79.391465, 23.989535 ] } },
{ "type": "Feature", "properties": { "Points_num": 477, "Min_date": "2012-08-18", "Max_date": "2021-02-15", "date2012_p": 9, "date2013_p": 9, "date2014_p": 18, "date2015_p": 0, "date2016_p": 3, "date2017_p": 4, "date2018_p": 49, "date2019_p": 78, "date2020_p": 67, "date2021_p": 34, "CONTINENT": "Asia", "area": 0.517579, "Type": 0, "Nation": "India", "Locations": "[75.5643600000000,22.6257900000000;75.5720400000000,22.6312000000000]", "ORIG_FID": 20558 }, "geometry": { "type": "Point", "coordinates": [ 75.5682, 22.628495 ] } },
{ "type": "Feature", "properties": { "Points_num": 387, "Min_date": "2018-09-10", "Max_date": "2021-11-22", "date2012_p": 0, "date2013_p": 0, "date2014_p": 0, "date2015_p": 0, "date2016_p": 0, "date2017_p": 0, "date2018_p": 37, "date2019_p": 105, "date2020_p": 84, "date2021_p": 46, "CONTINENT": "Asia", "area": 0.293405, "Type": 1, "Nation": "India", "Locations": "[75.1294500000000,22.2628900000000;75.1353900000000,22.2668600000000]", "ORIG_FID": 20559 }, "geometry": { "type": "Point", "coordinates": [ 75.13242, 22.264875 ] } },
{ "type": "Feature", "properties": { "Points_num": 883, "Min_date": "2012-01-21", "Max_date": "2021-05-31", "date2012_p": 11, "date2013_p": 11, "date2014_p": 0, "date2015_p": 192, "date2016_p": 133, "date2017_p": 43, "date2018_p": 0, "date2019_p": 28, "date2020_p": 33, "date2021_p": 28, "CONTINENT": "Asia", "area": 1.51819, "Type": 0, "Nation": "India", "Locations": "[77.1391200000000,24.4782700000000;77.1530100000000,24.4870500000000]", "ORIG_FID": 20560 }, "geometry": { "type": "Point", "coordinates": [ 77.146065, 24.48266 ] } },
{ "type": "Feature", "properties": { "Points_num": 1410, "Min_date": "2012-01-22", "Max_date": "2021-01-20", "date2012_p": 66, "date2013_p": 66, "date2014_p": 107, "date2015_p": 95, "date2016_p": 84, "date2017_p": 124, "date2018_p": 0, "date2019_p": 89, "date2020_p": 49, "date2021_p": 62, "CONTINENT": "Asia", "area": 0.492769, "Type": 0, "Nation": "India", "Locations": "[80.6099500000000,24.0502800000000;80.6173500000000,24.0554000000000]", "ORIG_FID": 20561 }, "geometry": { "type": "Point", "coordinates": [ 80.61365, 24.05284 ] } },
{ "type": "Feature", "properties": { "Points_num": 1391, "Min_date": "2012-01-21", "Max_date": "2021-02-26", "date2012_p": 120, "date2013_p": 120, "date2014_p": 118, "date2015_p": 67, "date2016_p": 62, "date2017_p": 72, "date2018_p": 0, "date2019_p": 59, "date2020_p": 46, "date2021_p": 92, "CONTINENT": "Asia", "area": 0.28241, "Type": 0, "Nation": "India", "Locations": "[74.8012600000000,24.5764600000000;74.8064000000000,24.5809800000000]", "ORIG_FID": 20562 }, "geometry": { "type": "Point", "coordinates": [ 74.80383, 24.57872 ] } },
{ "type": "Feature", "properties": { "Points_num": 71, "Min_date": "2014-11-24", "Max_date": "2021-03-10", "date2012_p": 0, "date2013_p": 0, "date2014_p": 2, "date2015_p": 4, "date2016_p": 1, "date2017_p": 6, "date2018_p": 10, "date2019_p": 0, "date2020_p": 2, "date2021_p": 1, "CONTINENT": "Asia", "area": 0.304705, "Type": 0, "Nation": "India", "Locations": "[77.5357700000000,23.0741500000000;77.5406600000000,23.0790700000000]", "ORIG_FID": 20563 }, "geometry": { "type": "Point", "coordinates": [ 77.538215, 23.07661 ] } },
{ "type": "Feature", "properties": { "Points_num": 340, "Min_date": "2012-01-23", "Max_date": "2021-12-18", "date2012_p": 12, "date2013_p": 12, "date2014_p": 20, "date2015_p": 33, "date2016_p": 24, "date2017_p": 15, "date2018_p": 0, "date2019_p": 26, "date2020_p": 20, "date2021_p": 29, "CONTINENT": "Asia", "area": 0.216071, "Type": 0, "Nation": "India", "Locations": "[81.1678000000000,24.5262500000000;81.1717100000000,24.5304900000000]", "ORIG_FID": 20564 }, "geometry": { "type": "Point", "coordinates": [ 81.169755, 24.52837 ] } },
{ "type": "Feature", "properties": { "Points_num": 366, "Min_date": "2012-01-23", "Max_date": "2021-10-29", "date2012_p": 42, "date2013_p": 42, "date2014_p": 33, "date2015_p": 1, "date2016_p": 5, "date2017_p": 14, "date2018_p": 0, "date2019_p": 16, "date2020_p": 20, "date2021_p": 30, "CONTINENT": "Asia", "area": 0.23992, "Type": 0, "Nation": "India", "Locations": "[81.1740600000000,24.5635300000000;81.1780200000000,24.5681800000000]", "ORIG_FID": 20565 }, "geometry": { "type": "Point", "coordinates": [ 81.17604, 24.565855 ] } },
{ "type": "Feature", "properties": { "Points_num": 269, "Min_date": "2012-01-29", "Max_date": "2021-12-07", "date2012_p": 25, "date2013_p": 25, "date2014_p": 35, "date2015_p": 9, "date2016_p": 9, "date2017_p": 6, "date2018_p": 0, "date2019_p": 4, "date2020_p": 1, "date2021_p": 2, "CONTINENT": "Asia", "area": 0.396693, "Type": 1, "Nation": "India", "Locations": "[78.1550700000000,24.2384900000000;78.1625400000000,24.2427000000000]", "ORIG_FID": 20566 }, "geometry": { "type": "Point", "coordinates": [ 78.158805, 24.240595 ] } },
{ "type": "Feature", "properties": { "Points_num": 260, "Min_date": "2012-01-30", "Max_date": "2021-02-20", "date2012_p": 41, "date2013_p": 41, "date2014_p": 27, "date2015_p": 5, "date2016_p": 2, "date2017_p": 9, "date2018_p": 0, "date2019_p": 0, "date2020_p": 2, "date2021_p": 5, "CONTINENT": "Asia", "area": 0.373485, "Type": 1, "Nation": "India", "Locations": "[78.1554300000000,24.2427300000000;78.1624800000000,24.2469300000000]", "ORIG_FID": 20567 }, "geometry": { "type": "Point", "coordinates": [ 78.158955, 24.24483 ] } },
{ "type": "Feature", "properties": { "Points_num": 605, "Min_date": "2012-01-21", "Max_date": "2021-09-29", "date2012_p": 64, "date2013_p": 64, "date2014_p": 89, "date2015_p": 21, "date2016_p": 12, "date2017_p": 14, "date2018_p": 0, "date2019_p": 14, "date2020_p": 9, "date2021_p": 8, "CONTINENT": "Asia", "area": 0.783997, "Type": 0, "Nation": "India", "Locations": "[78.1625600000000,24.2374200000000;78.1697200000000,24.2461000000000]", "ORIG_FID": 20568 }, "geometry": { "type": "Point", "coordinates": [ 78.16614, 24.24176 ] } },
{ "type": "Feature", "properties": { "Points_num": 1443, "Min_date": "2012-01-20", "Max_date": "2021-02-02", "date2012_p": 103, "date2013_p": 103, "date2014_p": 102, "date2015_p": 73, "date2016_p": 78, "date2017_p": 109, "date2018_p": 0, "date2019_p": 79, "date2020_p": 37, "date2021_p": 40, "CONTINENT": "Asia", "area": 0.567463, "Type": 0, "Nation": "India", "Locations": "[80.7967900000000,24.1984300000000;80.8035700000000,24.2048600000000]", "ORIG_FID": 20569 }, "geometry": { "type": "Point", "coordinates": [ 80.80018, 24.201645 ] } },
{ "type": "Feature", "properties": { "Points_num": 838, "Min_date": "2014-12-04", "Max_date": "2021-01-20", "date2012_p": 0, "date2013_p": 0, "date2014_p": 3, "date2015_p": 39, "date2016_p": 73, "date2017_p": 122, "date2018_p": 0, "date2019_p": 77, "date2020_p": 75, "date2021_p": 117, "CONTINENT": "Asia", "area": 0.443878, "Type": 0, "Nation": "India", "Locations": "[80.6930500000000,24.1641900000000;80.6987200000000,24.1702100000000]", "ORIG_FID": 20570 }, "geometry": { "type": "Point", "coordinates": [ 80.695885, 24.1672 ] } },
{ "type": "Feature", "properties": { "Points_num": 846, "Min_date": "2012-01-20", "Max_date": "2021-12-29", "date2012_p": 79, "date2013_p": 79, "date2014_p": 47, "date2015_p": 49, "date2016_p": 36, "date2017_p": 34, "date2018_p": 0, "date2019_p": 44, "date2020_p": 43, "date2021_p": 40, "CONTINENT": "Asia", "area": 0.442395, "Type": 0, "Nation": "India", "Locations": "[81.0009400000000,24.5621400000000;81.0070600000000,24.5677000000000]", "ORIG_FID": 20571 }, "geometry": { "type": "Point", "coordinates": [ 81.004, 24.56492 ] } },
{ "type": "Feature", "properties": { "Points_num": 306, "Min_date": "2012-01-24", "Max_date": "2021-07-06", "date2012_p": 20, "date2013_p": 20, "date2014_p": 19, "date2015_p": 26, "date2016_p": 17, "date2017_p": 19, "date2018_p": 0, "date2019_p": 13, "date2020_p": 11, "date2021_p": 23, "CONTINENT": "Asia", "area": 0.254042, "Type": 0, "Nation": "India", "Locations": "[80.8574900000000,24.5939100000000;80.8635900000000,24.5971200000000]", "ORIG_FID": 20572 }, "geometry": { "type": "Point", "coordinates": [ 80.86054, 24.595515 ] } },
{ "type": "Feature", "properties": { "Points_num": 216, "Min_date": "2012-02-04", "Max_date": "2021-02-07", "date2012_p": 13, "date2013_p": 13, "date2014_p": 5, "date2015_p": 1, "date2016_p": 0, "date2017_p": 1, "date2018_p": 0, "date2019_p": 16, "date2020_p": 34, "date2021_p": 41, "CONTINENT": "Asia", "area": 0.240807, "Type": 0, "Nation": "India", "Locations": "[81.3257500000000,24.3244300000000;81.3302600000000,24.3285100000000]", "ORIG_FID": 20573 }, "geometry": { "type": "Point", "coordinates": [ 81.328005, 24.32647 ] } },
{ "type": "Feature", "properties": { "Points_num": 774, "Min_date": "2012-01-23", "Max_date": "2021-12-17", "date2012_p": 42, "date2013_p": 42, "date2014_p": 51, "date2015_p": 31, "date2016_p": 61, "date2017_p": 30, "date2018_p": 0, "date2019_p": 47, "date2020_p": 81, "date2021_p": 29, "CONTINENT": "Asia", "area": 0.602964, "Type": 0, "Nation": "India", "Locations": "[82.5215000000000,24.2031300000000;82.5288900000000,24.2092600000000]", "ORIG_FID": 20574 }, "geometry": { "type": "Point", "coordinates": [ 82.525195, 24.206195 ] } },
{ "type": "Feature", "properties": { "Points_num": 8655, "Min_date": "2012-02-05", "Max_date": "2021-03-03", "date2012_p": 350, "date2013_p": 350, "date2014_p": 2, "date2015_p": 283, "date2016_p": 352, "date2017_p": 1604, "date2018_p": 0, "date2019_p": 715, "date2020_p": 291, "date2021_p": 881, "CONTINENT": "Asia", "area": 25.0962, "Type": 0, "Nation": "India", "Locations": "[82.5441700000000,24.1283100000000;82.5771000000000,24.1855100000000]", "ORIG_FID": 20575 }, "geometry": { "type": "Point", "coordinates": [ 82.560635, 24.15691 ] } },
{ "type": "Feature", "properties": { "Points_num": 691, "Min_date": "2014-01-19", "Max_date": "2021-12-06", "date2012_p": 0, "date2013_p": 0, "date2014_p": 16, "date2015_p": 41, "date2016_p": 20, "date2017_p": 114, "date2018_p": 0, "date2019_p": 89, "date2020_p": 105, "date2021_p": 96, "CONTINENT": "Asia", "area": 0.764802, "Type": 1, "Nation": "India", "Locations": "[82.6114900000000,24.1218300000000;82.6194100000000,24.1290700000000]", "ORIG_FID": 20576 }, "geometry": { "type": "Point", "coordinates": [ 82.61545, 24.12545 ] } },
{ "type": "Feature", "properties": { "Points_num": 1220, "Min_date": "2012-01-20", "Max_date": "2021-01-10", "date2012_p": 159, "date2013_p": 159, "date2014_p": 174, "date2015_p": 163, "date2016_p": 15, "date2017_p": 0, "date2018_p": 0, "date2019_p": 1, "date2020_p": 6, "date2021_p": 56, "CONTINENT": "Asia", "area": 2.75851, "Type": 1, "Nation": "India", "Locations": "[82.5813400000000,24.1299800000000;82.5956300000000,24.1444600000000]", "ORIG_FID": 20577 }, "geometry": { "type": "Point", "coordinates": [ 82.588485, 24.13722 ] } },
{ "type": "Feature", "properties": { "Points_num": 132, "Min_date": "2012-10-06", "Max_date": "2021-02-12", "date2012_p": 1, "date2013_p": 1, "date2014_p": 0, "date2015_p": 1, "date2016_p": 3, "date2017_p": 33, "date2018_p": 0, "date2019_p": 8, "date2020_p": 13, "date2021_p": 30, "CONTINENT": "Asia", "area": 0.286943, "Type": 0, "Nation": "India", "Locations": "[82.5886500000000,24.1187800000000;82.5933900000000,24.1233200000000]", "ORIG_FID": 20578 }, "geometry": { "type": "Point", "coordinates": [ 82.59102, 24.12105 ] } },
{ "type": "Feature", "properties": { "Points_num": 95, "Min_date": "2013-11-14", "Max_date": "2021-03-14", "date2012_p": 0, "date2013_p": 0, "date2014_p": 10, "date2015_p": 2, "date2016_p": 3, "date2017_p": 0, "date2018_p": 0, "date2019_p": 0, "date2020_p": 0, "date2021_p": 1, "CONTINENT": "Asia", "area": 0.793546, "Type": 1, "Nation": "India", "Locations": "[82.5925100000000,24.1404400000000;82.5989800000000,24.1496400000000]", "ORIG_FID": 20579 }, "geometry": { "type": "Point", "coordinates": [ 82.595745, 24.14504 ] } },
{ "type": "Feature", "properties": { "Points_num": 149, "Min_date": "2014-05-01", "Max_date": "2021-10-24", "date2012_p": 0, "date2013_p": 0, "date2014_p": 28, "date2015_p": 4, "date2016_p": 0, "date2017_p": 0, "date2018_p": 0, "date2019_p": 0, "date2020_p": 9, "date2021_p": 74, "CONTINENT": "Asia", "area": 0.302494, "Type": 0, "Nation": "India", "Locations": "[82.6226200000000,23.9883700000000;82.6287400000000,23.9920700000000]", "ORIG_FID": 20580 }, "geometry": { "type": "Point", "coordinates": [ 82.62568, 23.99022 ] } },
{ "type": "Feature", "properties": { "Points_num": 9650, "Min_date": "2012-01-20", "Max_date": "2021-11-08", "date2012_p": 370, "date2013_p": 370, "date2014_p": 723, "date2015_p": 1123, "date2016_p": 638, "date2017_p": 735, "date2018_p": 0, "date2019_p": 415, "date2020_p": 46, "date2021_p": 54, "CONTINENT": "Asia", "area": 3.16844, "Type": 0, "Nation": "India", "Locations": "[82.7085200000000,24.1991500000000;82.7315700000000,24.2094500000000]", "ORIG_FID": 20581 }, "geometry": { "type": "Point", "coordinates": [ 82.720045, 24.2043 ] } },
{ "type": "Feature", "properties": { "Points_num": 1106, "Min_date": "2012-04-01", "Max_date": "2020-04-12", "date2012_p": 0, "date2013_p": 0, "date2014_p": 44, "date2015_p": 270, "date2016_p": 109, "date2017_p": 84, "date2018_p": 0, "date2019_p": 17, "date2020_p": 4, "date2021_p": 0, "CONTINENT": "Asia", "area": 2.09943, "Type": 0, "Nation": "India", "Locations": "[82.6911300000000,24.2043100000000;82.7036000000000,24.2169300000000]", "ORIG_FID": 20582 }, "geometry": { "type": "Point", "coordinates": [ 82.697365, 24.21062 ] } },
{ "type": "Feature", "properties": { "Points_num": 1191, "Min_date": "2012-02-05", "Max_date": "2021-01-22", "date2012_p": 149, "date2013_p": 149, "date2014_p": 149, "date2015_p": 128, "date2016_p": 47, "date2017_p": 12, "date2018_p": 0, "date2019_p": 3, "date2020_p": 4, "date2021_p": 30, "CONTINENT": "Asia", "area": 2.51845, "Type": 0, "Nation": "India", "Locations": "[82.6679800000000,24.1534700000000;82.6881000000000,24.1628500000000]", "ORIG_FID": 20583 }, "geometry": { "type": "Point", "coordinates": [ 82.67804, 24.15816 ] } },
{ "type": "Feature", "properties": { "Points_num": 54, "Min_date": "2017-04-05", "Max_date": "2021-01-01", "date2012_p": 0, "date2013_p": 0, "date2014_p": 0, "date2015_p": 0, "date2016_p": 0, "date2017_p": 4, "date2018_p": 0, "date2019_p": 34, "date2020_p": 2, "date2021_p": 1, "CONTINENT": "Asia", "area": 0.260443, "Type": 0, "Nation": "India", "Locations": "[82.6638300000000,24.1699900000000;82.6687600000000,24.1739500000000]", "ORIG_FID": 20584 }, "geometry": { "type": "Point", "coordinates": [ 82.666295, 24.17197 ] } },
{ "type": "Feature", "properties": { "Points_num": 31, "Min_date": "2016-04-29", "Max_date": "2016-06-20", "date2012_p": 0, "date2013_p": 0, "date2014_p": 0, "date2015_p": 0, "date2016_p": 14, "date2017_p": 0, "date2018_p": 0, "date2019_p": 0, "date2020_p": 0, "date2021_p": 0, "CONTINENT": "Asia", "area": 0.322517, "Type": 1, "Nation": "India", "Locations": "[82.7096700000000,24.1404600000000;82.7141100000000,24.1459000000000]", "ORIG_FID": 20585 }, "geometry": { "type": "Point", "coordinates": [ 82.71189, 24.14318 ] } },
{ "type": "Feature", "properties": { "Points_num": 29, "Min_date": "2012-03-05", "Max_date": "2015-01-25", "date2012_p": 3, "date2013_p": 3, "date2014_p": 4, "date2015_p": 2, "date2016_p": 0, "date2017_p": 0, "date2018_p": 0, "date2019_p": 0, "date2020_p": 0, "date2021_p": 0, "CONTINENT": "Asia", "area": 0.189013, "Type": 1, "Nation": "India", "Locations": "[77.5186800000000,20.9452400000000;77.5227400000000,20.9488500000000]", "ORIG_FID": 20586 }, "geometry": { "type": "Point", "coordinates": [ 77.52071, 20.947045 ] } },
{ "type": "Feature", "properties": { "Points_num": 1427, "Min_date": "2012-01-20", "Max_date": "2021-02-22", "date2012_p": 70, "date2013_p": 70, "date2014_p": 62, "date2015_p": 46, "date2016_p": 83, "date2017_p": 63, "date2018_p": 110, "date2019_p": 64, "date2020_p": 80, "date2021_p": 74, "CONTINENT": "Asia", "area": 0.73332, "Type": 0, "Nation": "India", "Locations": "[79.6255800000000,21.2300900000000;79.6342800000000,21.2364800000000]", "ORIG_FID": 20587 }, "geometry": { "type": "Point", "coordinates": [ 79.62993, 21.233285 ] } },
{ "type": "Feature", "properties": { "Points_num": 117, "Min_date": "2017-07-06", "Max_date": "2021-03-16", "date2012_p": 0, "date2013_p": 0, "date2014_p": 0, "date2015_p": 0, "date2016_p": 0, "date2017_p": 1, "date2018_p": 14, "date2019_p": 37, "date2020_p": 16, "date2021_p": 5, "CONTINENT": "Asia", "area": 0.310141, "Type": 1, "Nation": "India", "Locations": "[79.0151700000000,20.1324000000000;79.0200000000000,20.1372600000000]", "ORIG_FID": 20588 }, "geometry": { "type": "Point", "coordinates": [ 79.017585, 20.13483 ] } },
{ "type": "Feature", "properties": { "Points_num": 263, "Min_date": "2013-03-03", "Max_date": "2020-02-27", "date2012_p": 0, "date2013_p": 0, "date2014_p": 0, "date2015_p": 0, "date2016_p": 0, "date2017_p": 11, "date2018_p": 53, "date2019_p": 19, "date2020_p": 6, "date2021_p": 0, "CONTINENT": "Asia", "area": 0.656852, "Type": 0, "Nation": "India", "Locations": "[79.3489800000000,19.8252400000000;79.3543600000000,19.8344200000000]", "ORIG_FID": 20589 }, "geometry": { "type": "Point", "coordinates": [ 79.35167, 19.82983 ] } },
{ "type": "Feature", "properties": { "Points_num": 66, "Min_date": "2017-01-10", "Max_date": "2021-03-26", "date2012_p": 0, "date2013_p": 0, "date2014_p": 0, "date2015_p": 0, "date2016_p": 0, "date2017_p": 15, "date2018_p": 3, "date2019_p": 0, "date2020_p": 12, "date2021_p": 10, "CONTINENT": "Asia", "area": 0.263938, "Type": 0, "Nation": "India", "Locations": "[79.2670500000000,20.0562400000000;79.2712400000000,20.0609900000000]", "ORIG_FID": 20590 }, "geometry": { "type": "Point", "coordinates": [ 79.269145, 20.058615 ] } },
{ "type": "Feature", "properties": { "Points_num": 23, "Min_date": "2012-11-12", "Max_date": "1899-12-30", "date2012_p": 2, "date2013_p": 2, "date2014_p": 0, "date2015_p": 0, "date2016_p": 0, "date2017_p": 0, "date2018_p": 0, "date2019_p": 0, "date2020_p": 0, "date2021_p": 0, "CONTINENT": "Asia", "area": 0.136455, "Type": 1, "Nation": "India", "Locations": "[79.3095500000000,20.0358300000000;79.3135200000000,20.0384200000000]", "ORIG_FID": 20591 }, "geometry": { "type": "Point", "coordinates": [ 79.311535, 20.037125 ] } },
{ "type": "Feature", "properties": { "Points_num": 2300, "Min_date": "2012-01-20", "Max_date": "2021-11-02", "date2012_p": 141, "date2013_p": 141, "date2014_p": 96, "date2015_p": 84, "date2016_p": 71, "date2017_p": 137, "date2018_p": 154, "date2019_p": 126, "date2020_p": 104, "date2021_p": 162, "CONTINENT": "Asia", "area": 0.770134, "Type": 0, "Nation": "India", "Locations": "[79.3303100000000,19.9594700000000;79.3378400000000,19.9671700000000]", "ORIG_FID": 20592 }, "geometry": { "type": "Point", "coordinates": [ 79.334075, 19.96332 ] } },
{ "type": "Feature", "properties": { "Points_num": 28, "Min_date": "2012-03-14", "Max_date": "1899-12-30", "date2012_p": 8, "date2013_p": 8, "date2014_p": 0, "date2015_p": 0, "date2016_p": 0, "date2017_p": 0, "date2018_p": 0, "date2019_p": 0, "date2020_p": 0, "date2021_p": 0, "CONTINENT": "Asia", "area": 0.158439, "Type": 0, "Nation": "India", "Locations": "[79.3189800000000,19.9965500000000;79.3210200000000,20.0024000000000]", "ORIG_FID": 20593 }, "geometry": { "type": "Point", "coordinates": [ 79.32, 19.999475 ] } },
{ "type": "Feature", "properties": { "Points_num": 23, "Min_date": "2012-02-04", "Max_date": "2014-01-15", "date2012_p": 3, "date2013_p": 3, "date2014_p": 1, "date2015_p": 0, "date2016_p": 0, "date2017_p": 0, "date2018_p": 0, "date2019_p": 0, "date2020_p": 0, "date2021_p": 0, "CONTINENT": "Asia", "area": 0.214417, "Type": 0, "Nation": "India", "Locations": "[79.3051400000000,19.9157500000000;79.3085600000000,19.9204700000000]", "ORIG_FID": 20594 }, "geometry": { "type": "Point", "coordinates": [ 79.30685, 19.91811 ] } },
{ "type": "Feature", "properties": { "Points_num": 2114, "Min_date": "2012-01-20", "Max_date": "2021-07-14", "date2012_p": 111, "date2013_p": 111, "date2014_p": 124, "date2015_p": 125, "date2016_p": 81, "date2017_p": 86, "date2018_p": 96, "date2019_p": 150, "date2020_p": 130, "date2021_p": 144, "CONTINENT": "Asia", "area": 0.67025, "Type": 0, "Nation": "India", "Locations": "[79.1095400000000,19.9180500000000;79.1173100000000,19.9245600000000]", "ORIG_FID": 20595 }, "geometry": { "type": "Point", "coordinates": [ 79.113425, 19.921305 ] } },
{ "type": "Feature", "properties": { "Points_num": 419, "Min_date": "2012-02-04", "Max_date": "2021-11-02", "date2012_p": 9, "date2013_p": 9, "date2014_p": 17, "date2015_p": 24, "date2016_p": 23, "date2017_p": 23, "date2018_p": 34, "date2019_p": 31, "date2020_p": 17, "date2021_p": 10, "CONTINENT": "Asia", "area": 0.28337, "Type": 0, "Nation": "India", "Locations": "[79.1178200000000,19.9281000000000;79.1228400000000,19.9323600000000]", "ORIG_FID": 20596 }, "geometry": { "type": "Point", "coordinates": [ 79.12033, 19.93023 ] } },
{ "type": "Feature", "properties": { "Points_num": 481, "Min_date": "2012-01-20", "Max_date": "2016-02-13", "date2012_p": 47, "date2013_p": 47, "date2014_p": 11, "date2015_p": 56, "date2016_p": 77, "date2017_p": 0, "date2018_p": 0, "date2019_p": 0, "date2020_p": 0, "date2021_p": 0, "CONTINENT": "Asia", "area": 0.917455, "Type": 0, "Nation": "India", "Locations": "[79.0985900000000,19.9320400000000;79.1073900000000,19.9399100000000]", "ORIG_FID": 20597 }, "geometry": { "type": "Point", "coordinates": [ 79.10299, 19.935975 ] } },
{ "type": "Feature", "properties": { "Points_num": 1264, "Min_date": "2012-01-20", "Max_date": "2015-01-08", "date2012_p": 239, "date2013_p": 239, "date2014_p": 78, "date2015_p": 61, "date2016_p": 0, "date2017_p": 0, "date2018_p": 0, "date2019_p": 0, "date2020_p": 0, "date2021_p": 0, "CONTINENT": "Asia", "area": 1.70995, "Type": 0, "Nation": "India", "Locations": "[79.0929200000000,19.9364200000000;79.1017200000000,19.9510900000000]", "ORIG_FID": 20598 }, "geometry": { "type": "Point", "coordinates": [ 79.09732, 19.943755 ] } },
{ "type": "Feature", "properties": { "Points_num": 87, "Min_date": "2014-05-21", "Max_date": "2016-02-21", "date2012_p": 0, "date2013_p": 0, "date2014_p": 15, "date2015_p": 14, "date2016_p": 13, "date2017_p": 0, "date2018_p": 0, "date2019_p": 0, "date2020_p": 0, "date2021_p": 0, "CONTINENT": "Asia", "area": 0.327367, "Type": 1, "Nation": "India", "Locations": "[79.2922900000000,19.7716800000000;79.2979500000000,19.7760300000000]", "ORIG_FID": 20599 }, "geometry": { "type": "Point", "coordinates": [ 79.29512, 19.773855 ] } },
{ "type": "Feature", "properties": { "Points_num": 279, "Min_date": "2012-01-20", "Max_date": "2021-01-18", "date2012_p": 21, "date2013_p": 21, "date2014_p": 7, "date2015_p": 13, "date2016_p": 7, "date2017_p": 15, "date2018_p": 23, "date2019_p": 16, "date2020_p": 7, "date2021_p": 13, "CONTINENT": "Asia", "area": 0.235245, "Type": 0, "Nation": "India", "Locations": "[79.2158800000000,19.7025500000000;79.2196300000000,19.7072700000000]", "ORIG_FID": 20600 }, "geometry": { "type": "Point", "coordinates": [ 79.217755, 19.70491 ] } },
{ "type": "Feature", "properties": { "Points_num": 712, "Min_date": "2012-01-20", "Max_date": "2021-01-14", "date2012_p": 25, "date2013_p": 25, "date2014_p": 36, "date2015_p": 86, "date2016_p": 24, "date2017_p": 27, "date2018_p": 22, "date2019_p": 44, "date2020_p": 88, "date2021_p": 46, "CONTINENT": "Asia", "area": 0.409174, "Type": 0, "Nation": "India", "Locations": "[79.1727800000000,19.7206300000000;79.1790800000000,19.7255200000000]", "ORIG_FID": 20601 }, "geometry": { "type": "Point", "coordinates": [ 79.17593, 19.723075 ] } },
{ "type": "Feature", "properties": { "Points_num": 1952, "Min_date": "2012-01-20", "Max_date": "2021-11-04", "date2012_p": 130, "date2013_p": 130, "date2014_p": 87, "date2015_p": 76, "date2016_p": 77, "date2017_p": 94, "date2018_p": 105, "date2019_p": 118, "date2020_p": 111, "date2021_p": 116, "CONTINENT": "Asia", "area": 0.484471, "Type": 0, "Nation": "India", "Locations": "[79.1457200000000,19.7833500000000;79.1513800000000,19.7898000000000]", "ORIG_FID": 20602 }, "geometry": { "type": "Point", "coordinates": [ 79.14855, 19.786575 ] } },
{ "type": "Feature", "properties": { "Points_num": 278, "Min_date": "2017-02-28", "Max_date": "2019-05-04", "date2012_p": 0, "date2013_p": 0, "date2014_p": 0, "date2015_p": 0, "date2016_p": 0, "date2017_p": 71, "date2018_p": 32, "date2019_p": 5, "date2020_p": 0, "date2021_p": 0, "CONTINENT": "Asia", "area": 0.820403, "Type": 0, "Nation": "India", "Locations": "[79.1325100000000,19.8487200000000;79.1411500000000,19.8558800000000]", "ORIG_FID": 20603 }, "geometry": { "type": "Point", "coordinates": [ 79.13683, 19.8523 ] } },
{ "type": "Feature", "properties": { "Points_num": 591, "Min_date": "2017-06-23", "Max_date": "2019-05-02", "date2012_p": 0, "date2013_p": 0, "date2014_p": 0, "date2015_p": 0, "date2016_p": 0, "date2017_p": 66, "date2018_p": 112, "date2019_p": 10, "date2020_p": 0, "date2021_p": 0, "CONTINENT": "Asia", "area": 0.518882, "Type": 0, "Nation": "India", "Locations": "[79.1330600000000,19.8424000000000;79.1393400000000,19.8486300000000]", "ORIG_FID": 20604 }, "geometry": { "type": "Point", "coordinates": [ 79.1362, 19.845515 ] } },
{ "type": "Feature", "properties": { "Points_num": 104, "Min_date": "2017-05-15", "Max_date": "2021-03-25", "date2012_p": 0, "date2013_p": 0, "date2014_p": 0, "date2015_p": 0, "date2016_p": 0, "date2017_p": 2, "date2018_p": 17, "date2019_p": 16, "date2020_p": 7, "date2021_p": 8, "CONTINENT": "Asia", "area": 0.406795, "Type": 0, "Nation": "India", "Locations": "[74.7912800000000,20.8777700000000;74.7984100000000,20.8823200000000]", "ORIG_FID": 20605 }, "geometry": { "type": "Point", "coordinates": [ 74.794845, 20.880045 ] } },
{ "type": "Feature", "properties": { "Points_num": 110, "Min_date": "2013-10-21", "Max_date": "2018-01-20", "date2012_p": 0, "date2013_p": 0, "date2014_p": 19, "date2015_p": 24, "date2016_p": 6, "date2017_p": 0, "date2018_p": 1, "date2019_p": 0, "date2020_p": 0, "date2021_p": 0, "CONTINENT": "Asia", "area": 0.328767, "Type": 0, "Nation": "India", "Locations": "[75.8356800000000,19.8456500000000;75.8408700000000,19.8506100000000]", "ORIG_FID": 20606 }, "geometry": { "type": "Point", "coordinates": [ 75.838275, 19.84813 ] } },
{ "type": "Feature", "properties": { "Points_num": 430, "Min_date": "2012-01-28", "Max_date": "2021-10-06", "date2012_p": 0, "date2013_p": 0, "date2014_p": 1, "date2015_p": 1, "date2016_p": 0, "date2017_p": 0, "date2018_p": 0, "date2019_p": 1, "date2020_p": 4, "date2021_p": 3, "CONTINENT": "Asia", "area": 1.0629, "Type": 0, "Nation": "India", "Locations": "[72.8998600000000,19.0095600000000;72.9108000000000,19.0173400000000]", "ORIG_FID": 20607 }, "geometry": { "type": "Point", "coordinates": [ 72.90533, 19.01345 ] } },
{ "type": "Feature", "properties": { "Points_num": 524, "Min_date": "2012-01-20", "Max_date": "2021-03-01", "date2012_p": 28, "date2013_p": 28, "date2014_p": 90, "date2015_p": 8, "date2016_p": 16, "date2017_p": 33, "date2018_p": 14, "date2019_p": 48, "date2020_p": 15, "date2021_p": 11, "CONTINENT": "Asia", "area": 1.23774, "Type": 0, "Nation": "India", "Locations": "[72.8867300000000,19.0160200000000;72.8972200000000,19.0254700000000]", "ORIG_FID": 20608 }, "geometry": { "type": "Point", "coordinates": [ 72.891975, 19.020745 ] } },
{ "type": "Feature", "properties": { "Points_num": 202, "Min_date": "2016-06-15", "Max_date": "2020-06-04", "date2012_p": 0, "date2013_p": 0, "date2014_p": 0, "date2015_p": 0, "date2016_p": 3, "date2017_p": 25, "date2018_p": 33, "date2019_p": 8, "date2020_p": 4, "date2021_p": 0, "CONTINENT": "Asia", "area": 0.474217, "Type": 0, "Nation": "India", "Locations": "[79.3005800000000,20.6786000000000;79.3068500000000,20.6843300000000]", "ORIG_FID": 20609 }, "geometry": { "type": "Point", "coordinates": [ 79.303715, 20.681465 ] } },
{ "type": "Feature", "properties": { "Points_num": 94, "Min_date": "2016-11-13", "Max_date": "2020-03-06", "date2012_p": 0, "date2013_p": 0, "date2014_p": 0, "date2015_p": 0, "date2016_p": 0, "date2017_p": 17, "date2018_p": 13, "date2019_p": 5, "date2020_p": 1, "date2021_p": 0, "CONTINENT": "Asia", "area": 0.562508, "Type": 0, "Nation": "India", "Locations": "[79.2035500000000,21.2506700000000;79.2107800000000,21.2566000000000]", "ORIG_FID": 20610 }, "geometry": { "type": "Point", "coordinates": [ 79.207165, 21.253635 ] } },
{ "type": "Feature", "properties": { "Points_num": 3121, "Min_date": "2012-01-20", "Max_date": "2021-12-14", "date2012_p": 185, "date2013_p": 185, "date2014_p": 126, "date2015_p": 74, "date2016_p": 151, "date2017_p": 176, "date2018_p": 219, "date2019_p": 174, "date2020_p": 31, "date2021_p": 126, "CONTINENT": "Asia", "area": 1.29791, "Type": 0, "Nation": "India", "Locations": "[79.2216000000000,21.2396400000000;79.2304300000000,21.2508400000000]", "ORIG_FID": 20611 }, "geometry": { "type": "Point", "coordinates": [ 79.226015, 21.24524 ] } },
{ "type": "Feature", "properties": { "Points_num": 1841, "Min_date": "2017-02-08", "Max_date": "2021-01-30", "date2012_p": 0, "date2013_p": 0, "date2014_p": 0, "date2015_p": 0, "date2016_p": 0, "date2017_p": 256, "date2018_p": 329, "date2019_p": 6, "date2020_p": 1, "date2021_p": 4, "CONTINENT": "Asia", "area": 1.19258, "Type": 0, "Nation": "India", "Locations": "[79.2900800000000,20.8608900000000;79.2994100000000,20.8705900000000]", "ORIG_FID": 20612 }, "geometry": { "type": "Point", "coordinates": [ 79.294745, 20.86574 ] } },
{ "type": "Feature", "properties": { "Points_num": 1988, "Min_date": "2016-12-23", "Max_date": "2021-10-28", "date2012_p": 0, "date2013_p": 0, "date2014_p": 0, "date2015_p": 0, "date2016_p": 1, "date2017_p": 220, "date2018_p": 186, "date2019_p": 517, "date2020_p": 204, "date2021_p": 80, "CONTINENT": "Asia", "area": 1.16314, "Type": 0, "Nation": "India", "Locations": "[79.2798600000000,20.8557900000000;79.2914900000000,20.8633800000000]", "ORIG_FID": 20613 }, "geometry": { "type": "Point", "coordinates": [ 79.285675, 20.859585 ] } },
{ "type": "Feature", "properties": { "Points_num": 251, "Min_date": "2012-01-20", "Max_date": "2019-03-15", "date2012_p": 25, "date2013_p": 25, "date2014_p": 41, "date2015_p": 27, "date2016_p": 0, "date2017_p": 8, "date2018_p": 0, "date2019_p": 6, "date2020_p": 0, "date2021_p": 0, "CONTINENT": "Asia", "area": 0.753126, "Type": 0, "Nation": "India", "Locations": "[79.2570400000000,20.8623800000000;79.2635300000000,20.8711900000000]", "ORIG_FID": 20614 }, "geometry": { "type": "Point", "coordinates": [ 79.260285, 20.866785 ] } },
{ "type": "Feature", "properties": { "Points_num": 93, "Min_date": "2016-04-23", "Max_date": "2021-03-05", "date2012_p": 0, "date2013_p": 0, "date2014_p": 0, "date2015_p": 0, "date2016_p": 3, "date2017_p": 2, "date2018_p": 13, "date2019_p": 13, "date2020_p": 12, "date2021_p": 5, "CONTINENT": "Asia", "area": 0.225275, "Type": 1, "Nation": "India", "Locations": "[73.7109100000000,19.9334400000000;73.7141000000000,19.9390900000000]", "ORIG_FID": 20615 }, "geometry": { "type": "Point", "coordinates": [ 73.712505, 19.936265 ] } },
{ "type": "Feature", "properties": { "Points_num": 7264, "Min_date": "2012-01-24", "Max_date": "2021-02-07", "date2012_p": 135, "date2013_p": 135, "date2014_p": 391, "date2015_p": 215, "date2016_p": 240, "date2017_p": 384, "date2018_p": 573, "date2019_p": 676, "date2020_p": 661, "date2021_p": 1108, "CONTINENT": "Asia", "area": 3.73073, "Type": 0, "Nation": "India", "Locations": "[73.0239600000000,18.6794900000000;73.0425000000000,18.6955500000000]", "ORIG_FID": 20616 }, "geometry": { "type": "Point", "coordinates": [ 73.03323, 18.68752 ] } },
{ "type": "Feature", "properties": { "Points_num": 2491, "Min_date": "2012-01-27", "Max_date": "2021-12-30", "date2012_p": 26, "date2013_p": 26, "date2014_p": 64, "date2015_p": 69, "date2016_p": 104, "date2017_p": 136, "date2018_p": 207, "date2019_p": 185, "date2020_p": 60, "date2021_p": 57, "CONTINENT": "Asia", "area": 1.35066, "Type": 0, "Nation": "India", "Locations": "[73.0387700000000,18.6847500000000;73.0450700000000,18.7018600000000]", "ORIG_FID": 20617 }, "geometry": { "type": "Point", "coordinates": [ 73.04192, 18.693305 ] } },
{ "type": "Feature", "properties": { "Points_num": 70, "Min_date": "2013-04-01", "Max_date": "2021-06-07", "date2012_p": 0, "date2013_p": 0, "date2014_p": 4, "date2015_p": 17, "date2016_p": 0, "date2017_p": 6, "date2018_p": 1, "date2019_p": 0, "date2020_p": 1, "date2021_p": 2, "CONTINENT": "Asia", "area": 0.337059, "Type": 0, "Nation": "India", "Locations": "[73.1077000000000,18.5640700000000;73.1149400000000,18.5677800000000]", "ORIG_FID": 20618 }, "geometry": { "type": "Point", "coordinates": [ 73.11132, 18.565925 ] } },
{ "type": "Feature", "properties": { "Points_num": 75, "Min_date": "2012-11-17", "Max_date": "2021-08-25", "date2012_p": 1, "date2013_p": 1, "date2014_p": 2, "date2015_p": 13, "date2016_p": 6, "date2017_p": 4, "date2018_p": 1, "date2019_p": 1, "date2020_p": 0, "date2021_p": 5, "CONTINENT": "Asia", "area": 0.397136, "Type": 0, "Nation": "India", "Locations": "[73.1081900000000,18.5592600000000;73.1150400000000,18.5638800000000]", "ORIG_FID": 20619 }, "geometry": { "type": "Point", "coordinates": [ 73.111615, 18.56157 ] } },
{ "type": "Feature", "properties": { "Points_num": 228, "Min_date": "2013-04-01", "Max_date": "2021-02-03", "date2012_p": 0, "date2013_p": 0, "date2014_p": 16, "date2015_p": 45, "date2016_p": 7, "date2017_p": 13, "date2018_p": 7, "date2019_p": 2, "date2020_p": 2, "date2021_p": 10, "CONTINENT": "Asia", "area": 0.850113, "Type": 0, "Nation": "India", "Locations": "[73.1151800000000,18.5591200000000;73.1226900000000,18.5681400000000]", "ORIG_FID": 20620 }, "geometry": { "type": "Point", "coordinates": [ 73.118935, 18.56363 ] } },
{ "type": "Feature", "properties": { "Points_num": 146, "Min_date": "2012-04-12", "Max_date": "2021-04-17", "date2012_p": 5, "date2013_p": 5, "date2014_p": 9, "date2015_p": 5, "date2016_p": 0, "date2017_p": 0, "date2018_p": 1, "date2019_p": 0, "date2020_p": 0, "date2021_p": 4, "CONTINENT": "Asia", "area": 0.56443, "Type": 0, "Nation": "India", "Locations": "[73.1563700000000,17.5407000000000;73.1627600000000,17.5476900000000]", "ORIG_FID": 20621 }, "geometry": { "type": "Point", "coordinates": [ 73.159565, 17.544195 ] } },
{ "type": "Feature", "properties": { "Points_num": 526, "Min_date": "2012-01-24", "Max_date": "2018-02-23", "date2012_p": 23, "date2013_p": 23, "date2014_p": 31, "date2015_p": 34, "date2016_p": 26, "date2017_p": 29, "date2018_p": 46, "date2019_p": 0, "date2020_p": 0, "date2021_p": 0, "CONTINENT": "Asia", "area": 0.332682, "Type": 0, "Nation": "India", "Locations": "[74.1698000000000,18.0529000000000;74.1744800000000,18.0584900000000]", "ORIG_FID": 20622 }, "geometry": { "type": "Point", "coordinates": [ 74.17214, 18.055695 ] } },
{ "type": "Feature", "properties": { "Points_num": 649, "Min_date": "2012-01-22", "Max_date": "2021-03-25", "date2012_p": 7, "date2013_p": 7, "date2014_p": 0, "date2015_p": 0, "date2016_p": 0, "date2017_p": 0, "date2018_p": 72, "date2019_p": 99, "date2020_p": 91, "date2021_p": 147, "CONTINENT": "Asia", "area": 0.291079, "Type": 0, "Nation": "India", "Locations": "[73.9856800000000,15.6561700000000;73.9910100000000,15.6604100000000]", "ORIG_FID": 20623 }, "geometry": { "type": "Point", "coordinates": [ 73.988345, 15.65829 ] } },
{ "type": "Feature", "properties": { "Points_num": 476, "Min_date": "2012-01-20", "Max_date": "2021-02-20", "date2012_p": 24, "date2013_p": 24, "date2014_p": 11, "date2015_p": 3, "date2016_p": 10, "date2017_p": 27, "date2018_p": 30, "date2019_p": 4, "date2020_p": 39, "date2021_p": 95, "CONTINENT": "Asia", "area": 0.656004, "Type": 0, "Nation": "India", "Locations": "[73.0504800000000,19.0990200000000;73.0571500000000,19.1068900000000]", "ORIG_FID": 20624 }, "geometry": { "type": "Point", "coordinates": [ 73.053815, 19.102955 ] } },
{ "type": "Feature", "properties": { "Points_num": 164, "Min_date": "2012-02-11", "Max_date": "2020-01-31", "date2012_p": 10, "date2013_p": 10, "date2014_p": 6, "date2015_p": 9, "date2016_p": 6, "date2017_p": 14, "date2018_p": 10, "date2019_p": 8, "date2020_p": 2, "date2021_p": 0, "CONTINENT": "Asia", "area": 0.348453, "Type": 0, "Nation": "India", "Locations": "[78.4878500000000,20.6593800000000;78.4931600000000,20.6644000000000]", "ORIG_FID": 20625 }, "geometry": { "type": "Point", "coordinates": [ 78.490505, 20.66189 ] } },
{ "type": "Feature", "properties": { "Points_num": 420, "Min_date": "2012-01-28", "Max_date": "2021-02-23", "date2012_p": 32, "date2013_p": 32, "date2014_p": 17, "date2015_p": 17, "date2016_p": 17, "date2017_p": 28, "date2018_p": 22, "date2019_p": 14, "date2020_p": 24, "date2021_p": 27, "CONTINENT": "Asia", "area": 0.746799, "Type": 0, "Nation": "India", "Locations": "[78.6345700000000,20.6929800000000;78.6424600000000,20.7002100000000]", "ORIG_FID": 20626 }, "geometry": { "type": "Point", "coordinates": [ 78.638515, 20.696595 ] } },
{ "type": "Feature", "properties": { "Points_num": 958, "Min_date": "2012-01-20", "Max_date": "2021-03-13", "date2012_p": 58, "date2013_p": 58, "date2014_p": 68, "date2015_p": 73, "date2016_p": 59, "date2017_p": 40, "date2018_p": 33, "date2019_p": 24, "date2020_p": 33, "date2021_p": 37, "CONTINENT": "Asia", "area": 1.13525, "Type": 0, "Nation": "India", "Locations": "[78.6179800000000,20.7005600000000;78.6279500000000,20.7092600000000]", "ORIG_FID": 20627 }, "geometry": { "type": "Point", "coordinates": [ 78.622965, 20.70491 ] } },
{ "type": "Feature", "properties": { "Points_num": 20, "Min_date": "2016-04-12", "Max_date": "2016-04-30", "date2012_p": 0, "date2013_p": 0, "date2014_p": 0, "date2015_p": 0, "date2016_p": 9, "date2017_p": 0, "date2018_p": 0, "date2019_p": 0, "date2020_p": 0, "date2021_p": 0, "CONTINENT": "Asia", "area": 0.142677, "Type": 0, "Nation": "India", "Locations": "[79.1118900000000,19.8778200000000;79.1150100000000,19.8812700000000]", "ORIG_FID": 20628 }, "geometry": { "type": "Point", "coordinates": [ 79.11345, 19.879545 ] } },
{ "type": "Feature", "properties": { "Points_num": 29, "Min_date": "2014-09-26", "Max_date": "2021-03-21", "date2012_p": 0, "date2013_p": 0, "date2014_p": 5, "date2015_p": 8, "date2016_p": 0, "date2017_p": 0, "date2018_p": 0, "date2019_p": 0, "date2020_p": 0, "date2021_p": 1, "CONTINENT": "Asia", "area": 0.232241, "Type": 0, "Nation": "India", "Locations": "[79.0924200000000,19.8635000000000;79.0973700000000,19.8670400000000]", "ORIG_FID": 20629 }, "geometry": { "type": "Point", "coordinates": [ 79.094895, 19.86527 ] } },
{ "type": "Feature", "properties": { "Points_num": 4140, "Min_date": "2012-01-20", "Max_date": "2019-03-12", "date2012_p": 450, "date2013_p": 450, "date2014_p": 263, "date2015_p": 326, "date2016_p": 239, "date2017_p": 114, "date2018_p": 54, "date2019_p": 3, "date2020_p": 0, "date2021_p": 0, "CONTINENT": "Asia", "area": 4.07694, "Type": 0, "Nation": "India", "Locations": "[79.0839100000000,19.9562100000000;79.0999200000000,19.9754400000000]", "ORIG_FID": 20630 }, "geometry": { "type": "Point", "coordinates": [ 79.091915, 19.965825 ] } },
{ "type": "Feature", "properties": { "Points_num": 90, "Min_date": "2016-05-24", "Max_date": "2017-01-01", "date2012_p": 0, "date2013_p": 0, "date2014_p": 0, "date2015_p": 0, "date2016_p": 35, "date2017_p": 9, "date2018_p": 0, "date2019_p": 0, "date2020_p": 0, "date2021_p": 0, "CONTINENT": "Asia", "area": 0.45258, "Type": 1, "Nation": "India", "Locations": "[79.0600400000000,19.9487600000000;79.0669600000000,19.9537000000000]", "ORIG_FID": 20631 }, "geometry": { "type": "Point", "coordinates": [ 79.0635, 19.95123 ] } },
{ "type": "Feature", "properties": { "Points_num": 47, "Min_date": "2014-12-31", "Max_date": "2019-04-27", "date2012_p": 0, "date2013_p": 0, "date2014_p": 1, "date2015_p": 20, "date2016_p": 1, "date2017_p": 0, "date2018_p": 0, "date2019_p": 1, "date2020_p": 0, "date2021_p": 0, "CONTINENT": "Asia", "area": 0.36025, "Type": 0, "Nation": "India", "Locations": "[79.0764200000000,19.9952100000000;79.0831900000000,19.9992300000000]", "ORIG_FID": 20632 }, "geometry": { "type": "Point", "coordinates": [ 79.079805, 19.99722 ] } },
{ "type": "Feature", "properties": { "Points_num": 191, "Min_date": "2012-01-24", "Max_date": "2019-06-21", "date2012_p": 19, "date2013_p": 19, "date2014_p": 1, "date2015_p": 12, "date2016_p": 0, "date2017_p": 15, "date2018_p": 16, "date2019_p": 12, "date2020_p": 0, "date2021_p": 0, "CONTINENT": "Asia", "area": 0.444909, "Type": 0, "Nation": "India", "Locations": "[79.0743200000000,19.9873000000000;79.0821000000000,19.9916200000000]", "ORIG_FID": 20633 }, "geometry": { "type": "Point", "coordinates": [ 79.07821, 19.98946 ] } },
{ "type": "Feature", "properties": { "Points_num": 75, "Min_date": "2012-03-07", "Max_date": "2015-06-09", "date2012_p": 2, "date2013_p": 2, "date2014_p": 2, "date2015_p": 31, "date2016_p": 0, "date2017_p": 0, "date2018_p": 0, "date2019_p": 0, "date2020_p": 0, "date2021_p": 0, "CONTINENT": "Asia", "area": 0.285397, "Type": 0, "Nation": "India", "Locations": "[79.0700600000000,20.0000300000000;79.0743300000000,20.0050800000000]", "ORIG_FID": 20634 }, "geometry": { "type": "Point", "coordinates": [ 79.072195, 20.002555 ] } },
{ "type": "Feature", "properties": { "Points_num": 269, "Min_date": "2014-06-25", "Max_date": "2021-01-02", "date2012_p": 0, "date2013_p": 0, "date2014_p": 36, "date2015_p": 28, "date2016_p": 34, "date2017_p": 15, "date2018_p": 7, "date2019_p": 1, "date2020_p": 11, "date2021_p": 2, "CONTINENT": "Asia", "area": 0.39282, "Type": 1, "Nation": "India", "Locations": "[79.0256600000000,20.0880600000000;79.0322200000000,20.0925900000000]", "ORIG_FID": 20635 }, "geometry": { "type": "Point", "coordinates": [ 79.02894, 20.090325 ] } },
{ "type": "Feature", "properties": { "Points_num": 34, "Min_date": "2014-12-05", "Max_date": "2021-03-17", "date2012_p": 0, "date2013_p": 0, "date2014_p": 5, "date2015_p": 8, "date2016_p": 0, "date2017_p": 0, "date2018_p": 0, "date2019_p": 2, "date2020_p": 2, "date2021_p": 3, "CONTINENT": "Asia", "area": 0.317325, "Type": 1, "Nation": "India", "Locations": "[79.0365600000000,20.0779900000000;79.0419900000000,20.0824100000000]", "ORIG_FID": 20636 }, "geometry": { "type": "Point", "coordinates": [ 79.039275, 20.0802 ] } },
{ "type": "Feature", "properties": { "Points_num": 1500, "Min_date": "2012-02-06", "Max_date": "2021-12-23", "date2012_p": 94, "date2013_p": 94, "date2014_p": 110, "date2015_p": 142, "date2016_p": 120, "date2017_p": 147, "date2018_p": 0, "date2019_p": 33, "date2020_p": 3, "date2021_p": 2, "CONTINENT": "Asia", "area": 2.57816, "Type": 1, "Nation": "India", "Locations": "[91.9059100000000,25.6612000000000;91.9210100000000,25.6724500000000]", "ORIG_FID": 20637 }, "geometry": { "type": "Point", "coordinates": [ 91.91346, 25.666825 ] } },
{ "type": "Feature", "properties": { "Points_num": 934, "Min_date": "2012-05-07", "Max_date": "2021-10-07", "date2012_p": 25, "date2013_p": 25, "date2014_p": 138, "date2015_p": 113, "date2016_p": 104, "date2017_p": 36, "date2018_p": 0, "date2019_p": 3, "date2020_p": 0, "date2021_p": 1, "CONTINENT": "Asia", "area": 0.77947, "Type": 1, "Nation": "India", "Locations": "[91.2325700000000,25.5378500000000;91.2398700000000,25.5449600000000]", "ORIG_FID": 20638 }, "geometry": { "type": "Point", "coordinates": [ 91.23622, 25.541405 ] } },
{ "type": "Feature", "properties": { "Points_num": 29, "Min_date": "2014-11-11", "Max_date": "2017-01-24", "date2012_p": 0, "date2013_p": 0, "date2014_p": 4, "date2015_p": 8, "date2016_p": 1, "date2017_p": 1, "date2018_p": 0, "date2019_p": 0, "date2020_p": 0, "date2021_p": 0, "CONTINENT": "Asia", "area": 0.173337, "Type": 1, "Nation": "India", "Locations": "[94.3731200000000,26.5064600000000;94.3772400000000,26.5091400000000]", "ORIG_FID": 20639 }, "geometry": { "type": "Point", "coordinates": [ 94.37518, 26.5078 ] } },
{ "type": "Feature", "properties": { "Points_num": 15, "Min_date": "2013-02-04", "Max_date": "2014-01-27", "date2012_p": 0, "date2013_p": 0, "date2014_p": 5, "date2015_p": 0, "date2016_p": 0, "date2017_p": 0, "date2018_p": 0, "date2019_p": 0, "date2020_p": 0, "date2021_p": 0, "CONTINENT": "Asia", "area": 0.126594, "Type": 1, "Nation": "India", "Locations": "[95.0578800000000,26.9166700000000;95.0605500000000,26.9196700000000]", "ORIG_FID": 20640 }, "geometry": { "type": "Point", "coordinates": [ 95.059215, 26.91817 ] } },
{ "type": "Feature", "properties": { "Points_num": 177, "Min_date": "2014-10-17", "Max_date": "2021-12-10", "date2012_p": 0, "date2013_p": 0, "date2014_p": 1, "date2015_p": 2, "date2016_p": 3, "date2017_p": 36, "date2018_p": 0, "date2019_p": 0, "date2020_p": 1, "date2021_p": 1, "CONTINENT": "Asia", "area": 0.599417, "Type": 0, "Nation": "India", "Locations": "[77.0503200000000,28.7539900000000;77.0559500000000,28.7629400000000]", "ORIG_FID": 20641 }, "geometry": { "type": "Point", "coordinates": [ 77.053135, 28.758465 ] } },
{ "type": "Feature", "properties": { "Points_num": 97, "Min_date": "2012-04-09", "Max_date": "2016-05-25", "date2012_p": 29, "date2013_p": 29, "date2014_p": 1, "date2015_p": 0, "date2016_p": 3, "date2017_p": 0, "date2018_p": 0, "date2019_p": 0, "date2020_p": 0, "date2021_p": 0, "CONTINENT": "Asia", "area": 0.31229, "Type": 1, "Nation": "India", "Locations": "[76.9625500000000,28.6973800000000;76.9675800000000,28.7026000000000]", "ORIG_FID": 20642 }, "geometry": { "type": "Point", "coordinates": [ 76.965065, 28.69999 ] } },
{ "type": "Feature", "properties": { "Points_num": 1994, "Min_date": "2013-10-05", "Max_date": "2021-11-20", "date2012_p": 0, "date2013_p": 0, "date2014_p": 122, "date2015_p": 202, "date2016_p": 183, "date2017_p": 117, "date2018_p": 58, "date2019_p": 102, "date2020_p": 163, "date2021_p": 211, "CONTINENT": "Asia", "area": 1.1478, "Type": 0, "Nation": "India", "Locations": "[84.9762900000000,20.8846700000000;84.9858900000000,20.8930500000000]", "ORIG_FID": 20643 }, "geometry": { "type": "Point", "coordinates": [ 84.98109, 20.88886 ] } },
{ "type": "Feature", "properties": { "Points_num": 3227, "Min_date": "2014-03-25", "Max_date": "2021-01-22", "date2012_p": 0, "date2013_p": 0, "date2014_p": 3, "date2015_p": 3, "date2016_p": 0, "date2017_p": 242, "date2018_p": 331, "date2019_p": 403, "date2020_p": 532, "date2021_p": 469, "CONTINENT": "Asia", "area": 5.25066, "Type": 0, "Nation": "India", "Locations": "[84.9854400000000,20.8572100000000;85.0016600000000,20.8798900000000]", "ORIG_FID": 20644 }, "geometry": { "type": "Point", "coordinates": [ 84.99355, 20.86855 ] } },
{ "type": "Feature", "properties": { "Points_num": 18983, "Min_date": "2012-01-20", "Max_date": "2021-11-26", "date2012_p": 1129, "date2013_p": 1129, "date2014_p": 653, "date2015_p": 711, "date2016_p": 771, "date2017_p": 578, "date2018_p": 1209, "date2019_p": 1245, "date2020_p": 1356, "date2021_p": 1878, "CONTINENT": "Asia", "area": 32.519, "Type": 0, "Nation": "India", "Locations": "[85.0976900000000,20.9468400000000;85.1662900000000,20.9800100000000]", "ORIG_FID": 20645 }, "geometry": { "type": "Point", "coordinates": [ 85.13199, 20.963425 ] } },
{ "type": "Feature", "properties": { "Points_num": 63625, "Min_date": "2012-01-20", "Max_date": "2021-05-16", "date2012_p": 1015, "date2013_p": 1015, "date2014_p": 3069, "date2015_p": 3789, "date2016_p": 4036, "date2017_p": 3899, "date2018_p": 4464, "date2019_p": 4067, "date2020_p": 3685, "date2021_p": 3058, "CONTINENT": "Asia", "area": 7.06696, "Type": 0, "Nation": "India", "Locations": "[85.1662900000000,20.9533800000000;85.1999700000000,20.9680500000000]", "ORIG_FID": 20646 }, "geometry": { "type": "Point", "coordinates": [ 85.18313, 20.960715 ] } },
{ "type": "Feature", "properties": { "Points_num": 5598, "Min_date": "2013-01-13", "Max_date": "2021-10-09", "date2012_p": 0, "date2013_p": 0, "date2014_p": 0, "date2015_p": 5, "date2016_p": 67, "date2017_p": 245, "date2018_p": 504, "date2019_p": 719, "date2020_p": 964, "date2021_p": 1258, "CONTINENT": "Asia", "area": 1.87266, "Type": 0, "Nation": "India", "Locations": "[85.0331100000000,21.0728300000000;85.0456100000000,21.0833400000000]", "ORIG_FID": 20647 }, "geometry": { "type": "Point", "coordinates": [ 85.03936, 21.078085 ] } },
{ "type": "Feature", "properties": { "Points_num": 2630, "Min_date": "2012-01-20", "Max_date": "2021-01-09", "date2012_p": 49, "date2013_p": 49, "date2014_p": 43, "date2015_p": 36, "date2016_p": 119, "date2017_p": 240, "date2018_p": 289, "date2019_p": 204, "date2020_p": 132, "date2021_p": 54, "CONTINENT": "Asia", "area": 2.53051, "Type": 0, "Nation": "India", "Locations": "[85.0125900000000,20.9624000000000;85.0295000000000,20.9728900000000]", "ORIG_FID": 20648 }, "geometry": { "type": "Point", "coordinates": [ 85.021045, 20.967645 ] } },
{ "type": "Feature", "properties": { "Points_num": 1504, "Min_date": "2012-01-21", "Max_date": "2020-01-16", "date2012_p": 70, "date2013_p": 70, "date2014_p": 63, "date2015_p": 91, "date2016_p": 95, "date2017_p": 92, "date2018_p": 107, "date2019_p": 97, "date2020_p": 17, "date2021_p": 0, "CONTINENT": "Asia", "area": 0.460326, "Type": 0, "Nation": "India", "Locations": "[86.8312100000000,21.5280000000000;86.8364100000000,21.5340600000000]", "ORIG_FID": 20649 }, "geometry": { "type": "Point", "coordinates": [ 86.83381, 21.53103 ] } },
{ "type": "Feature", "properties": { "Points_num": 165, "Min_date": "2012-06-01", "Max_date": "2012-06-01", "date2012_p": 9, "date2013_p": 9, "date2014_p": 0, "date2015_p": 0, "date2016_p": 0, "date2017_p": 0, "date2018_p": 0, "date2019_p": 0, "date2020_p": 0, "date2021_p": 0, "CONTINENT": "Asia", "area": 0.590737, "Type": 0, "Nation": "India", "Locations": "[86.9571800000000,20.8171700000000;86.9615200000000,20.8264000000000]", "ORIG_FID": 20650 }, "geometry": { "type": "Point", "coordinates": [ 86.95935, 20.821785 ] } },
{ "type": "Feature", "properties": { "Points_num": 172, "Min_date": "2015-03-02", "Max_date": "2021-04-30", "date2012_p": 0, "date2013_p": 0, "date2014_p": 0, "date2015_p": 1, "date2016_p": 2, "date2017_p": 23, "date2018_p": 15, "date2019_p": 25, "date2020_p": 22, "date2021_p": 13, "CONTINENT": "Asia", "area": 0.487948, "Type": 0, "Nation": "India", "Locations": "[85.7198100000000,20.5184900000000;85.7251300000000,20.5248200000000]", "ORIG_FID": 20651 }, "geometry": { "type": "Point", "coordinates": [ 85.72247, 20.521655 ] } },
{ "type": "Feature", "properties": { "Points_num": 664, "Min_date": "2012-11-14", "Max_date": "2021-01-17", "date2012_p": 4, "date2013_p": 4, "date2014_p": 35, "date2015_p": 30, "date2016_p": 45, "date2017_p": 53, "date2018_p": 47, "date2019_p": 35, "date2020_p": 48, "date2021_p": 48, "CONTINENT": "Asia", "area": 0.367416, "Type": 0, "Nation": "India", "Locations": "[85.7229900000000,20.5123200000000;85.7289000000000,20.5166100000000]", "ORIG_FID": 20652 }, "geometry": { "type": "Point", "coordinates": [ 85.725945, 20.514465 ] } },
{ "type": "Feature", "properties": { "Points_num": 439, "Min_date": "2012-01-22", "Max_date": "2021-02-15", "date2012_p": 39, "date2013_p": 39, "date2014_p": 25, "date2015_p": 33, "date2016_p": 17, "date2017_p": 19, "date2018_p": 13, "date2019_p": 14, "date2020_p": 23, "date2021_p": 12, "CONTINENT": "Asia", "area": 0.583538, "Type": 1, "Nation": "India", "Locations": "[85.9115400000000,20.5293000000000;85.9174100000000,20.5361400000000]", "ORIG_FID": 20653 }, "geometry": { "type": "Point", "coordinates": [ 85.914475, 20.53272 ] } },
{ "type": "Feature", "properties": { "Points_num": 89, "Min_date": "2012-09-14", "Max_date": "2021-01-31", "date2012_p": 2, "date2013_p": 2, "date2014_p": 0, "date2015_p": 15, "date2016_p": 9, "date2017_p": 7, "date2018_p": 1, "date2019_p": 4, "date2020_p": 2, "date2021_p": 4, "CONTINENT": "Asia", "area": 0.366306, "Type": 0, "Nation": "India", "Locations": "[85.9051500000000,20.5307200000000;85.9108400000000,20.5351500000000]", "ORIG_FID": 20654 }, "geometry": { "type": "Point", "coordinates": [ 85.907995, 20.532935 ] } },
{ "type": "Feature", "properties": { "Points_num": 2060, "Min_date": "2012-01-25", "Max_date": "2021-10-25", "date2012_p": 167, "date2013_p": 167, "date2014_p": 76, "date2015_p": 0, "date2016_p": 34, "date2017_p": 61, "date2018_p": 83, "date2019_p": 112, "date2020_p": 209, "date2021_p": 389, "CONTINENT": "Asia", "area": 0.703839, "Type": 0, "Nation": "India", "Locations": "[85.2538300000000,20.8030100000000;85.2604800000000,20.8103900000000]", "ORIG_FID": 20655 }, "geometry": { "type": "Point", "coordinates": [ 85.257155, 20.8067 ] } },
{ "type": "Feature", "properties": { "Points_num": 11601, "Min_date": "2012-01-20", "Max_date": "2021-11-01", "date2012_p": 263, "date2013_p": 263, "date2014_p": 485, "date2015_p": 606, "date2016_p": 729, "date2017_p": 764, "date2018_p": 853, "date2019_p": 880, "date2020_p": 719, "date2021_p": 814, "CONTINENT": "Asia", "area": 1.55698, "Type": 0, "Nation": "India", "Locations": "[85.2500100000000,20.7907100000000;85.2616700000000,20.8000200000000]", "ORIG_FID": 20656 }, "geometry": { "type": "Point", "coordinates": [ 85.25584, 20.795365 ] } },
{ "type": "Feature", "properties": { "Points_num": 2819, "Min_date": "2013-10-19", "Max_date": "2021-09-23", "date2012_p": 19, "date2013_p": 19, "date2014_p": 169, "date2015_p": 327, "date2016_p": 195, "date2017_p": 168, "date2018_p": 260, "date2019_p": 217, "date2020_p": 189, "date2021_p": 228, "CONTINENT": "Asia", "area": 0.702006, "Type": 0, "Nation": "India", "Locations": "[85.2640500000000,20.7839900000000;85.2704800000000,20.7916000000000]", "ORIG_FID": 20657 }, "geometry": { "type": "Point", "coordinates": [ 85.267265, 20.787795 ] } },
{ "type": "Feature", "properties": { "Points_num": 7527, "Min_date": "2012-01-20", "Max_date": "2021-09-07", "date2012_p": 159, "date2013_p": 159, "date2014_p": 348, "date2015_p": 410, "date2016_p": 281, "date2017_p": 302, "date2018_p": 439, "date2019_p": 409, "date2020_p": 376, "date2021_p": 445, "CONTINENT": "Asia", "area": 2.96675, "Type": 0, "Nation": "India", "Locations": "[85.2512900000000,20.7813400000000;85.2683400000000,20.7934700000000]", "ORIG_FID": 20658 }, "geometry": { "type": "Point", "coordinates": [ 85.259815, 20.787405 ] } },
{ "type": "Feature", "properties": { "Points_num": 37, "Min_date": "2017-08-08", "Max_date": "2021-03-29", "date2012_p": 0, "date2013_p": 0, "date2014_p": 0, "date2015_p": 0, "date2016_p": 0, "date2017_p": 8, "date2018_p": 2, "date2019_p": 3, "date2020_p": 3, "date2021_p": 3, "CONTINENT": "Asia", "area": 0.127843, "Type": 0, "Nation": "India", "Locations": "[86.5989200000000,20.2572000000000;86.6010200000000,20.2613300000000]", "ORIG_FID": 20659 }, "geometry": { "type": "Point", "coordinates": [ 86.59997, 20.259265 ] } },
{ "type": "Feature", "properties": { "Points_num": 73, "Min_date": "2017-06-10", "Max_date": "2021-03-29", "date2012_p": 0, "date2013_p": 0, "date2014_p": 0, "date2015_p": 0, "date2016_p": 0, "date2017_p": 12, "date2018_p": 5, "date2019_p": 12, "date2020_p": 6, "date2021_p": 10, "CONTINENT": "Asia", "area": 0.209027, "Type": 0, "Nation": "India", "Locations": "[86.6012700000000,20.2552300000000;86.6045000000000,20.2596200000000]", "ORIG_FID": 20660 }, "geometry": { "type": "Point", "coordinates": [ 86.602885, 20.257425 ] } },
{ "type": "Feature", "properties": { "Points_num": 2651, "Min_date": "2015-04-26", "Max_date": "2021-01-05", "date2012_p": 0, "date2013_p": 0, "date2014_p": 0, "date2015_p": 56, "date2016_p": 312, "date2017_p": 269, "date2018_p": 211, "date2019_p": 141, "date2020_p": 254, "date2021_p": 134, "CONTINENT": "Asia", "area": 1.9662, "Type": 0, "Nation": "India", "Locations": "[86.5990600000000,20.2383700000000;86.6148600000000,20.2468100000000]", "ORIG_FID": 20661 }, "geometry": { "type": "Point", "coordinates": [ 86.60696, 20.24259 ] } },
{ "type": "Feature", "properties": { "Points_num": 161, "Min_date": "2012-02-23", "Max_date": "2020-01-21", "date2012_p": 36, "date2013_p": 36, "date2014_p": 8, "date2015_p": 1, "date2016_p": 0, "date2017_p": 1, "date2018_p": 1, "date2019_p": 2, "date2020_p": 1, "date2021_p": 0, "CONTINENT": "Asia", "area": 0.268663, "Type": 0, "Nation": "India", "Locations": "[86.6157100000000,20.3036600000000;86.6199200000000,20.3079900000000]", "ORIG_FID": 20662 }, "geometry": { "type": "Point", "coordinates": [ 86.617815, 20.305825 ] } },
{ "type": "Feature", "properties": { "Points_num": 188, "Min_date": "2012-02-14", "Max_date": "2017-04-30", "date2012_p": 17, "date2013_p": 17, "date2014_p": 4, "date2015_p": 0, "date2016_p": 0, "date2017_p": 16, "date2018_p": 0, "date2019_p": 0, "date2020_p": 0, "date2021_p": 0, "CONTINENT": "Asia", "area": 1.38363, "Type": 0, "Nation": "India", "Locations": "[86.6753200000000,20.2714000000000;86.6887900000000,20.2783600000000]", "ORIG_FID": 20663 }, "geometry": { "type": "Point", "coordinates": [ 86.682055, 20.27488 ] } },
{ "type": "Feature", "properties": { "Points_num": 9330, "Min_date": "2014-04-29", "Max_date": "2021-02-13", "date2012_p": 0, "date2013_p": 0, "date2014_p": 1, "date2015_p": 85, "date2016_p": 572, "date2017_p": 719, "date2018_p": 971, "date2019_p": 943, "date2020_p": 876, "date2021_p": 871, "CONTINENT": "Asia", "area": 5.52534, "Type": 0, "Nation": "India", "Locations": "[85.9998900000000,20.9585600000000;86.0193800000000,20.9781200000000]", "ORIG_FID": 20664 }, "geometry": { "type": "Point", "coordinates": [ 86.009635, 20.96834 ] } },
{ "type": "Feature", "properties": { "Points_num": 850, "Min_date": "2012-01-20", "Max_date": "2020-02-27", "date2012_p": 77, "date2013_p": 77, "date2014_p": 39, "date2015_p": 39, "date2016_p": 41, "date2017_p": 30, "date2018_p": 48, "date2019_p": 55, "date2020_p": 20, "date2021_p": 0, "CONTINENT": "Asia", "area": 0.596249, "Type": 0, "Nation": "India", "Locations": "[86.0240000000000,20.9967000000000;86.0300500000000,21.0035000000000]", "ORIG_FID": 20665 }, "geometry": { "type": "Point", "coordinates": [ 86.027025, 21.0001 ] } },
{ "type": "Feature", "properties": { "Points_num": 160, "Min_date": "2012-01-20", "Max_date": "2019-01-03", "date2012_p": 6, "date2013_p": 6, "date2014_p": 9, "date2015_p": 16, "date2016_p": 11, "date2017_p": 9, "date2018_p": 6, "date2019_p": 18, "date2020_p": 0, "date2021_p": 0, "CONTINENT": "Asia", "area": 0.240605, "Type": 0, "Nation": "India", "Locations": "[86.0092900000000,20.9948500000000;86.0133400000000,20.9989500000000]", "ORIG_FID": 20666 }, "geometry": { "type": "Point", "coordinates": [ 86.011315, 20.9969 ] } },
{ "type": "Feature", "properties": { "Points_num": 4787, "Min_date": "2012-01-20", "Max_date": "2021-01-03", "date2012_p": 147, "date2013_p": 147, "date2014_p": 259, "date2015_p": 206, "date2016_p": 225, "date2017_p": 272, "date2018_p": 349, "date2019_p": 209, "date2020_p": 303, "date2021_p": 333, "CONTINENT": "Asia", "area": 2.00756, "Type": 0, "Nation": "India", "Locations": "[86.0502400000000,20.9380600000000;86.0652800000000,20.9472600000000]", "ORIG_FID": 20667 }, "geometry": { "type": "Point", "coordinates": [ 86.05776, 20.94266 ] } },
{ "type": "Feature", "properties": { "Points_num": 642, "Min_date": "2012-01-25", "Max_date": "2021-12-30", "date2012_p": 36, "date2013_p": 36, "date2014_p": 47, "date2015_p": 45, "date2016_p": 40, "date2017_p": 35, "date2018_p": 39, "date2019_p": 1, "date2020_p": 0, "date2021_p": 1, "CONTINENT": "Asia", "area": 0.285173, "Type": 0, "Nation": "India", "Locations": "[86.0409300000000,20.9212400000000;86.0456100000000,20.9254400000000]", "ORIG_FID": 20668 }, "geometry": { "type": "Point", "coordinates": [ 86.04327, 20.92334 ] } },
{ "type": "Feature", "properties": { "Points_num": 4602, "Min_date": "2012-01-22", "Max_date": "2021-10-25", "date2012_p": 57, "date2013_p": 57, "date2014_p": 120, "date2015_p": 200, "date2016_p": 305, "date2017_p": 308, "date2018_p": 337, "date2019_p": 384, "date2020_p": 316, "date2021_p": 380, "CONTINENT": "Asia", "area": 1.49762, "Type": 1, "Nation": "India", "Locations": "[86.0435300000000,20.9462800000000;86.0534100000000,20.9567300000000]", "ORIG_FID": 20669 }, "geometry": { "type": "Point", "coordinates": [ 86.04847, 20.951505 ] } },
{ "type": "Feature", "properties": { "Points_num": 879, "Min_date": "2012-02-06", "Max_date": "2021-11-01", "date2012_p": 26, "date2013_p": 26, "date2014_p": 32, "date2015_p": 16, "date2016_p": 56, "date2017_p": 54, "date2018_p": 61, "date2019_p": 75, "date2020_p": 76, "date2021_p": 64, "CONTINENT": "Asia", "area": 0.455664, "Type": 1, "Nation": "India", "Locations": "[86.0482900000000,20.9607900000000;86.0538900000000,20.9664000000000]", "ORIG_FID": 20670 }, "geometry": { "type": "Point", "coordinates": [ 86.05109, 20.963595 ] } },
{ "type": "Feature", "properties": { "Points_num": 14819, "Min_date": "2012-01-20", "Max_date": "2021-03-16", "date2012_p": 461, "date2013_p": 461, "date2014_p": 334, "date2015_p": 293, "date2016_p": 501, "date2017_p": 869, "date2018_p": 1663, "date2019_p": 1260, "date2020_p": 494, "date2021_p": 582, "CONTINENT": "Asia", "area": 11.2631, "Type": 1, "Nation": "India", "Locations": "[83.8339200000000,21.7270300000000;83.8545100000000,21.7663700000000]", "ORIG_FID": 20671 }, "geometry": { "type": "Point", "coordinates": [ 83.844215, 21.7467 ] } },
{ "type": "Feature", "properties": { "Points_num": 3963, "Min_date": "2012-01-21", "Max_date": "2021-01-31", "date2012_p": 266, "date2013_p": 266, "date2014_p": 191, "date2015_p": 185, "date2016_p": 160, "date2017_p": 321, "date2018_p": 165, "date2019_p": 51, "date2020_p": 188, "date2021_p": 180, "CONTINENT": "Asia", "area": 7.41107, "Type": 1, "Nation": "India", "Locations": "[83.8176400000000,21.7400400000000;83.8336900000000,21.7732600000000]", "ORIG_FID": 20672 }, "geometry": { "type": "Point", "coordinates": [ 83.825665, 21.75665 ] } },
{ "type": "Feature", "properties": { "Points_num": 1426, "Min_date": "2012-05-16", "Max_date": "2021-03-29", "date2012_p": 2, "date2013_p": 2, "date2014_p": 192, "date2015_p": 90, "date2016_p": 94, "date2017_p": 55, "date2018_p": 98, "date2019_p": 50, "date2020_p": 9, "date2021_p": 60, "CONTINENT": "Asia", "area": 1.68862, "Type": 1, "Nation": "India", "Locations": "[83.8319200000000,21.7693200000000;83.8407300000000,21.7831100000000]", "ORIG_FID": 20673 }, "geometry": { "type": "Point", "coordinates": [ 83.836325, 21.776215 ] } },
{ "type": "Feature", "properties": { "Points_num": 3825, "Min_date": "2012-02-26", "Max_date": "2021-02-17", "date2012_p": 22, "date2013_p": 22, "date2014_p": 179, "date2015_p": 114, "date2016_p": 360, "date2017_p": 241, "date2018_p": 270, "date2019_p": 424, "date2020_p": 272, "date2021_p": 167, "CONTINENT": "Asia", "area": 4.60101, "Type": 1, "Nation": "India", "Locations": "[83.8790100000000,21.7915800000000;83.9024400000000,21.8057000000000]", "ORIG_FID": 20674 }, "geometry": { "type": "Point", "coordinates": [ 83.890725, 21.79864 ] } },
{ "type": "Feature", "properties": { "Points_num": 1380, "Min_date": "2012-02-10", "Max_date": "2021-03-25", "date2012_p": 2, "date2013_p": 2, "date2014_p": 61, "date2015_p": 2, "date2016_p": 24, "date2017_p": 114, "date2018_p": 148, "date2019_p": 174, "date2020_p": 144, "date2021_p": 61, "CONTINENT": "Asia", "area": 0.602438, "Type": 0, "Nation": "India", "Locations": "[83.8843200000000,21.7857400000000;83.8920000000000,21.7913800000000]", "ORIG_FID": 20675 }, "geometry": { "type": "Point", "coordinates": [ 83.88816, 21.78856 ] } },
{ "type": "Feature", "properties": { "Points_num": 2258, "Min_date": "2012-01-20", "Max_date": "2021-01-01", "date2012_p": 138, "date2013_p": 138, "date2014_p": 223, "date2015_p": 152, "date2016_p": 110, "date2017_p": 65, "date2018_p": 141, "date2019_p": 54, "date2020_p": 18, "date2021_p": 1, "CONTINENT": "Asia", "area": 6.62128, "Type": 1, "Nation": "India", "Locations": "[83.8942000000000,21.8025600000000;83.9124200000000,21.8286900000000]", "ORIG_FID": 20676 }, "geometry": { "type": "Point", "coordinates": [ 83.90331, 21.815625 ] } },
{ "type": "Feature", "properties": { "Points_num": 129, "Min_date": "2012-01-29", "Max_date": "2016-02-19", "date2012_p": 3, "date2013_p": 3, "date2014_p": 32, "date2015_p": 18, "date2016_p": 6, "date2017_p": 0, "date2018_p": 0, "date2019_p": 0, "date2020_p": 0, "date2021_p": 0, "CONTINENT": "Asia", "area": 0.321541, "Type": 0, "Nation": "India", "Locations": "[83.9795600000000,21.8385200000000;83.9851800000000,21.8426300000000]", "ORIG_FID": 20677 }, "geometry": { "type": "Point", "coordinates": [ 83.98237, 21.840575 ] } },
{ "type": "Feature", "properties": { "Points_num": 697, "Min_date": "2012-01-20", "Max_date": "2021-12-23", "date2012_p": 22, "date2013_p": 22, "date2014_p": 19, "date2015_p": 30, "date2016_p": 40, "date2017_p": 34, "date2018_p": 60, "date2019_p": 57, "date2020_p": 57, "date2021_p": 16, "CONTINENT": "Asia", "area": 0.277149, "Type": 0, "Nation": "India", "Locations": "[83.9870500000000,21.7926000000000;83.9917100000000,21.7968700000000]", "ORIG_FID": 20678 }, "geometry": { "type": "Point", "coordinates": [ 83.98938, 21.794735 ] } },
{ "type": "Feature", "properties": { "Points_num": 1354, "Min_date": "2012-02-10", "Max_date": "2021-09-20", "date2012_p": 6, "date2013_p": 6, "date2014_p": 15, "date2015_p": 4, "date2016_p": 105, "date2017_p": 113, "date2018_p": 138, "date2019_p": 141, "date2020_p": 121, "date2021_p": 44, "CONTINENT": "Asia", "area": 0.537405, "Type": 0, "Nation": "India", "Locations": "[85.4145600000000,22.1283200000000;85.4213000000000,22.1339400000000]", "ORIG_FID": 20679 }, "geometry": { "type": "Point", "coordinates": [ 85.41793, 22.13113 ] } },
{ "type": "Feature", "properties": { "Points_num": 18, "Min_date": "2012-12-03", "Max_date": "1899-12-30", "date2012_p": 4, "date2013_p": 4, "date2014_p": 0, "date2015_p": 0, "date2016_p": 0, "date2017_p": 0, "date2018_p": 0, "date2019_p": 0, "date2020_p": 0, "date2021_p": 0, "CONTINENT": "Asia", "area": 0.097689, "Type": 0, "Nation": "India", "Locations": "[85.3457000000000,22.0963800000000;85.3489200000000,22.0985200000000]", "ORIG_FID": 20680 }, "geometry": { "type": "Point", "coordinates": [ 85.34731, 22.09745 ] } },
{ "type": "Feature", "properties": { "Points_num": 67, "Min_date": "2012-01-25", "Max_date": "2015-01-23", "date2012_p": 14, "date2013_p": 14, "date2014_p": 2, "date2015_p": 2, "date2016_p": 0, "date2017_p": 0, "date2018_p": 0, "date2019_p": 0, "date2020_p": 0, "date2021_p": 0, "CONTINENT": "Asia", "area": 0.178417, "Type": 0, "Nation": "India", "Locations": "[85.3595200000000,22.0978000000000;85.3635400000000,22.1009300000000]", "ORIG_FID": 20681 }, "geometry": { "type": "Point", "coordinates": [ 85.36153, 22.099365 ] } },
{ "type": "Feature", "properties": { "Points_num": 2702, "Min_date": "2012-01-25", "Max_date": "2021-02-27", "date2012_p": 113, "date2013_p": 113, "date2014_p": 131, "date2015_p": 133, "date2016_p": 132, "date2017_p": 139, "date2018_p": 174, "date2019_p": 153, "date2020_p": 141, "date2021_p": 173, "CONTINENT": "Asia", "area": 0.535493, "Type": 0, "Nation": "India", "Locations": "[85.4617500000000,22.0514100000000;85.4683500000000,22.0571200000000]", "ORIG_FID": 20682 }, "geometry": { "type": "Point", "coordinates": [ 85.46505, 22.054265 ] } },
{ "type": "Feature", "properties": { "Points_num": 1264, "Min_date": "2012-02-16", "Max_date": "2021-10-09", "date2012_p": 4, "date2013_p": 4, "date2014_p": 22, "date2015_p": 31, "date2016_p": 99, "date2017_p": 89, "date2018_p": 131, "date2019_p": 90, "date2020_p": 81, "date2021_p": 63, "CONTINENT": "Asia", "area": 0.474611, "Type": 0, "Nation": "India", "Locations": "[85.3116100000000,21.9651900000000;85.3172700000000,21.9711000000000]", "ORIG_FID": 20683 }, "geometry": { "type": "Point", "coordinates": [ 85.31444, 21.968145 ] } },
{ "type": "Feature", "properties": { "Points_num": 147, "Min_date": "2012-01-21", "Max_date": "2021-05-15", "date2012_p": 15, "date2013_p": 15, "date2014_p": 2, "date2015_p": 5, "date2016_p": 7, "date2017_p": 7, "date2018_p": 7, "date2019_p": 14, "date2020_p": 3, "date2021_p": 3, "CONTINENT": "Asia", "area": 0.182188, "Type": 0, "Nation": "India", "Locations": "[85.9200600000000,21.1188600000000;85.9237900000000,21.1222400000000]", "ORIG_FID": 20684 }, "geometry": { "type": "Point", "coordinates": [ 85.921925, 21.12055 ] } },
{ "type": "Feature", "properties": { "Points_num": 1135, "Min_date": "2014-01-02", "Max_date": "2021-05-09", "date2012_p": 0, "date2013_p": 0, "date2014_p": 15, "date2015_p": 17, "date2016_p": 81, "date2017_p": 110, "date2018_p": 130, "date2019_p": 73, "date2020_p": 49, "date2021_p": 45, "CONTINENT": "Asia", "area": 0.723661, "Type": 0, "Nation": "India", "Locations": "[84.3721000000000,22.0959000000000;84.3805800000000,22.1020100000000]", "ORIG_FID": 20685 }, "geometry": { "type": "Point", "coordinates": [ 84.37634, 22.098955 ] } },
{ "type": "Feature", "properties": { "Points_num": 15118, "Min_date": "2012-01-20", "Max_date": "2021-11-17", "date2012_p": 674, "date2013_p": 674, "date2014_p": 880, "date2015_p": 957, "date2016_p": 924, "date2017_p": 835, "date2018_p": 663, "date2019_p": 658, "date2020_p": 682, "date2021_p": 1171, "CONTINENT": "Asia", "area": 5.26488, "Type": 0, "Nation": "India", "Locations": "[84.0136200000000,21.7493900000000;84.0295900000000,21.7730400000000]", "ORIG_FID": 20686 }, "geometry": { "type": "Point", "coordinates": [ 84.021605, 21.761215 ] } },
{ "type": "Feature", "properties": { "Points_num": 3186, "Min_date": "2012-01-28", "Max_date": "2021-11-04", "date2012_p": 35, "date2013_p": 35, "date2014_p": 13, "date2015_p": 52, "date2016_p": 233, "date2017_p": 214, "date2018_p": 263, "date2019_p": 330, "date2020_p": 345, "date2021_p": 323, "CONTINENT": "Asia", "area": 0.854283, "Type": 0, "Nation": "India", "Locations": "[85.2170100000000,21.9271500000000;85.2254400000000,21.9343000000000]", "ORIG_FID": 20687 }, "geometry": { "type": "Point", "coordinates": [ 85.221225, 21.930725 ] } },
{ "type": "Feature", "properties": { "Points_num": 179, "Min_date": "2013-12-25", "Max_date": "2021-02-13", "date2012_p": 0, "date2013_p": 0, "date2014_p": 1, "date2015_p": 13, "date2016_p": 17, "date2017_p": 2, "date2018_p": 11, "date2019_p": 20, "date2020_p": 33, "date2021_p": 15, "CONTINENT": "Asia", "area": 0.505595, "Type": 0, "Nation": "India", "Locations": "[84.9218200000000,21.8442600000000;84.9293900000000,21.8489900000000]", "ORIG_FID": 20688 }, "geometry": { "type": "Point", "coordinates": [ 84.925605, 21.846625 ] } },
{ "type": "Feature", "properties": { "Points_num": 309, "Min_date": "2012-01-21", "Max_date": "2019-03-02", "date2012_p": 42, "date2013_p": 42, "date2014_p": 38, "date2015_p": 6, "date2016_p": 2, "date2017_p": 7, "date2018_p": 6, "date2019_p": 3, "date2020_p": 0, "date2021_p": 0, "CONTINENT": "Asia", "area": 0.362232, "Type": 0, "Nation": "India", "Locations": "[84.8403900000000,22.1972500000000;84.8459100000000,22.2019200000000]", "ORIG_FID": 20689 }, "geometry": { "type": "Point", "coordinates": [ 84.84315, 22.199585 ] } },
{ "type": "Feature", "properties": { "Points_num": 5722, "Min_date": "2012-01-20", "Max_date": "2021-03-24", "date2012_p": 307, "date2013_p": 307, "date2014_p": 364, "date2015_p": 312, "date2016_p": 151, "date2017_p": 240, "date2018_p": 335, "date2019_p": 416, "date2020_p": 296, "date2021_p": 323, "CONTINENT": "Asia", "area": 3.20553, "Type": 0, "Nation": "India", "Locations": "[84.8385800000000,22.2034100000000;84.8562100000000,22.2163500000000]", "ORIG_FID": 20690 }, "geometry": { "type": "Point", "coordinates": [ 84.847395, 22.20988 ] } },
{ "type": "Feature", "properties": { "Points_num": 12761, "Min_date": "2012-01-20", "Max_date": "2021-04-18", "date2012_p": 479, "date2013_p": 479, "date2014_p": 781, "date2015_p": 859, "date2016_p": 592, "date2017_p": 658, "date2018_p": 724, "date2019_p": 735, "date2020_p": 616, "date2021_p": 729, "CONTINENT": "Asia", "area": 4.81153, "Type": 0, "Nation": "India", "Locations": "[84.8566400000000,22.2045500000000;84.8817000000000,22.2182100000000]", "ORIG_FID": 20691 }, "geometry": { "type": "Point", "coordinates": [ 84.86917, 22.21138 ] } },
{ "type": "Feature", "properties": { "Points_num": 234, "Min_date": "2012-02-09", "Max_date": "2021-03-02", "date2012_p": 2, "date2013_p": 2, "date2014_p": 1, "date2015_p": 4, "date2016_p": 24, "date2017_p": 21, "date2018_p": 13, "date2019_p": 10, "date2020_p": 33, "date2021_p": 30, "CONTINENT": "Asia", "area": 0.319012, "Type": 0, "Nation": "India", "Locations": "[84.8606000000000,22.0798000000000;84.8645700000000,22.0855100000000]", "ORIG_FID": 20692 }, "geometry": { "type": "Point", "coordinates": [ 84.862585, 22.082655 ] } },
{ "type": "Feature", "properties": { "Points_num": 2488, "Min_date": "2012-01-20", "Max_date": "2021-04-25", "date2012_p": 21, "date2013_p": 21, "date2014_p": 16, "date2015_p": 36, "date2016_p": 80, "date2017_p": 191, "date2018_p": 254, "date2019_p": 188, "date2020_p": 282, "date2021_p": 259, "CONTINENT": "Asia", "area": 2.03565, "Type": 0, "Nation": "India", "Locations": "[84.7495200000000,22.2180200000000;84.7620500000000,22.2296000000000]", "ORIG_FID": 20693 }, "geometry": { "type": "Point", "coordinates": [ 84.755785, 22.22381 ] } },
{ "type": "Feature", "properties": { "Points_num": 87, "Min_date": "2012-01-20", "Max_date": "2014-06-25", "date2012_p": 26, "date2013_p": 26, "date2014_p": 3, "date2015_p": 0, "date2016_p": 0, "date2017_p": 0, "date2018_p": 0, "date2019_p": 0, "date2020_p": 0, "date2021_p": 0, "CONTINENT": "Asia", "area": 0.371542, "Type": 0, "Nation": "India", "Locations": "[84.7691800000000,22.3064300000000;84.7764400000000,22.3100800000000]", "ORIG_FID": 20694 }, "geometry": { "type": "Point", "coordinates": [ 84.77281, 22.308255 ] } },
{ "type": "Feature", "properties": { "Points_num": 712, "Min_date": "2012-01-20", "Max_date": "2021-10-14", "date2012_p": 55, "date2013_p": 55, "date2014_p": 54, "date2015_p": 41, "date2016_p": 38, "date2017_p": 45, "date2018_p": 31, "date2019_p": 0, "date2020_p": 3, "date2021_p": 4, "CONTINENT": "Asia", "area": 0.614255, "Type": 0, "Nation": "India", "Locations": "[84.7613000000000,22.3057800000000;84.7689200000000,22.3115300000000]", "ORIG_FID": 20695 }, "geometry": { "type": "Point", "coordinates": [ 84.76511, 22.308655 ] } },
{ "type": "Feature", "properties": { "Points_num": 294, "Min_date": "2012-04-01", "Max_date": "2021-02-13", "date2012_p": 0, "date2013_p": 0, "date2014_p": 37, "date2015_p": 12, "date2016_p": 4, "date2017_p": 6, "date2018_p": 12, "date2019_p": 23, "date2020_p": 43, "date2021_p": 53, "CONTINENT": "Asia", "area": 0.188786, "Type": 0, "Nation": "India", "Locations": "[84.7656700000000,22.3121700000000;84.7692900000000,22.3158900000000]", "ORIG_FID": 20696 }, "geometry": { "type": "Point", "coordinates": [ 84.76748, 22.31403 ] } },
{ "type": "Feature", "properties": { "Points_num": 247, "Min_date": "2012-01-22", "Max_date": "2020-02-11", "date2012_p": 3, "date2013_p": 3, "date2014_p": 0, "date2015_p": 6, "date2016_p": 12, "date2017_p": 16, "date2018_p": 29, "date2019_p": 46, "date2020_p": 3, "date2021_p": 0, "CONTINENT": "Asia", "area": 0.266307, "Type": 0, "Nation": "India", "Locations": "[84.5486400000000,22.2049600000000;84.5524400000000,22.2099700000000]", "ORIG_FID": 20697 }, "geometry": { "type": "Point", "coordinates": [ 84.55054, 22.207465 ] } },
{ "type": "Feature", "properties": { "Points_num": 6646, "Min_date": "2012-01-30", "Max_date": "2021-02-10", "date2012_p": 36, "date2013_p": 36, "date2014_p": 308, "date2015_p": 272, "date2016_p": 379, "date2017_p": 181, "date2018_p": 499, "date2019_p": 1014, "date2020_p": 346, "date2021_p": 456, "CONTINENT": "Asia", "area": 11.615, "Type": 0, "Nation": "India", "Locations": "[83.7401100000000,22.0158500000000;83.7751000000000,22.0398200000000]", "ORIG_FID": 20698 }, "geometry": { "type": "Point", "coordinates": [ 83.757605, 22.027835 ] } },
{ "type": "Feature", "properties": { "Points_num": 357, "Min_date": "2013-11-14", "Max_date": "2021-03-01", "date2012_p": 0, "date2013_p": 0, "date2014_p": 0, "date2015_p": 0, "date2016_p": 1, "date2017_p": 3, "date2018_p": 71, "date2019_p": 17, "date2020_p": 31, "date2021_p": 14, "CONTINENT": "Asia", "area": 0.747543, "Type": 0, "Nation": "India", "Locations": "[83.7046100000000,22.0628400000000;83.7132700000000,22.0690800000000]", "ORIG_FID": 20699 }, "geometry": { "type": "Point", "coordinates": [ 83.70894, 22.06596 ] } },
{ "type": "Feature", "properties": { "Points_num": 8691, "Min_date": "2012-01-20", "Max_date": "2021-01-05", "date2012_p": 255, "date2013_p": 255, "date2014_p": 883, "date2015_p": 1037, "date2016_p": 637, "date2017_p": 491, "date2018_p": 174, "date2019_p": 32, "date2020_p": 172, "date2021_p": 661, "CONTINENT": "Asia", "area": 5.07536, "Type": 0, "Nation": "India", "Locations": "[83.7145200000000,22.0493200000000;83.7315800000000,22.0708200000000]", "ORIG_FID": 20700 }, "geometry": { "type": "Point", "coordinates": [ 83.72305, 22.06007 ] } },
{ "type": "Feature", "properties": { "Points_num": 2800, "Min_date": "2012-01-22", "Max_date": "2021-02-27", "date2012_p": 477, "date2013_p": 477, "date2014_p": 173, "date2015_p": 70, "date2016_p": 62, "date2017_p": 69, "date2018_p": 0, "date2019_p": 39, "date2020_p": 49, "date2021_p": 78, "CONTINENT": "Asia", "area": 2.10068, "Type": 0, "Nation": "India", "Locations": "[74.9412200000000,29.9034300000000;74.9595600000000,29.9133700000000]", "ORIG_FID": 20701 }, "geometry": { "type": "Point", "coordinates": [ 74.95039, 29.9084 ] } },
{ "type": "Feature", "properties": { "Points_num": 85, "Min_date": "2013-09-27", "Max_date": "2021-04-16", "date2012_p": 0, "date2013_p": 0, "date2014_p": 13, "date2015_p": 4, "date2016_p": 2, "date2017_p": 10, "date2018_p": 0, "date2019_p": 4, "date2020_p": 1, "date2021_p": 3, "CONTINENT": "Asia", "area": 0.184327, "Type": 0, "Nation": "India", "Locations": "[74.9525100000000,29.9169700000000;74.9565600000000,29.9209200000000]", "ORIG_FID": 20702 }, "geometry": { "type": "Point", "coordinates": [ 74.954535, 29.918945 ] } },
{ "type": "Feature", "properties": { "Points_num": 23, "Min_date": "2016-05-25", "Max_date": "2017-07-08", "date2012_p": 0, "date2013_p": 0, "date2014_p": 0, "date2015_p": 0, "date2016_p": 5, "date2017_p": 5, "date2018_p": 0, "date2019_p": 0, "date2020_p": 0, "date2021_p": 0, "CONTINENT": "Asia", "area": 0.148203, "Type": 0, "Nation": "India", "Locations": "[75.2295700000000,29.9136000000000;75.2327700000000,29.9176100000000]", "ORIG_FID": 20703 }, "geometry": { "type": "Point", "coordinates": [ 75.23117, 29.915605 ] } },
{ "type": "Feature", "properties": { "Points_num": 56, "Min_date": "2012-01-23", "Max_date": "2020-10-11", "date2012_p": 13, "date2013_p": 13, "date2014_p": 4, "date2015_p": 0, "date2016_p": 0, "date2017_p": 0, "date2018_p": 0, "date2019_p": 0, "date2020_p": 1, "date2021_p": 0, "CONTINENT": "Asia", "area": 0.088088, "Type": 0, "Nation": "India", "Locations": "[74.3793600000000,26.0804200000000;74.3815300000000,26.0838200000000]", "ORIG_FID": 20704 }, "geometry": { "type": "Point", "coordinates": [ 74.380445, 26.08212 ] } },
{ "type": "Feature", "properties": { "Points_num": 628, "Min_date": "2012-01-24", "Max_date": "2021-01-15", "date2012_p": 36, "date2013_p": 36, "date2014_p": 34, "date2015_p": 34, "date2016_p": 26, "date2017_p": 65, "date2018_p": 0, "date2019_p": 61, "date2020_p": 46, "date2021_p": 12, "CONTINENT": "Asia", "area": 0.442729, "Type": 0, "Nation": "India", "Locations": "[76.6690500000000,27.5138300000000;76.6759500000000,27.5191700000000]", "ORIG_FID": 20705 }, "geometry": { "type": "Point", "coordinates": [ 76.6725, 27.5165 ] } },
{ "type": "Feature", "properties": { "Points_num": 617, "Min_date": "2012-02-25", "Max_date": "2021-11-25", "date2012_p": 28, "date2013_p": 28, "date2014_p": 21, "date2015_p": 32, "date2016_p": 67, "date2017_p": 59, "date2018_p": 0, "date2019_p": 34, "date2020_p": 3, "date2021_p": 43, "CONTINENT": "Asia", "area": 0.528344, "Type": 0, "Nation": "India", "Locations": "[76.7940100000000,28.1171000000000;76.8014900000000,28.1230100000000]", "ORIG_FID": 20706 }, "geometry": { "type": "Point", "coordinates": [ 76.79775, 28.120055 ] } },
{ "type": "Feature", "properties": { "Points_num": 79, "Min_date": "2012-10-27", "Max_date": "2021-03-16", "date2012_p": 1, "date2013_p": 1, "date2014_p": 0, "date2015_p": 4, "date2016_p": 5, "date2017_p": 13, "date2018_p": 0, "date2019_p": 7, "date2020_p": 7, "date2021_p": 7, "CONTINENT": "Asia", "area": 0.152859, "Type": 0, "Nation": "India", "Locations": "[76.8764700000000,28.1476100000000;76.8802300000000,28.1510100000000]", "ORIG_FID": 20707 }, "geometry": { "type": "Point", "coordinates": [ 76.87835, 28.14931 ] } },
{ "type": "Feature", "properties": { "Points_num": 1969, "Min_date": "2012-01-20", "Max_date": "2021-02-15", "date2012_p": 271, "date2013_p": 271, "date2014_p": 344, "date2015_p": 120, "date2016_p": 12, "date2017_p": 7, "date2018_p": 0, "date2019_p": 6, "date2020_p": 22, "date2021_p": 4, "CONTINENT": "Asia", "area": 0.763437, "Type": 0, "Nation": "India", "Locations": "[71.4943100000000,25.9262900000000;71.5043000000000,25.9328300000000]", "ORIG_FID": 20708 }, "geometry": { "type": "Point", "coordinates": [ 71.499305, 25.92956 ] } },
{ "type": "Feature", "properties": { "Points_num": 99, "Min_date": "2014-10-26", "Max_date": "2021-11-08", "date2012_p": 0, "date2013_p": 0, "date2014_p": 6, "date2015_p": 19, "date2016_p": 3, "date2017_p": 1, "date2018_p": 0, "date2019_p": 12, "date2020_p": 15, "date2021_p": 8, "CONTINENT": "Asia", "area": 0.061307, "Type": 0, "Nation": "India", "Locations": "[71.5682800000000,25.9055400000000;71.5708500000000,25.9075800000000]", "ORIG_FID": 20709 }, "geometry": { "type": "Point", "coordinates": [ 71.569565, 25.90656 ] } },
{ "type": "Feature", "properties": { "Points_num": 484, "Min_date": "2015-09-06", "Max_date": "2019-02-03", "date2012_p": 0, "date2013_p": 0, "date2014_p": 0, "date2015_p": 57, "date2016_p": 130, "date2017_p": 45, "date2018_p": 0, "date2019_p": 10, "date2020_p": 0, "date2021_p": 0, "CONTINENT": "Asia", "area": 0.477026, "Type": 0, "Nation": "India", "Locations": "[71.7643700000000,25.2958500000000;71.7723600000000,25.3009200000000]", "ORIG_FID": 20710 }, "geometry": { "type": "Point", "coordinates": [ 71.768365, 25.298385 ] } },
{ "type": "Feature", "properties": { "Points_num": 42, "Min_date": "2013-10-30", "Max_date": "2016-06-16", "date2012_p": 0, "date2013_p": 0, "date2014_p": 0, "date2015_p": 12, "date2016_p": 7, "date2017_p": 0, "date2018_p": 0, "date2019_p": 0, "date2020_p": 0, "date2021_p": 0, "CONTINENT": "Asia", "area": 0.295307, "Type": 0, "Nation": "India", "Locations": "[71.7527000000000,25.2863900000000;71.7580700000000,25.2910600000000]", "ORIG_FID": 20711 }, "geometry": { "type": "Point", "coordinates": [ 71.755385, 25.288725 ] } },
{ "type": "Feature", "properties": { "Points_num": 18, "Min_date": "2017-06-12", "Max_date": "2019-03-09", "date2012_p": 0, "date2013_p": 0, "date2014_p": 0, "date2015_p": 0, "date2016_p": 0, "date2017_p": 2, "date2018_p": 0, "date2019_p": 1, "date2020_p": 0, "date2021_p": 0, "CONTINENT": "Asia", "area": 0.113249, "Type": 0, "Nation": "India", "Locations": "[71.5651400000000,25.4446600000000;71.5685600000000,25.4474800000000]", "ORIG_FID": 20712 }, "geometry": { "type": "Point", "coordinates": [ 71.56685, 25.44607 ] } },
{ "type": "Feature", "properties": { "Points_num": 77, "Min_date": "2012-04-03", "Max_date": "2020-02-21", "date2012_p": 5, "date2013_p": 5, "date2014_p": 5, "date2015_p": 0, "date2016_p": 0, "date2017_p": 0, "date2018_p": 0, "date2019_p": 0, "date2020_p": 2, "date2021_p": 0, "CONTINENT": "Asia", "area": 0.093466, "Type": 0, "Nation": "India", "Locations": "[71.4971900000000,25.9314600000000;71.5014000000000,25.9333600000000]", "ORIG_FID": 20713 }, "geometry": { "type": "Point", "coordinates": [ 71.499295, 25.93241 ] } },
{ "type": "Feature", "properties": { "Points_num": 36, "Min_date": "2017-02-20", "Max_date": "2021-06-01", "date2012_p": 0, "date2013_p": 0, "date2014_p": 0, "date2015_p": 0, "date2016_p": 0, "date2017_p": 12, "date2018_p": 0, "date2019_p": 1, "date2020_p": 2, "date2021_p": 5, "CONTINENT": "Asia", "area": 0.217661, "Type": 0, "Nation": "India", "Locations": "[73.2198300000000,27.8277700000000;73.2243000000000,27.8319600000000]", "ORIG_FID": 20714 }, "geometry": { "type": "Point", "coordinates": [ 73.222065, 27.829865 ] } },
{ "type": "Feature", "properties": { "Points_num": 164, "Min_date": "2012-01-23", "Max_date": "2021-09-28", "date2012_p": 4, "date2013_p": 4, "date2014_p": 4, "date2015_p": 11, "date2016_p": 27, "date2017_p": 9, "date2018_p": 0, "date2019_p": 2, "date2020_p": 17, "date2021_p": 20, "CONTINENT": "Asia", "area": 0.132776, "Type": 0, "Nation": "India", "Locations": "[76.1881400000000,25.6703300000000;76.1917000000000,25.6733900000000]", "ORIG_FID": 20715 }, "geometry": { "type": "Point", "coordinates": [ 76.18992, 25.67186 ] } },
{ "type": "Feature", "properties": { "Points_num": 2358, "Min_date": "2012-01-22", "Max_date": "2021-10-13", "date2012_p": 68, "date2013_p": 68, "date2014_p": 234, "date2015_p": 185, "date2016_p": 226, "date2017_p": 151, "date2018_p": 0, "date2019_p": 98, "date2020_p": 89, "date2021_p": 64, "CONTINENT": "Asia", "area": 0.803299, "Type": 0, "Nation": "India", "Locations": "[74.6299200000000,24.9286000000000;74.6379300000000,24.9368900000000]", "ORIG_FID": 20716 }, "geometry": { "type": "Point", "coordinates": [ 74.633925, 24.932745 ] } },
{ "type": "Feature", "properties": { "Points_num": 882, "Min_date": "2012-01-29", "Max_date": "2021-09-30", "date2012_p": 73, "date2013_p": 73, "date2014_p": 70, "date2015_p": 67, "date2016_p": 69, "date2017_p": 77, "date2018_p": 0, "date2019_p": 41, "date2020_p": 66, "date2021_p": 90, "CONTINENT": "Asia", "area": 0.20209, "Type": 0, "Nation": "India", "Locations": "[74.6058100000000,24.7634500000000;74.6108200000000,24.7667800000000]", "ORIG_FID": 20717 }, "geometry": { "type": "Point", "coordinates": [ 74.608315, 24.765115 ] } },
{ "type": "Feature", "properties": { "Points_num": 1194, "Min_date": "2012-01-23", "Max_date": "2021-10-11", "date2012_p": 44, "date2013_p": 44, "date2014_p": 56, "date2015_p": 57, "date2016_p": 64, "date2017_p": 74, "date2018_p": 0, "date2019_p": 70, "date2020_p": 65, "date2021_p": 74, "CONTINENT": "Asia", "area": 0.428991, "Type": 0, "Nation": "India", "Locations": "[74.6041200000000,24.7602100000000;74.6108400000000,24.7654800000000]", "ORIG_FID": 20718 }, "geometry": { "type": "Point", "coordinates": [ 74.60748, 24.762845 ] } },
{ "type": "Feature", "properties": { "Points_num": 495, "Min_date": "2013-09-06", "Max_date": "2021-07-15", "date2012_p": 0, "date2013_p": 0, "date2014_p": 38, "date2015_p": 26, "date2016_p": 54, "date2017_p": 67, "date2018_p": 0, "date2019_p": 23, "date2020_p": 16, "date2021_p": 24, "CONTINENT": "Asia", "area": 0.283906, "Type": 0, "Nation": "India", "Locations": "[74.6672800000000,24.7114900000000;74.6720100000000,24.7164400000000]", "ORIG_FID": 20719 }, "geometry": { "type": "Point", "coordinates": [ 74.669645, 24.713965 ] } },
{ "type": "Feature", "properties": { "Points_num": 3176, "Min_date": "2012-01-20", "Max_date": "2021-03-16", "date2012_p": 292, "date2013_p": 292, "date2014_p": 307, "date2015_p": 124, "date2016_p": 154, "date2017_p": 120, "date2018_p": 0, "date2019_p": 207, "date2020_p": 96, "date2021_p": 108, "CONTINENT": "Asia", "area": 0.697095, "Type": 0, "Nation": "India", "Locations": "[74.6795700000000,24.6382500000000;74.6880300000000,24.6450400000000]", "ORIG_FID": 20720 }, "geometry": { "type": "Point", "coordinates": [ 74.6838, 24.641645 ] } },
{ "type": "Feature", "properties": { "Points_num": 1415, "Min_date": "2012-11-12", "Max_date": "2021-02-20", "date2012_p": 3, "date2013_p": 3, "date2014_p": 29, "date2015_p": 44, "date2016_p": 100, "date2017_p": 148, "date2018_p": 0, "date2019_p": 166, "date2020_p": 236, "date2021_p": 129, "CONTINENT": "Asia", "area": 0.621248, "Type": 0, "Nation": "India", "Locations": "[74.6274500000000,24.6583800000000;74.6366800000000,24.6639300000000]", "ORIG_FID": 20721 }, "geometry": { "type": "Point", "coordinates": [ 74.632065, 24.661155 ] } },
{ "type": "Feature", "properties": { "Points_num": 148, "Min_date": "2013-08-31", "Max_date": "2021-10-03", "date2012_p": 0, "date2013_p": 0, "date2014_p": 8, "date2015_p": 7, "date2016_p": 11, "date2017_p": 15, "date2018_p": 0, "date2019_p": 8, "date2020_p": 3, "date2021_p": 3, "CONTINENT": "Asia", "area": 0.073182, "Type": 0, "Nation": "India", "Locations": "[74.6713400000000,24.7128400000000;74.6729800000000,24.7165200000000]", "ORIG_FID": 20722 }, "geometry": { "type": "Point", "coordinates": [ 74.67216, 24.71468 ] } },
{ "type": "Feature", "properties": { "Points_num": 105, "Min_date": "2013-10-03", "Max_date": "2019-03-05", "date2012_p": 0, "date2013_p": 0, "date2014_p": 4, "date2015_p": 4, "date2016_p": 19, "date2017_p": 16, "date2018_p": 0, "date2019_p": 1, "date2020_p": 0, "date2021_p": 0, "CONTINENT": "Asia", "area": 0.318364, "Type": 1, "Nation": "India", "Locations": "[75.1995700000000,26.7165500000000;75.2049300000000,26.7215200000000]", "ORIG_FID": 20723 }, "geometry": { "type": "Point", "coordinates": [ 75.20225, 26.719035 ] } },
{ "type": "Feature", "properties": { "Points_num": 93, "Min_date": "2012-01-23", "Max_date": "1899-12-30", "date2012_p": 15, "date2013_p": 15, "date2014_p": 8, "date2015_p": 7, "date2016_p": 0, "date2017_p": 0, "date2018_p": 0, "date2019_p": 0, "date2020_p": 0, "date2021_p": 0, "CONTINENT": "Asia", "area": 0.329007, "Type": 0, "Nation": "India", "Locations": "[75.5699500000000,26.8076800000000;75.5779100000000,26.8111300000000]", "ORIG_FID": 20724 }, "geometry": { "type": "Point", "coordinates": [ 75.57393, 26.809405 ] } },
{ "type": "Feature", "properties": { "Points_num": 1565, "Min_date": "2012-01-23", "Max_date": "2021-07-24", "date2012_p": 101, "date2013_p": 101, "date2014_p": 88, "date2015_p": 82, "date2016_p": 97, "date2017_p": 73, "date2018_p": 0, "date2019_p": 115, "date2020_p": 99, "date2021_p": 153, "CONTINENT": "Asia", "area": 0.366056, "Type": 0, "Nation": "India", "Locations": "[76.1267200000000,27.6653000000000;76.1331500000000,27.6700700000000]", "ORIG_FID": 20725 }, "geometry": { "type": "Point", "coordinates": [ 76.129935, 27.667685 ] } },
{ "type": "Feature", "properties": { "Points_num": 56, "Min_date": "2013-11-03", "Max_date": "2021-11-14", "date2012_p": 0, "date2013_p": 0, "date2014_p": 3, "date2015_p": 10, "date2016_p": 5, "date2017_p": 4, "date2018_p": 0, "date2019_p": 0, "date2020_p": 0, "date2021_p": 4, "CONTINENT": "Asia", "area": 0.155063, "Type": 0, "Nation": "India", "Locations": "[70.5353200000000,27.3336600000000;70.5392100000000,27.3371400000000]", "ORIG_FID": 20726 }, "geometry": { "type": "Point", "coordinates": [ 70.537265, 27.3354 ] } },
{ "type": "Feature", "properties": { "Points_num": 20, "Min_date": "2015-02-11", "Max_date": "2016-01-26", "date2012_p": 0, "date2013_p": 0, "date2014_p": 0, "date2015_p": 2, "date2016_p": 7, "date2017_p": 0, "date2018_p": 0, "date2019_p": 0, "date2020_p": 0, "date2021_p": 0, "CONTINENT": "Asia", "area": 0.192423, "Type": 0, "Nation": "India", "Locations": "[76.0979000000000,24.5232000000000;76.1021700000000,24.5268600000000]", "ORIG_FID": 20727 }, "geometry": { "type": "Point", "coordinates": [ 76.100035, 24.52503 ] } },
{ "type": "Feature", "properties": { "Points_num": 131, "Min_date": "2012-01-28", "Max_date": "2021-01-20", "date2012_p": 15, "date2013_p": 15, "date2014_p": 3, "date2015_p": 0, "date2016_p": 7, "date2017_p": 10, "date2018_p": 0, "date2019_p": 9, "date2020_p": 5, "date2021_p": 15, "CONTINENT": "Asia", "area": 0.131261, "Type": 0, "Nation": "India", "Locations": "[73.6828500000000,26.6033500000000;73.6863900000000,26.6064900000000]", "ORIG_FID": 20728 }, "geometry": { "type": "Point", "coordinates": [ 73.68462, 26.60492 ] } },
{ "type": "Feature", "properties": { "Points_num": 576, "Min_date": "2013-08-26", "Max_date": "2021-02-05", "date2012_p": 10, "date2013_p": 10, "date2014_p": 38, "date2015_p": 59, "date2016_p": 76, "date2017_p": 72, "date2018_p": 0, "date2019_p": 60, "date2020_p": 78, "date2021_p": 87, "CONTINENT": "Asia", "area": 0.408363, "Type": 0, "Nation": "India", "Locations": "[73.5131000000000,26.8705900000000;73.5182900000000,26.8772800000000]", "ORIG_FID": 20729 }, "geometry": { "type": "Point", "coordinates": [ 73.515695, 26.873935 ] } },
{ "type": "Feature", "properties": { "Points_num": 1216, "Min_date": "2012-01-20", "Max_date": "2021-12-18", "date2012_p": 61, "date2013_p": 61, "date2014_p": 89, "date2015_p": 78, "date2016_p": 88, "date2017_p": 81, "date2018_p": 0, "date2019_p": 109, "date2020_p": 47, "date2021_p": 63, "CONTINENT": "Asia", "area": 0.422858, "Type": 0, "Nation": "India", "Locations": "[75.9504400000000,24.7118400000000;75.9563600000000,24.7176600000000]", "ORIG_FID": 20730 }, "geometry": { "type": "Point", "coordinates": [ 75.9534, 24.71475 ] } },
{ "type": "Feature", "properties": { "Points_num": 98, "Min_date": "2012-03-14", "Max_date": "2020-02-24", "date2012_p": 7, "date2013_p": 7, "date2014_p": 1, "date2015_p": 11, "date2016_p": 6, "date2017_p": 4, "date2018_p": 0, "date2019_p": 4, "date2020_p": 13, "date2021_p": 0, "CONTINENT": "Asia", "area": 0.1496, "Type": 1, "Nation": "India", "Locations": "[73.7424700000000,26.6424700000000;73.7462400000000,26.6458300000000]", "ORIG_FID": 20731 }, "geometry": { "type": "Point", "coordinates": [ 73.744355, 26.64415 ] } },
{ "type": "Feature", "properties": { "Points_num": 1365, "Min_date": "2012-01-28", "Max_date": "2021-10-29", "date2012_p": 20, "date2013_p": 20, "date2014_p": 87, "date2015_p": 97, "date2016_p": 102, "date2017_p": 81, "date2018_p": 0, "date2019_p": 59, "date2020_p": 72, "date2021_p": 81, "CONTINENT": "Asia", "area": 1.03148, "Type": 0, "Nation": "India", "Locations": "[73.5121400000000,26.8705600000000;73.5197400000000,26.8821000000000]", "ORIG_FID": 20732 }, "geometry": { "type": "Point", "coordinates": [ 73.51594, 26.87633 ] } },
{ "type": "Feature", "properties": { "Points_num": 191, "Min_date": "2012-12-13", "Max_date": "2021-02-21", "date2012_p": 2, "date2013_p": 2, "date2014_p": 2, "date2015_p": 2, "date2016_p": 12, "date2017_p": 25, "date2018_p": 0, "date2019_p": 23, "date2020_p": 23, "date2021_p": 19, "CONTINENT": "Asia", "area": 0.194419, "Type": 0, "Nation": "India", "Locations": "[73.4659900000000,26.9254400000000;73.4703100000000,26.9292700000000]", "ORIG_FID": 20733 }, "geometry": { "type": "Point", "coordinates": [ 73.46815, 26.927355 ] } },
{ "type": "Feature", "properties": { "Points_num": 886, "Min_date": "2012-01-23", "Max_date": "2021-09-17", "date2012_p": 53, "date2013_p": 53, "date2014_p": 84, "date2015_p": 53, "date2016_p": 44, "date2017_p": 48, "date2018_p": 0, "date2019_p": 47, "date2020_p": 35, "date2021_p": 58, "CONTINENT": "Asia", "area": 0.357058, "Type": 0, "Nation": "India", "Locations": "[74.1228400000000,26.2950000000000;74.1285500000000,26.3002600000000]", "ORIG_FID": 20734 }, "geometry": { "type": "Point", "coordinates": [ 74.125695, 26.29763 ] } },
{ "type": "Feature", "properties": { "Points_num": 1388, "Min_date": "2012-01-22", "Max_date": "2021-10-14", "date2012_p": 60, "date2013_p": 60, "date2014_p": 65, "date2015_p": 65, "date2016_p": 70, "date2017_p": 129, "date2018_p": 0, "date2019_p": 110, "date2020_p": 117, "date2021_p": 136, "CONTINENT": "Asia", "area": 0.782628, "Type": 0, "Nation": "India", "Locations": "[74.1865300000000,26.2632800000000;74.1923000000000,26.2746800000000]", "ORIG_FID": 20735 }, "geometry": { "type": "Point", "coordinates": [ 74.189415, 26.26898 ] } },
{ "type": "Feature", "properties": { "Points_num": 1717, "Min_date": "2012-01-20", "Max_date": "2021-10-12", "date2012_p": 198, "date2013_p": 198, "date2014_p": 146, "date2015_p": 103, "date2016_p": 68, "date2017_p": 19, "date2018_p": 0, "date2019_p": 41, "date2020_p": 85, "date2021_p": 106, "CONTINENT": "Asia", "area": 0.476928, "Type": 0, "Nation": "India", "Locations": "[73.0912600000000,24.8181100000000;73.0977600000000,24.8242500000000]", "ORIG_FID": 20736 }, "geometry": { "type": "Point", "coordinates": [ 73.09451, 24.82118 ] } },
{ "type": "Feature", "properties": { "Points_num": 1995, "Min_date": "2012-01-21", "Max_date": "2021-02-08", "date2012_p": 102, "date2013_p": 102, "date2014_p": 112, "date2015_p": 130, "date2016_p": 128, "date2017_p": 138, "date2018_p": 0, "date2019_p": 137, "date2020_p": 113, "date2021_p": 165, "CONTINENT": "Asia", "area": 0.501518, "Type": 0, "Nation": "India", "Locations": "[72.9998400000000,24.6858100000000;73.0060000000000,24.6926200000000]", "ORIG_FID": 20737 }, "geometry": { "type": "Point", "coordinates": [ 73.00292, 24.689215 ] } },
{ "type": "Feature", "properties": { "Points_num": 266, "Min_date": "2013-08-26", "Max_date": "2021-12-06", "date2012_p": 0, "date2013_p": 0, "date2014_p": 36, "date2015_p": 26, "date2016_p": 42, "date2017_p": 16, "date2018_p": 0, "date2019_p": 5, "date2020_p": 0, "date2021_p": 1, "CONTINENT": "Asia", "area": 0.319008, "Type": 0, "Nation": "India", "Locations": "[73.8148300000000,24.6016300000000;73.8211500000000,24.6058200000000]", "ORIG_FID": 20738 }, "geometry": { "type": "Point", "coordinates": [ 73.81799, 24.603725 ] } },
{ "type": "Feature", "properties": { "Points_num": 56, "Min_date": "2016-11-22", "Max_date": "2021-11-04", "date2012_p": 0, "date2013_p": 0, "date2014_p": 0, "date2015_p": 0, "date2016_p": 2, "date2017_p": 2, "date2018_p": 0, "date2019_p": 9, "date2020_p": 17, "date2021_p": 6, "CONTINENT": "Asia", "area": 0.085735, "Type": 0, "Nation": "India", "Locations": "[73.8735700000000,24.6564300000000;73.8763500000000,24.6589900000000]", "ORIG_FID": 20739 }, "geometry": { "type": "Point", "coordinates": [ 73.87496, 24.65771 ] } },
{ "type": "Feature", "properties": { "Points_num": 310, "Min_date": "2013-03-28", "Max_date": "2021-02-14", "date2012_p": 0, "date2013_p": 0, "date2014_p": 7, "date2015_p": 9, "date2016_p": 11, "date2017_p": 16, "date2018_p": 38, "date2019_p": 33, "date2020_p": 18, "date2021_p": 17, "CONTINENT": "Asia", "area": 0.300981, "Type": 0, "Nation": "India", "Locations": "[79.0864000000000,11.1737500000000;79.0909300000000,11.1785000000000]", "ORIG_FID": 20740 }, "geometry": { "type": "Point", "coordinates": [ 79.088665, 11.176125 ] } },
{ "type": "Feature", "properties": { "Points_num": 348, "Min_date": "2012-01-20", "Max_date": "2021-05-28", "date2012_p": 10, "date2013_p": 10, "date2014_p": 2, "date2015_p": 39, "date2016_p": 35, "date2017_p": 26, "date2018_p": 16, "date2019_p": 21, "date2020_p": 6, "date2021_p": 15, "CONTINENT": "Asia", "area": 0.265074, "Type": 0, "Nation": "India", "Locations": "[79.6979100000000,12.6412500000000;79.7017800000000,12.6461400000000]", "ORIG_FID": 20741 }, "geometry": { "type": "Point", "coordinates": [ 79.699845, 12.643695 ] } },
{ "type": "Feature", "properties": { "Points_num": 337, "Min_date": "2018-03-17", "Max_date": "2021-03-14", "date2012_p": 0, "date2013_p": 0, "date2014_p": 0, "date2015_p": 0, "date2016_p": 0, "date2017_p": 0, "date2018_p": 28, "date2019_p": 76, "date2020_p": 110, "date2021_p": 35, "CONTINENT": "Asia", "area": 0.275821, "Type": 0, "Nation": "India", "Locations": "[79.8048800000000,11.3020300000000;79.8095200000000,11.3062400000000]", "ORIG_FID": 20742 }, "geometry": { "type": "Point", "coordinates": [ 79.8072, 11.304135 ] } },
{ "type": "Feature", "properties": { "Points_num": 3111, "Min_date": "2012-01-20", "Max_date": "2021-05-15", "date2012_p": 252, "date2013_p": 252, "date2014_p": 226, "date2015_p": 183, "date2016_p": 156, "date2017_p": 89, "date2018_p": 128, "date2019_p": 144, "date2020_p": 91, "date2021_p": 68, "CONTINENT": "Asia", "area": 0.921704, "Type": 0, "Nation": "India", "Locations": "[77.9185900000000,11.8062700000000;77.9283300000000,11.8131600000000]", "ORIG_FID": 20743 }, "geometry": { "type": "Point", "coordinates": [ 77.92346, 11.809715 ] } },
{ "type": "Feature", "properties": { "Points_num": 1452, "Min_date": "2012-01-20", "Max_date": "2021-02-13", "date2012_p": 78, "date2013_p": 78, "date2014_p": 83, "date2015_p": 51, "date2016_p": 60, "date2017_p": 57, "date2018_p": 101, "date2019_p": 81, "date2020_p": 72, "date2021_p": 106, "CONTINENT": "Asia", "area": 0.732503, "Type": 0, "Nation": "India", "Locations": "[77.9125500000000,11.8130800000000;77.9210300000000,11.8193700000000]", "ORIG_FID": 20744 }, "geometry": { "type": "Point", "coordinates": [ 77.91679, 11.816225 ] } },
{ "type": "Feature", "properties": { "Points_num": 880, "Min_date": "2012-02-10", "Max_date": "2021-12-28", "date2012_p": 12, "date2013_p": 12, "date2014_p": 21, "date2015_p": 74, "date2016_p": 89, "date2017_p": 62, "date2018_p": 61, "date2019_p": 56, "date2020_p": 12, "date2021_p": 25, "CONTINENT": "Asia", "area": 0.967446, "Type": 0, "Nation": "India", "Locations": "[80.0844000000000,13.4163600000000;80.0935000000000,13.4239400000000]", "ORIG_FID": 20745 }, "geometry": { "type": "Point", "coordinates": [ 80.08895, 13.42015 ] } },
{ "type": "Feature", "properties": { "Points_num": 2952, "Min_date": "2012-01-31", "Max_date": "2021-10-25", "date2012_p": 54, "date2013_p": 54, "date2014_p": 41, "date2015_p": 98, "date2016_p": 252, "date2017_p": 178, "date2018_p": 329, "date2019_p": 153, "date2020_p": 69, "date2021_p": 59, "CONTINENT": "Asia", "area": 1.6592, "Type": 0, "Nation": "India", "Locations": "[80.2776800000000,13.1557500000000;80.2906400000000,13.1648400000000]", "ORIG_FID": 20746 }, "geometry": { "type": "Point", "coordinates": [ 80.28416, 13.160295 ] } },
{ "type": "Feature", "properties": { "Points_num": 146, "Min_date": "2012-02-04", "Max_date": "2021-03-01", "date2012_p": 2, "date2013_p": 2, "date2014_p": 2, "date2015_p": 2, "date2016_p": 10, "date2017_p": 5, "date2018_p": 22, "date2019_p": 3, "date2020_p": 3, "date2021_p": 3, "CONTINENT": "Asia", "area": 0.355507, "Type": 0, "Nation": "India", "Locations": "[79.9092300000000,12.9858400000000;79.9142700000000,12.9908700000000]", "ORIG_FID": 20747 }, "geometry": { "type": "Point", "coordinates": [ 79.91175, 12.988355 ] } },
{ "type": "Feature", "properties": { "Points_num": 381, "Min_date": "2015-01-29", "Max_date": "2021-05-16", "date2012_p": 0, "date2013_p": 0, "date2014_p": 0, "date2015_p": 2, "date2016_p": 0, "date2017_p": 0, "date2018_p": 30, "date2019_p": 73, "date2020_p": 99, "date2021_p": 83, "CONTINENT": "Asia", "area": 0.310592, "Type": 0, "Nation": "India", "Locations": "[79.3045200000000,10.8108700000000;79.3090400000000,10.8157600000000]", "ORIG_FID": 20748 }, "geometry": { "type": "Point", "coordinates": [ 79.30678, 10.813315 ] } },
{ "type": "Feature", "properties": { "Points_num": 26, "Min_date": "2014-04-09", "Max_date": "2015-02-05", "date2012_p": 0, "date2013_p": 0, "date2014_p": 1, "date2015_p": 11, "date2016_p": 0, "date2017_p": 0, "date2018_p": 0, "date2019_p": 0, "date2020_p": 0, "date2021_p": 0, "CONTINENT": "Asia", "area": 0.325095, "Type": 0, "Nation": "India", "Locations": "[79.6694300000000,10.7519200000000;79.6737800000000,10.7572100000000]", "ORIG_FID": 20749 }, "geometry": { "type": "Point", "coordinates": [ 79.671605, 10.754565 ] } },
{ "type": "Feature", "properties": { "Points_num": 94, "Min_date": "2014-12-04", "Max_date": "2021-12-23", "date2012_p": 0, "date2013_p": 0, "date2014_p": 2, "date2015_p": 7, "date2016_p": 9, "date2017_p": 6, "date2018_p": 7, "date2019_p": 5, "date2020_p": 7, "date2021_p": 5, "CONTINENT": "Asia", "area": 0.351922, "Type": 1, "Nation": "India", "Locations": "[78.7876400000000,10.7639000000000;78.7940400000000,10.7678400000000]", "ORIG_FID": 20750 }, "geometry": { "type": "Point", "coordinates": [ 78.79084, 10.76587 ] } },
{ "type": "Feature", "properties": { "Points_num": 88, "Min_date": "2014-12-15", "Max_date": "2021-11-21", "date2012_p": 0, "date2013_p": 0, "date2014_p": 1, "date2015_p": 2, "date2016_p": 7, "date2017_p": 3, "date2018_p": 12, "date2019_p": 3, "date2020_p": 4, "date2021_p": 4, "CONTINENT": "Asia", "area": 0.269486, "Type": 1, "Nation": "India", "Locations": "[78.7892800000000,10.7593700000000;78.7935900000000,10.7638500000000]", "ORIG_FID": 20751 }, "geometry": { "type": "Point", "coordinates": [ 78.791435, 10.76161 ] } },
{ "type": "Feature", "properties": { "Points_num": 103, "Min_date": "2012-01-30", "Max_date": "2017-02-11", "date2012_p": 16, "date2013_p": 16, "date2014_p": 2, "date2015_p": 3, "date2016_p": 10, "date2017_p": 7, "date2018_p": 0, "date2019_p": 0, "date2020_p": 0, "date2021_p": 0, "CONTINENT": "Asia", "area": 0.466711, "Type": 0, "Nation": "India", "Locations": "[77.6594800000000,8.63123000000000;77.6648500000000,8.63750000000000]", "ORIG_FID": 20752 }, "geometry": { "type": "Point", "coordinates": [ 77.662165, 8.634365 ] } },
{ "type": "Feature", "properties": { "Points_num": 125, "Min_date": "2012-02-04", "Max_date": "2015-03-21", "date2012_p": 22, "date2013_p": 22, "date2014_p": 20, "date2015_p": 5, "date2016_p": 0, "date2017_p": 0, "date2018_p": 0, "date2019_p": 0, "date2020_p": 0, "date2021_p": 0, "CONTINENT": "Asia", "area": 0.178352, "Type": 0, "Nation": "India", "Locations": "[77.5664400000000,10.9621100000000;77.5700500000000,10.9657100000000]", "ORIG_FID": 20753 }, "geometry": { "type": "Point", "coordinates": [ 77.568245, 10.96391 ] } },
{ "type": "Feature", "properties": { "Points_num": 77, "Min_date": "2012-01-26", "Max_date": "2012-02-26", "date2012_p": 25, "date2013_p": 25, "date2014_p": 0, "date2015_p": 0, "date2016_p": 0, "date2017_p": 0, "date2018_p": 0, "date2019_p": 0, "date2020_p": 0, "date2021_p": 0, "CONTINENT": "Asia", "area": 0.404496, "Type": 0, "Nation": "India", "Locations": "[77.5972300000000,10.9665300000000;77.6021000000000,10.9725800000000]", "ORIG_FID": 20754 }, "geometry": { "type": "Point", "coordinates": [ 77.599665, 10.969555 ] } },
{ "type": "Feature", "properties": { "Points_num": 30, "Min_date": "2015-07-06", "Max_date": "2017-02-02", "date2012_p": 0, "date2013_p": 0, "date2014_p": 0, "date2015_p": 1, "date2016_p": 9, "date2017_p": 4, "date2018_p": 0, "date2019_p": 0, "date2020_p": 0, "date2021_p": 0, "CONTINENT": "Asia", "area": 0.13944, "Type": 0, "Nation": "India", "Locations": "[77.4164300000000,10.7450900000000;77.4204500000000,10.7476200000000]", "ORIG_FID": 20755 }, "geometry": { "type": "Point", "coordinates": [ 77.41844, 10.746355 ] } },
{ "type": "Feature", "properties": { "Points_num": 51, "Min_date": "2017-11-22", "Max_date": "2021-02-24", "date2012_p": 0, "date2013_p": 0, "date2014_p": 0, "date2015_p": 0, "date2016_p": 0, "date2017_p": 4, "date2018_p": 5, "date2019_p": 2, "date2020_p": 6, "date2021_p": 13, "CONTINENT": "Asia", "area": 0.095951, "Type": 0, "Nation": "India", "Locations": "[77.0636800000000,10.9291800000000;77.0676100000000,10.9309700000000]", "ORIG_FID": 20756 }, "geometry": { "type": "Point", "coordinates": [ 77.065645, 10.930075 ] } },
{ "type": "Feature", "properties": { "Points_num": 201, "Min_date": "2012-02-24", "Max_date": "2021-02-23", "date2012_p": 1, "date2013_p": 1, "date2014_p": 9, "date2015_p": 2, "date2016_p": 42, "date2017_p": 13, "date2018_p": 6, "date2019_p": 19, "date2020_p": 5, "date2021_p": 9, "CONTINENT": "Asia", "area": 0.232619, "Type": 1, "Nation": "India", "Locations": "[77.3013900000000,10.9004100000000;77.3054000000000,10.9046500000000]", "ORIG_FID": 20757 }, "geometry": { "type": "Point", "coordinates": [ 77.303395, 10.90253 ] } },
{ "type": "Feature", "properties": { "Points_num": 19, "Min_date": "2015-05-27", "Max_date": "2016-05-21", "date2012_p": 0, "date2013_p": 0, "date2014_p": 0, "date2015_p": 5, "date2016_p": 4, "date2017_p": 0, "date2018_p": 0, "date2019_p": 0, "date2020_p": 0, "date2021_p": 0, "CONTINENT": "Asia", "area": 0.204617, "Type": 0, "Nation": "India", "Locations": "[79.2857800000000,19.2385000000000;79.2897300000000,19.2423800000000]", "ORIG_FID": 20758 }, "geometry": { "type": "Point", "coordinates": [ 79.287755, 19.24044 ] } },
{ "type": "Feature", "properties": { "Points_num": 174, "Min_date": "2013-11-09", "Max_date": "2020-01-14", "date2012_p": 0, "date2013_p": 0, "date2014_p": 3, "date2015_p": 39, "date2016_p": 15, "date2017_p": 12, "date2018_p": 7, "date2019_p": 1, "date2020_p": 2, "date2021_p": 0, "CONTINENT": "Asia", "area": 0.372193, "Type": 1, "Nation": "India", "Locations": "[79.5488800000000,18.6728700000000;79.5540800000000,18.6781900000000]", "ORIG_FID": 20759 }, "geometry": { "type": "Point", "coordinates": [ 79.55148, 18.67553 ] } },
{ "type": "Feature", "properties": { "Points_num": 2967, "Min_date": "2012-05-31", "Max_date": "2021-05-04", "date2012_p": 2, "date2013_p": 2, "date2014_p": 17, "date2015_p": 25, "date2016_p": 17, "date2017_p": 174, "date2018_p": 549, "date2019_p": 165, "date2020_p": 50, "date2021_p": 77, "CONTINENT": "Asia", "area": 4.54895, "Type": 1, "Nation": "India", "Locations": "[79.5454900000000,18.6518300000000;79.5616500000000,18.6727500000000]", "ORIG_FID": 20760 }, "geometry": { "type": "Point", "coordinates": [ 79.55357, 18.66229 ] } },
{ "type": "Feature", "properties": { "Points_num": 162, "Min_date": "2012-01-22", "Max_date": "2021-05-04", "date2012_p": 10, "date2013_p": 10, "date2014_p": 27, "date2015_p": 27, "date2016_p": 0, "date2017_p": 1, "date2018_p": 0, "date2019_p": 0, "date2020_p": 2, "date2021_p": 11, "CONTINENT": "Asia", "area": 0.468897, "Type": 0, "Nation": "India", "Locations": "[79.5352100000000,18.7011400000000;79.5401000000000,18.7082700000000]", "ORIG_FID": 20761 }, "geometry": { "type": "Point", "coordinates": [ 79.537655, 18.704705 ] } },
{ "type": "Feature", "properties": { "Points_num": 23, "Min_date": "2014-12-21", "Max_date": "2015-02-12", "date2012_p": 0, "date2013_p": 0, "date2014_p": 2, "date2015_p": 9, "date2016_p": 0, "date2017_p": 0, "date2018_p": 0, "date2019_p": 0, "date2020_p": 0, "date2021_p": 0, "CONTINENT": "Asia", "area": 0.115823, "Type": 0, "Nation": "India", "Locations": "[79.5180500000000,18.7184200000000;79.5216100000000,18.7208400000000]", "ORIG_FID": 20762 }, "geometry": { "type": "Point", "coordinates": [ 79.51983, 18.71963 ] } },
{ "type": "Feature", "properties": { "Points_num": 28, "Min_date": "2013-05-24", "Max_date": "2015-02-13", "date2012_p": 0, "date2013_p": 0, "date2014_p": 5, "date2015_p": 8, "date2016_p": 0, "date2017_p": 0, "date2018_p": 0, "date2019_p": 0, "date2020_p": 0, "date2021_p": 0, "CONTINENT": "Asia", "area": 0.190356, "Type": 0, "Nation": "India", "Locations": "[79.5257600000000,18.7129500000000;79.5307100000000,18.7158100000000]", "ORIG_FID": 20763 }, "geometry": { "type": "Point", "coordinates": [ 79.528235, 18.71438 ] } },
{ "type": "Feature", "properties": { "Points_num": 92, "Min_date": "2016-02-17", "Max_date": "2016-02-24", "date2012_p": 0, "date2013_p": 0, "date2014_p": 0, "date2015_p": 0, "date2016_p": 45, "date2017_p": 0, "date2018_p": 0, "date2019_p": 0, "date2020_p": 0, "date2021_p": 0, "CONTINENT": "Asia", "area": 0.432761, "Type": 0, "Nation": "India", "Locations": "[79.4747200000000,18.7924600000000;79.4796400000000,18.7990100000000]", "ORIG_FID": 20764 }, "geometry": { "type": "Point", "coordinates": [ 79.47718, 18.795735 ] } },
{ "type": "Feature", "properties": { "Points_num": 138, "Min_date": "2012-01-21", "Max_date": "2021-05-12", "date2012_p": 18, "date2013_p": 18, "date2014_p": 0, "date2015_p": 0, "date2016_p": 0, "date2017_p": 16, "date2018_p": 8, "date2019_p": 12, "date2020_p": 4, "date2021_p": 2, "CONTINENT": "Asia", "area": 0.361213, "Type": 0, "Nation": "India", "Locations": "[80.7838400000000,17.9449800000000;80.7889600000000,17.9501100000000]", "ORIG_FID": 20765 }, "geometry": { "type": "Point", "coordinates": [ 80.7864, 17.947545 ] } },
{ "type": "Feature", "properties": { "Points_num": 176, "Min_date": "2012-01-20", "Max_date": "2020-04-24", "date2012_p": 53, "date2013_p": 53, "date2014_p": 0, "date2015_p": 0, "date2016_p": 0, "date2017_p": 2, "date2018_p": 2, "date2019_p": 1, "date2020_p": 1, "date2021_p": 0, "CONTINENT": "Asia", "area": 0.204945, "Type": 1, "Nation": "India", "Locations": "[80.7791500000000,17.9469600000000;80.7836800000000,17.9502500000000]", "ORIG_FID": 20766 }, "geometry": { "type": "Point", "coordinates": [ 80.781415, 17.948605 ] } },
{ "type": "Feature", "properties": { "Points_num": 323, "Min_date": "2012-01-23", "Max_date": "2020-04-29", "date2012_p": 87, "date2013_p": 87, "date2014_p": 1, "date2015_p": 8, "date2016_p": 2, "date2017_p": 1, "date2018_p": 6, "date2019_p": 7, "date2020_p": 2, "date2021_p": 0, "CONTINENT": "Asia", "area": 0.368269, "Type": 0, "Nation": "India", "Locations": "[80.7806700000000,17.9503000000000;80.7872500000000,17.9543700000000]", "ORIG_FID": 20767 }, "geometry": { "type": "Point", "coordinates": [ 80.78396, 17.952335 ] } },
{ "type": "Feature", "properties": { "Points_num": 39, "Min_date": "2012-02-07", "Max_date": "2012-03-06", "date2012_p": 12, "date2013_p": 12, "date2014_p": 0, "date2015_p": 0, "date2016_p": 0, "date2017_p": 0, "date2018_p": 0, "date2019_p": 0, "date2020_p": 0, "date2021_p": 0, "CONTINENT": "Asia", "area": 0.084862, "Type": 0, "Nation": "India", "Locations": "[80.7792700000000,17.9525500000000;80.7807500000000,17.9567200000000]", "ORIG_FID": 20768 }, "geometry": { "type": "Point", "coordinates": [ 80.78001, 17.954635 ] } },
{ "type": "Feature", "properties": { "Points_num": 710, "Min_date": "2012-01-20", "Max_date": "2021-11-23", "date2012_p": 73, "date2013_p": 73, "date2014_p": 21, "date2015_p": 0, "date2016_p": 0, "date2017_p": 0, "date2018_p": 37, "date2019_p": 146, "date2020_p": 36, "date2021_p": 99, "CONTINENT": "Asia", "area": 0.810187, "Type": 0, "Nation": "India", "Locations": "[80.7601200000000,17.9457600000000;80.7663300000000,17.9552500000000]", "ORIG_FID": 20769 }, "geometry": { "type": "Point", "coordinates": [ 80.763225, 17.950505 ] } },
{ "type": "Feature", "properties": { "Points_num": 8835, "Min_date": "2012-01-20", "Max_date": "2021-10-03", "date2012_p": 311, "date2013_p": 311, "date2014_p": 529, "date2015_p": 415, "date2016_p": 735, "date2017_p": 1019, "date2018_p": 418, "date2019_p": 136, "date2020_p": 158, "date2021_p": 147, "CONTINENT": "Asia", "area": 3.16325, "Type": 0, "Nation": "India", "Locations": "[80.7937000000000,17.9466800000000;80.8106100000000,17.9602800000000]", "ORIG_FID": 20770 }, "geometry": { "type": "Point", "coordinates": [ 80.802155, 17.95348 ] } },
{ "type": "Feature", "properties": { "Points_num": 90, "Min_date": "2017-04-18", "Max_date": "2019-05-30", "date2012_p": 0, "date2013_p": 0, "date2014_p": 0, "date2015_p": 0, "date2016_p": 0, "date2017_p": 42, "date2018_p": 1, "date2019_p": 1, "date2020_p": 0, "date2021_p": 0, "CONTINENT": "Asia", "area": 0.382011, "Type": 0, "Nation": "India", "Locations": "[80.8274600000000,17.9678500000000;80.8320800000000,17.9738600000000]", "ORIG_FID": 20771 }, "geometry": { "type": "Point", "coordinates": [ 80.82977, 17.970855 ] } },
{ "type": "Feature", "properties": { "Points_num": 54, "Min_date": "2016-03-15", "Max_date": "2021-10-08", "date2012_p": 0, "date2013_p": 0, "date2014_p": 0, "date2015_p": 0, "date2016_p": 10, "date2017_p": 2, "date2018_p": 5, "date2019_p": 4, "date2020_p": 2, "date2021_p": 3, "CONTINENT": "Asia", "area": 0.301914, "Type": 0, "Nation": "India", "Locations": "[81.1087800000000,17.2400300000000;81.1131900000000,17.2449600000000]", "ORIG_FID": 20772 }, "geometry": { "type": "Point", "coordinates": [ 81.110985, 17.242495 ] } },
{ "type": "Feature", "properties": { "Points_num": 464, "Min_date": "2012-01-20", "Max_date": "1899-12-30", "date2012_p": 130, "date2013_p": 130, "date2014_p": 6, "date2015_p": 2, "date2016_p": 0, "date2017_p": 3, "date2018_p": 10, "date2019_p": 3, "date2020_p": 0, "date2021_p": 0, "CONTINENT": "Asia", "area": 0.980555, "Type": 0, "Nation": "India", "Locations": "[80.6503800000000,17.4558200000000;80.6576800000000,17.4655700000000]", "ORIG_FID": 20773 }, "geometry": { "type": "Point", "coordinates": [ 80.65403, 17.460695 ] } },
{ "type": "Feature", "properties": { "Points_num": 415, "Min_date": "2017-12-02", "Max_date": "2021-02-14", "date2012_p": 0, "date2013_p": 0, "date2014_p": 0, "date2015_p": 0, "date2016_p": 0, "date2017_p": 3, "date2018_p": 60, "date2019_p": 107, "date2020_p": 58, "date2021_p": 2, "CONTINENT": "Asia", "area": 0.460638, "Type": 0, "Nation": "India", "Locations": "[80.3170500000000,17.5745700000000;80.3227000000000,17.5805200000000]", "ORIG_FID": 20774 }, "geometry": { "type": "Point", "coordinates": [ 80.319875, 17.577545 ] } },
{ "type": "Feature", "properties": { "Points_num": 251, "Min_date": "2013-02-17", "Max_date": "2020-02-05", "date2012_p": 0, "date2013_p": 0, "date2014_p": 0, "date2015_p": 0, "date2016_p": 0, "date2017_p": 15, "date2018_p": 52, "date2019_p": 0, "date2020_p": 1, "date2021_p": 0, "CONTINENT": "Asia", "area": 0.561791, "Type": 0, "Nation": "India", "Locations": "[80.3206300000000,17.5710800000000;80.3296400000000,17.5756300000000]", "ORIG_FID": 20775 }, "geometry": { "type": "Point", "coordinates": [ 80.325135, 17.573355 ] } },
{ "type": "Feature", "properties": { "Points_num": 73, "Min_date": "2015-10-02", "Max_date": "2020-12-09", "date2012_p": 0, "date2013_p": 0, "date2014_p": 0, "date2015_p": 3, "date2016_p": 3, "date2017_p": 8, "date2018_p": 8, "date2019_p": 5, "date2020_p": 6, "date2021_p": 0, "CONTINENT": "Asia", "area": 0.259198, "Type": 1, "Nation": "India", "Locations": "[78.1278500000000,17.0389700000000;78.1325100000000,17.0431300000000]", "ORIG_FID": 20776 }, "geometry": { "type": "Point", "coordinates": [ 78.13018, 17.04105 ] } },
{ "type": "Feature", "properties": { "Points_num": 1094, "Min_date": "2012-01-20", "Max_date": "2021-10-13", "date2012_p": 58, "date2013_p": 58, "date2014_p": 45, "date2015_p": 38, "date2016_p": 2, "date2017_p": 1, "date2018_p": 89, "date2019_p": 140, "date2020_p": 118, "date2021_p": 119, "CONTINENT": "Asia", "area": 0.635573, "Type": 0, "Nation": "India", "Locations": "[78.2202100000000,17.1429200000000;78.2274200000000,17.1495100000000]", "ORIG_FID": 20777 }, "geometry": { "type": "Point", "coordinates": [ 78.223815, 17.146215 ] } },
{ "type": "Feature", "properties": { "Points_num": 86, "Min_date": "2012-01-20", "Max_date": "1899-12-30", "date2012_p": 27, "date2013_p": 27, "date2014_p": 0, "date2015_p": 0, "date2016_p": 0, "date2017_p": 0, "date2018_p": 0, "date2019_p": 0, "date2020_p": 0, "date2021_p": 0, "CONTINENT": "Asia", "area": 0.389205, "Type": 0, "Nation": "India", "Locations": "[78.1636400000000,17.0833800000000;78.1690700000000,17.0887400000000]", "ORIG_FID": 20778 }, "geometry": { "type": "Point", "coordinates": [ 78.166355, 17.08606 ] } },
{ "type": "Feature", "properties": { "Points_num": 57, "Min_date": "2016-11-18", "Max_date": "2020-03-03", "date2012_p": 0, "date2013_p": 0, "date2014_p": 0, "date2015_p": 0, "date2016_p": 2, "date2017_p": 4, "date2018_p": 9, "date2019_p": 4, "date2020_p": 2, "date2021_p": 0, "CONTINENT": "Asia", "area": 0.158209, "Type": 0, "Nation": "India", "Locations": "[78.7204700000000,17.4726200000000;78.7241400000000,17.4758300000000]", "ORIG_FID": 20779 }, "geometry": { "type": "Point", "coordinates": [ 78.722305, 17.474225 ] } },
{ "type": "Feature", "properties": { "Points_num": 304, "Min_date": "2012-01-30", "Max_date": "2021-12-08", "date2012_p": 27, "date2013_p": 27, "date2014_p": 19, "date2015_p": 14, "date2016_p": 3, "date2017_p": 16, "date2018_p": 17, "date2019_p": 8, "date2020_p": 10, "date2021_p": 12, "CONTINENT": "Asia", "area": 0.179995, "Type": 0, "Nation": "India", "Locations": "[79.9141500000000,16.8085000000000;79.9178400000000,16.8120600000000]", "ORIG_FID": 20780 }, "geometry": { "type": "Point", "coordinates": [ 79.915995, 16.81028 ] } },
{ "type": "Feature", "properties": { "Points_num": 151, "Min_date": "2012-10-12", "Max_date": "2021-02-22", "date2012_p": 2, "date2013_p": 2, "date2014_p": 8, "date2015_p": 8, "date2016_p": 8, "date2017_p": 8, "date2018_p": 9, "date2019_p": 7, "date2020_p": 10, "date2021_p": 10, "CONTINENT": "Asia", "area": 0.121748, "Type": 0, "Nation": "India", "Locations": "[80.0352100000000,16.8299800000000;80.0382800000000,16.8328700000000]", "ORIG_FID": 20781 }, "geometry": { "type": "Point", "coordinates": [ 80.036745, 16.831425 ] } },
{ "type": "Feature", "properties": { "Points_num": 234, "Min_date": "2012-01-21", "Max_date": "2021-11-06", "date2012_p": 2, "date2013_p": 2, "date2014_p": 8, "date2015_p": 4, "date2016_p": 10, "date2017_p": 16, "date2018_p": 21, "date2019_p": 18, "date2020_p": 26, "date2021_p": 19, "CONTINENT": "Asia", "area": 0.409992, "Type": 0, "Nation": "India", "Locations": "[79.8129300000000,16.7130200000000;79.8201800000000,16.7171500000000]", "ORIG_FID": 20782 }, "geometry": { "type": "Point", "coordinates": [ 79.816555, 16.715085 ] } },
{ "type": "Feature", "properties": { "Points_num": 493, "Min_date": "2012-02-01", "Max_date": "2021-01-13", "date2012_p": 17, "date2013_p": 17, "date2014_p": 36, "date2015_p": 0, "date2016_p": 16, "date2017_p": 22, "date2018_p": 37, "date2019_p": 24, "date2020_p": 34, "date2021_p": 41, "CONTINENT": "Asia", "area": 0.502728, "Type": 1, "Nation": "India", "Locations": "[79.6453300000000,16.6935900000000;79.6522200000000,16.6989300000000]", "ORIG_FID": 20783 }, "geometry": { "type": "Point", "coordinates": [ 79.648775, 16.69626 ] } },
{ "type": "Feature", "properties": { "Points_num": 68, "Min_date": "2013-01-17", "Max_date": "2018-01-27", "date2012_p": 0, "date2013_p": 0, "date2014_p": 6, "date2015_p": 5, "date2016_p": 3, "date2017_p": 10, "date2018_p": 4, "date2019_p": 0, "date2020_p": 0, "date2021_p": 0, "CONTINENT": "Asia", "area": 0.162981, "Type": 1, "Nation": "India", "Locations": "[78.4365800000000,17.3127300000000;78.4410200000000,17.3154700000000]", "ORIG_FID": 20784 }, "geometry": { "type": "Point", "coordinates": [ 78.4388, 17.3141 ] } },
{ "type": "Feature", "properties": { "Points_num": 190, "Min_date": "2012-01-26", "Max_date": "2021-09-11", "date2012_p": 12, "date2013_p": 12, "date2014_p": 15, "date2015_p": 3, "date2016_p": 7, "date2017_p": 2, "date2018_p": 19, "date2019_p": 5, "date2020_p": 7, "date2021_p": 2, "CONTINENT": "Asia", "area": 0.345978, "Type": 0, "Nation": "India", "Locations": "[77.4811300000000,17.3302000000000;77.4864300000000,17.3351300000000]", "ORIG_FID": 20785 }, "geometry": { "type": "Point", "coordinates": [ 77.48378, 17.332665 ] } },
{ "type": "Feature", "properties": { "Points_num": 38, "Min_date": "2012-12-03", "Max_date": "1899-12-30", "date2012_p": 7, "date2013_p": 7, "date2014_p": 5, "date2015_p": 1, "date2016_p": 0, "date2017_p": 0, "date2018_p": 0, "date2019_p": 0, "date2020_p": 0, "date2021_p": 0, "CONTINENT": "Asia", "area": 0.276945, "Type": 0, "Nation": "India", "Locations": "[91.1951500000000,23.6255400000000;91.1989600000000,23.6302600000000]", "ORIG_FID": 20786 }, "geometry": { "type": "Point", "coordinates": [ 91.197055, 23.6279 ] } },
{ "type": "Feature", "properties": { "Points_num": 282, "Min_date": "2012-01-24", "Max_date": "2021-02-19", "date2012_p": 9, "date2013_p": 9, "date2014_p": 51, "date2015_p": 23, "date2016_p": 15, "date2017_p": 14, "date2018_p": 0, "date2019_p": 2, "date2020_p": 7, "date2021_p": 3, "CONTINENT": "Asia", "area": 0.832617, "Type": 0, "Nation": "India", "Locations": "[91.3363200000000,23.7413500000000;91.3439800000000,23.7484000000000]", "ORIG_FID": 20787 }, "geometry": { "type": "Point", "coordinates": [ 91.34015, 23.744875 ] } },
{ "type": "Feature", "properties": { "Points_num": 4196, "Min_date": "2012-01-27", "Max_date": "2021-08-21", "date2012_p": 147, "date2013_p": 147, "date2014_p": 222, "date2015_p": 420, "date2016_p": 821, "date2017_p": 633, "date2018_p": 0, "date2019_p": 313, "date2020_p": 279, "date2021_p": 179, "CONTINENT": "Asia", "area": 1.56588, "Type": 0, "Nation": "India", "Locations": "[79.4760000000000,26.6360200000000;79.4880900000000,26.6463900000000]", "ORIG_FID": 20788 }, "geometry": { "type": "Point", "coordinates": [ 79.482045, 26.641205 ] } },
{ "type": "Feature", "properties": { "Points_num": 2477, "Min_date": "2012-01-21", "Max_date": "2021-06-01", "date2012_p": 19, "date2013_p": 19, "date2014_p": 33, "date2015_p": 60, "date2016_p": 112, "date2017_p": 79, "date2018_p": 0, "date2019_p": 44, "date2020_p": 30, "date2021_p": 26, "CONTINENT": "Asia", "area": 1.81447, "Type": 0, "Nation": "India", "Locations": "[79.4707600000000,26.6376800000000;79.4846100000000,26.6481700000000]", "ORIG_FID": 20789 }, "geometry": { "type": "Point", "coordinates": [ 79.477685, 26.642925 ] } },
{ "type": "Feature", "properties": { "Points_num": 180, "Min_date": "2012-01-24", "Max_date": "2017-02-07", "date2012_p": 28, "date2013_p": 28, "date2014_p": 3, "date2015_p": 15, "date2016_p": 14, "date2017_p": 14, "date2018_p": 0, "date2019_p": 0, "date2020_p": 0, "date2021_p": 0, "CONTINENT": "Asia", "area": 0.24638, "Type": 0, "Nation": "India", "Locations": "[83.0873300000000,25.2904200000000;83.0920600000000,25.2943500000000]", "ORIG_FID": 20790 }, "geometry": { "type": "Point", "coordinates": [ 83.089695, 25.292385 ] } },
{ "type": "Feature", "properties": { "Points_num": 122, "Min_date": "2012-03-02", "Max_date": "2021-12-29", "date2012_p": 13, "date2013_p": 13, "date2014_p": 11, "date2015_p": 9, "date2016_p": 12, "date2017_p": 7, "date2018_p": 0, "date2019_p": 8, "date2020_p": 3, "date2021_p": 7, "CONTINENT": "Asia", "area": 0.104132, "Type": 0, "Nation": "India", "Locations": "[83.0134500000000,25.3085300000000;83.0163000000000,25.3112900000000]", "ORIG_FID": 20791 }, "geometry": { "type": "Point", "coordinates": [ 83.014875, 25.30991 ] } },
{ "type": "Feature", "properties": { "Points_num": 86, "Min_date": "2012-01-24", "Max_date": "2017-01-21", "date2012_p": 12, "date2013_p": 12, "date2014_p": 8, "date2015_p": 4, "date2016_p": 3, "date2017_p": 4, "date2018_p": 0, "date2019_p": 0, "date2020_p": 0, "date2021_p": 0, "CONTINENT": "Asia", "area": 0.189485, "Type": 0, "Nation": "India", "Locations": "[80.7077200000000,26.0125400000000;80.7119400000000,26.0160600000000]", "ORIG_FID": 20792 }, "geometry": { "type": "Point", "coordinates": [ 80.70983, 26.0143 ] } },
{ "type": "Feature", "properties": { "Points_num": 60, "Min_date": "2012-09-30", "Max_date": "2015-03-21", "date2012_p": 3, "date2013_p": 3, "date2014_p": 10, "date2015_p": 5, "date2016_p": 0, "date2017_p": 0, "date2018_p": 0, "date2019_p": 0, "date2020_p": 0, "date2021_p": 0, "CONTINENT": "Asia", "area": 0.314946, "Type": 0, "Nation": "India", "Locations": "[80.7169000000000,26.0071600000000;80.7221300000000,26.0118800000000]", "ORIG_FID": 20793 }, "geometry": { "type": "Point", "coordinates": [ 80.719515, 26.00952 ] } },
{ "type": "Feature", "properties": { "Points_num": 22, "Min_date": "2012-10-18", "Max_date": "2014-02-19", "date2012_p": 5, "date2013_p": 5, "date2014_p": 2, "date2015_p": 0, "date2016_p": 0, "date2017_p": 0, "date2018_p": 0, "date2019_p": 0, "date2020_p": 0, "date2021_p": 0, "CONTINENT": "Asia", "area": 0.112753, "Type": 1, "Nation": "India", "Locations": "[80.7258700000000,26.0076000000000;80.7285000000000,26.0109600000000]", "ORIG_FID": 20794 }, "geometry": { "type": "Point", "coordinates": [ 80.727185, 26.00928 ] } },
{ "type": "Feature", "properties": { "Points_num": 414, "Min_date": "2012-02-09", "Max_date": "2021-11-28", "date2012_p": 24, "date2013_p": 24, "date2014_p": 39, "date2015_p": 38, "date2016_p": 18, "date2017_p": 17, "date2018_p": 0, "date2019_p": 23, "date2020_p": 19, "date2021_p": 5, "CONTINENT": "Asia", "area": 0.342804, "Type": 0, "Nation": "India", "Locations": "[77.4640000000000,28.6130900000000;77.4686900000000,28.6192000000000]", "ORIG_FID": 20795 }, "geometry": { "type": "Point", "coordinates": [ 77.466345, 28.616145 ] } },
{ "type": "Feature", "properties": { "Points_num": 667, "Min_date": "2012-01-23", "Max_date": "2021-02-22", "date2012_p": 69, "date2013_p": 69, "date2014_p": 37, "date2015_p": 52, "date2016_p": 35, "date2017_p": 43, "date2018_p": 0, "date2019_p": 21, "date2020_p": 22, "date2021_p": 19, "CONTINENT": "Asia", "area": 0.567017, "Type": 0, "Nation": "India", "Locations": "[77.4709200000000,28.6207100000000;77.4778700000000,28.6275300000000]", "ORIG_FID": 20796 }, "geometry": { "type": "Point", "coordinates": [ 77.474395, 28.62412 ] } },
{ "type": "Feature", "properties": { "Points_num": 37, "Min_date": "2012-01-27", "Max_date": "2012-04-18", "date2012_p": 12, "date2013_p": 12, "date2014_p": 0, "date2015_p": 0, "date2016_p": 0, "date2017_p": 0, "date2018_p": 0, "date2019_p": 0, "date2020_p": 0, "date2021_p": 0, "CONTINENT": "Asia", "area": 0.196915, "Type": 0, "Nation": "India", "Locations": "[77.3266100000000,28.7054700000000;77.3299100000000,28.7104700000000]", "ORIG_FID": 20797 }, "geometry": { "type": "Point", "coordinates": [ 77.32826, 28.70797 ] } },
{ "type": "Feature", "properties": { "Points_num": 70, "Min_date": "2015-10-30", "Max_date": "2021-03-19", "date2012_p": 0, "date2013_p": 0, "date2014_p": 0, "date2015_p": 1, "date2016_p": 20, "date2017_p": 12, "date2018_p": 0, "date2019_p": 0, "date2020_p": 0, "date2021_p": 3, "CONTINENT": "Asia", "area": 0.6082, "Type": 0, "Nation": "India", "Locations": "[77.3002300000000,28.7533200000000;77.3083000000000,28.7596400000000]", "ORIG_FID": 20798 }, "geometry": { "type": "Point", "coordinates": [ 77.304265, 28.75648 ] } },
{ "type": "Feature", "properties": { "Points_num": 26, "Min_date": "2017-12-17", "Max_date": "1899-12-30", "date2012_p": 0, "date2013_p": 0, "date2014_p": 0, "date2015_p": 0, "date2016_p": 0, "date2017_p": 2, "date2018_p": 0, "date2019_p": 0, "date2020_p": 0, "date2021_p": 0, "CONTINENT": "Asia", "area": 0.239615, "Type": 0, "Nation": "India", "Locations": "[77.3035700000000,28.7730700000000;77.3083100000000,28.7773100000000]", "ORIG_FID": 20799 }, "geometry": { "type": "Point", "coordinates": [ 77.30594, 28.77519 ] } },
{ "type": "Feature", "properties": { "Points_num": 439, "Min_date": "2012-01-27", "Max_date": "2021-03-16", "date2012_p": 17, "date2013_p": 17, "date2014_p": 9, "date2015_p": 6, "date2016_p": 8, "date2017_p": 15, "date2018_p": 0, "date2019_p": 87, "date2020_p": 58, "date2021_p": 54, "CONTINENT": "Asia", "area": 0.502609, "Type": 0, "Nation": "India", "Locations": "[83.1978900000000,26.7553200000000;83.2038700000000,26.7617600000000]", "ORIG_FID": 20800 }, "geometry": { "type": "Point", "coordinates": [ 83.20088, 26.75854 ] } },
{ "type": "Feature", "properties": { "Points_num": 1736, "Min_date": "2012-01-20", "Max_date": "2021-01-15", "date2012_p": 173, "date2013_p": 173, "date2014_p": 302, "date2015_p": 129, "date2016_p": 63, "date2017_p": 36, "date2018_p": 0, "date2019_p": 10, "date2020_p": 29, "date2021_p": 10, "CONTINENT": "Asia", "area": 1.70577, "Type": 0, "Nation": "India", "Locations": "[77.6849300000000,27.3688700000000;77.7003500000000,27.3779700000000]", "ORIG_FID": 20801 }, "geometry": { "type": "Point", "coordinates": [ 77.69264, 27.37342 ] } },
{ "type": "Feature", "properties": { "Points_num": 102, "Min_date": "2015-11-08", "Max_date": "2017-02-06", "date2012_p": 0, "date2013_p": 0, "date2014_p": 0, "date2015_p": 3, "date2016_p": 12, "date2017_p": 35, "date2018_p": 0, "date2019_p": 0, "date2020_p": 0, "date2021_p": 0, "CONTINENT": "Asia", "area": 0.589826, "Type": 0, "Nation": "India", "Locations": "[78.6349200000000,28.6753400000000;78.6429400000000,28.6814200000000]", "ORIG_FID": 20802 }, "geometry": { "type": "Point", "coordinates": [ 78.63893, 28.67838 ] } },
{ "type": "Feature", "properties": { "Points_num": 91, "Min_date": "2013-03-31", "Max_date": "2015-02-08", "date2012_p": 0, "date2013_p": 0, "date2014_p": 10, "date2015_p": 25, "date2016_p": 0, "date2017_p": 0, "date2018_p": 0, "date2019_p": 0, "date2020_p": 0, "date2021_p": 0, "CONTINENT": "Asia", "area": 0.282505, "Type": 0, "Nation": "India", "Locations": "[78.7804300000000,28.7853300000000;78.7851000000000,28.7903300000000]", "ORIG_FID": 20803 }, "geometry": { "type": "Point", "coordinates": [ 78.782765, 28.78783 ] } },
{ "type": "Feature", "properties": { "Points_num": 47, "Min_date": "2016-03-23", "Max_date": "2020-03-17", "date2012_p": 0, "date2013_p": 0, "date2014_p": 0, "date2015_p": 0, "date2016_p": 5, "date2017_p": 8, "date2018_p": 0, "date2019_p": 12, "date2020_p": 1, "date2021_p": 0, "CONTINENT": "Asia", "area": 0.331041, "Type": 0, "Nation": "India", "Locations": "[78.8519500000000,28.8892300000000;78.8570100000000,28.8946400000000]", "ORIG_FID": 20804 }, "geometry": { "type": "Point", "coordinates": [ 78.85448, 28.891935 ] } },
{ "type": "Feature", "properties": { "Points_num": 30, "Min_date": "2016-05-26", "Max_date": "1899-12-30", "date2012_p": 0, "date2013_p": 0, "date2014_p": 0, "date2015_p": 0, "date2016_p": 0, "date2017_p": 2, "date2018_p": 0, "date2019_p": 0, "date2020_p": 0, "date2021_p": 0, "CONTINENT": "Asia", "area": 0.337977, "Type": 1, "Nation": "India", "Locations": "[78.8900000000000,29.1888800000000;78.8947600000000,29.1947700000000]", "ORIG_FID": 20805 }, "geometry": { "type": "Point", "coordinates": [ 78.89238, 29.191825 ] } },
{ "type": "Feature", "properties": { "Points_num": 26, "Min_date": "2015-10-10", "Max_date": "2016-01-09", "date2012_p": 0, "date2013_p": 0, "date2014_p": 0, "date2015_p": 8, "date2016_p": 4, "date2017_p": 0, "date2018_p": 0, "date2019_p": 0, "date2020_p": 0, "date2021_p": 0, "CONTINENT": "Asia", "area": 0.162905, "Type": 1, "Nation": "India", "Locations": "[79.0277400000000,28.5858800000000;79.0310000000000,28.5899900000000]", "ORIG_FID": 20806 }, "geometry": { "type": "Point", "coordinates": [ 79.02937, 28.587935 ] } },
{ "type": "Feature", "properties": { "Points_num": 23, "Min_date": "2015-02-10", "Max_date": "2015-03-03", "date2012_p": 0, "date2013_p": 0, "date2014_p": 0, "date2015_p": 11, "date2016_p": 0, "date2017_p": 0, "date2018_p": 0, "date2019_p": 0, "date2020_p": 0, "date2021_p": 0, "CONTINENT": "Asia", "area": 0.220479, "Type": 1, "Nation": "India", "Locations": "[79.0267000000000,28.5925500000000;79.0305100000000,28.5973100000000]", "ORIG_FID": 20807 }, "geometry": { "type": "Point", "coordinates": [ 79.028605, 28.59493 ] } },
{ "type": "Feature", "properties": { "Points_num": 139, "Min_date": "2015-07-27", "Max_date": "1899-12-30", "date2012_p": 0, "date2013_p": 0, "date2014_p": 0, "date2015_p": 3, "date2016_p": 5, "date2017_p": 32, "date2018_p": 0, "date2019_p": 0, "date2020_p": 0, "date2021_p": 0, "CONTINENT": "Asia", "area": 0.59406, "Type": 0, "Nation": "India", "Locations": "[78.9561300000000,29.1360600000000;78.9651600000000,29.1415100000000]", "ORIG_FID": 20808 }, "geometry": { "type": "Point", "coordinates": [ 78.960645, 29.138785 ] } },
{ "type": "Feature", "properties": { "Points_num": 688, "Min_date": "2012-01-22", "Max_date": "2021-06-02", "date2012_p": 88, "date2013_p": 88, "date2014_p": 57, "date2015_p": 32, "date2016_p": 24, "date2017_p": 35, "date2018_p": 0, "date2019_p": 14, "date2020_p": 4, "date2021_p": 3, "CONTINENT": "Asia", "area": 0.730748, "Type": 0, "Nation": "India", "Locations": "[77.5174900000000,29.9686000000000;77.5259400000000,29.9759400000000]", "ORIG_FID": 20809 }, "geometry": { "type": "Point", "coordinates": [ 77.521715, 29.97227 ] } },
{ "type": "Feature", "properties": { "Points_num": 157, "Min_date": "2012-02-23", "Max_date": "2017-03-15", "date2012_p": 22, "date2013_p": 22, "date2014_p": 3, "date2015_p": 14, "date2016_p": 17, "date2017_p": 3, "date2018_p": 0, "date2019_p": 0, "date2020_p": 0, "date2021_p": 0, "CONTINENT": "Asia", "area": 0.292647, "Type": 0, "Nation": "India", "Locations": "[77.5596100000000,29.9219600000000;77.5641800000000,29.9273900000000]", "ORIG_FID": 20810 }, "geometry": { "type": "Point", "coordinates": [ 77.561895, 29.924675 ] } },
{ "type": "Feature", "properties": { "Points_num": 130, "Min_date": "2012-05-06", "Max_date": "1899-12-30", "date2012_p": 12, "date2013_p": 12, "date2014_p": 12, "date2015_p": 3, "date2016_p": 11, "date2017_p": 0, "date2018_p": 0, "date2019_p": 0, "date2020_p": 0, "date2021_p": 0, "CONTINENT": "Asia", "area": 0.509664, "Type": 0, "Nation": "India", "Locations": "[82.6909800000000,24.1382400000000;82.6985100000000,24.1433100000000]", "ORIG_FID": 20811 }, "geometry": { "type": "Point", "coordinates": [ 82.694745, 24.140775 ] } },
{ "type": "Feature", "properties": { "Points_num": 164, "Min_date": "2012-05-25", "Max_date": "2021-01-30", "date2012_p": 7, "date2013_p": 7, "date2014_p": 26, "date2015_p": 19, "date2016_p": 0, "date2017_p": 1, "date2018_p": 0, "date2019_p": 0, "date2020_p": 9, "date2021_p": 11, "CONTINENT": "Asia", "area": 0.640356, "Type": 0, "Nation": "India", "Locations": "[82.6736700000000,24.1387800000000;82.6810400000000,24.1452900000000]", "ORIG_FID": 20812 }, "geometry": { "type": "Point", "coordinates": [ 82.677355, 24.142035 ] } },
{ "type": "Feature", "properties": { "Points_num": 28, "Min_date": "2012-05-16", "Max_date": "2016-06-10", "date2012_p": 0, "date2013_p": 0, "date2014_p": 0, "date2015_p": 0, "date2016_p": 0, "date2017_p": 0, "date2018_p": 0, "date2019_p": 0, "date2020_p": 0, "date2021_p": 0, "CONTINENT": "Asia", "area": 0.276492, "Type": 0, "Nation": "India", "Locations": "[82.6731000000000,24.1549600000000;82.6803700000000,24.1578100000000]", "ORIG_FID": 20813 }, "geometry": { "type": "Point", "coordinates": [ 82.676735, 24.156385 ] } },
{ "type": "Feature", "properties": { "Points_num": 571, "Min_date": "2012-04-20", "Max_date": "2021-01-19", "date2012_p": 31, "date2013_p": 31, "date2014_p": 1, "date2015_p": 36, "date2016_p": 12, "date2017_p": 89, "date2018_p": 0, "date2019_p": 18, "date2020_p": 60, "date2021_p": 15, "CONTINENT": "Asia", "area": 1.54568, "Type": 0, "Nation": "India", "Locations": "[82.7182700000000,24.1203300000000;82.7276400000000,24.1326800000000]", "ORIG_FID": 20814 }, "geometry": { "type": "Point", "coordinates": [ 82.722955, 24.126505 ] } },
{ "type": "Feature", "properties": { "Points_num": 33, "Min_date": "2013-01-06", "Max_date": "2016-05-31", "date2012_p": 0, "date2013_p": 0, "date2014_p": 0, "date2015_p": 2, "date2016_p": 9, "date2017_p": 0, "date2018_p": 0, "date2019_p": 0, "date2020_p": 0, "date2021_p": 0, "CONTINENT": "Asia", "area": 0.317974, "Type": 0, "Nation": "India", "Locations": "[82.7112700000000,24.1327600000000;82.7160900000000,24.1377000000000]", "ORIG_FID": 20815 }, "geometry": { "type": "Point", "coordinates": [ 82.71368, 24.13523 ] } },
{ "type": "Feature", "properties": { "Points_num": 65, "Min_date": "2013-05-29", "Max_date": "2017-04-11", "date2012_p": 0, "date2013_p": 0, "date2014_p": 0, "date2015_p": 18, "date2016_p": 12, "date2017_p": 1, "date2018_p": 0, "date2019_p": 0, "date2020_p": 0, "date2021_p": 0, "CONTINENT": "Asia", "area": 0.216323, "Type": 0, "Nation": "India", "Locations": "[82.7560700000000,24.1244800000000;82.7613600000000,24.1275400000000]", "ORIG_FID": 20816 }, "geometry": { "type": "Point", "coordinates": [ 82.758715, 24.12601 ] } },
{ "type": "Feature", "properties": { "Points_num": 55, "Min_date": "2017-04-13", "Max_date": "2017-04-13", "date2012_p": 0, "date2013_p": 0, "date2014_p": 0, "date2015_p": 0, "date2016_p": 0, "date2017_p": 23, "date2018_p": 0, "date2019_p": 0, "date2020_p": 0, "date2021_p": 0, "CONTINENT": "Asia", "area": 0.57639, "Type": 0, "Nation": "India", "Locations": "[82.7509500000000,24.1295200000000;82.7580100000000,24.1356300000000]", "ORIG_FID": 20817 }, "geometry": { "type": "Point", "coordinates": [ 82.75448, 24.132575 ] } },
{ "type": "Feature", "properties": { "Points_num": 782, "Min_date": "2012-01-20", "Max_date": "2021-04-14", "date2012_p": 50, "date2013_p": 50, "date2014_p": 47, "date2015_p": 44, "date2016_p": 54, "date2017_p": 44, "date2018_p": 0, "date2019_p": 62, "date2020_p": 42, "date2021_p": 57, "CONTINENT": "Asia", "area": 0.468608, "Type": 0, "Nation": "India", "Locations": "[83.0361000000000,24.4470100000000;83.0425200000000,24.4524700000000]", "ORIG_FID": 20818 }, "geometry": { "type": "Point", "coordinates": [ 83.03931, 24.44974 ] } },
{ "type": "Feature", "properties": { "Points_num": 171, "Min_date": "2012-02-04", "Max_date": "2021-02-13", "date2012_p": 8, "date2013_p": 8, "date2014_p": 7, "date2015_p": 14, "date2016_p": 12, "date2017_p": 7, "date2018_p": 0, "date2019_p": 2, "date2020_p": 2, "date2021_p": 10, "CONTINENT": "Asia", "area": 0.203434, "Type": 0, "Nation": "India", "Locations": "[83.0119100000000,25.3093100000000;83.0160300000000,25.3130400000000]", "ORIG_FID": 20819 }, "geometry": { "type": "Point", "coordinates": [ 83.01397, 25.311175 ] } },
{ "type": "Feature", "properties": { "Points_num": 69, "Min_date": "2012-01-28", "Max_date": "2020-04-30", "date2012_p": 5, "date2013_p": 5, "date2014_p": 8, "date2015_p": 3, "date2016_p": 3, "date2017_p": 6, "date2018_p": 0, "date2019_p": 2, "date2020_p": 1, "date2021_p": 0, "CONTINENT": "Asia", "area": 0.298617, "Type": 1, "Nation": "India", "Locations": "[78.0123300000000,29.7320200000000;78.0184500000000,29.7361300000000]", "ORIG_FID": 20820 }, "geometry": { "type": "Point", "coordinates": [ 78.01539, 29.734075 ] } },
{ "type": "Feature", "properties": { "Points_num": 86, "Min_date": "2014-03-25", "Max_date": "2021-05-05", "date2012_p": 0, "date2013_p": 0, "date2014_p": 3, "date2015_p": 7, "date2016_p": 11, "date2017_p": 12, "date2018_p": 0, "date2019_p": 4, "date2020_p": 1, "date2021_p": 2, "CONTINENT": "Asia", "area": 0.396697, "Type": 0, "Nation": "India", "Locations": "[77.9418900000000,29.7973100000000;77.9477200000000,29.8030500000000]", "ORIG_FID": 20821 }, "geometry": { "type": "Point", "coordinates": [ 77.944805, 29.80018 ] } },
{ "type": "Feature", "properties": { "Points_num": 1753, "Min_date": "2012-02-14", "Max_date": "2021-11-09", "date2012_p": 9, "date2013_p": 9, "date2014_p": 69, "date2015_p": 101, "date2016_p": 140, "date2017_p": 144, "date2018_p": 127, "date2019_p": 113, "date2020_p": 91, "date2021_p": 81, "CONTINENT": "Asia", "area": 0.626336, "Type": 0, "Nation": "India", "Locations": "[87.0859500000000,23.5610100000000;87.0928700000000,23.5673200000000]", "ORIG_FID": 20822 }, "geometry": { "type": "Point", "coordinates": [ 87.08941, 23.564165 ] } },
{ "type": "Feature", "properties": { "Points_num": 634, "Min_date": "2012-04-19", "Max_date": "2021-09-09", "date2012_p": 8, "date2013_p": 8, "date2014_p": 53, "date2015_p": 67, "date2016_p": 3, "date2017_p": 17, "date2018_p": 54, "date2019_p": 37, "date2020_p": 20, "date2021_p": 17, "CONTINENT": "Asia", "area": 0.323465, "Type": 0, "Nation": "India", "Locations": "[86.8984800000000,23.4285800000000;86.9036600000000,23.4329400000000]", "ORIG_FID": 20823 }, "geometry": { "type": "Point", "coordinates": [ 86.90107, 23.43076 ] } },
{ "type": "Feature", "properties": { "Points_num": 1857, "Min_date": "2012-01-27", "Max_date": "2021-03-24", "date2012_p": 78, "date2013_p": 78, "date2014_p": 68, "date2015_p": 121, "date2016_p": 92, "date2017_p": 96, "date2018_p": 0, "date2019_p": 224, "date2020_p": 148, "date2021_p": 56, "CONTINENT": "Asia", "area": 1.38145, "Type": 0, "Nation": "India", "Locations": "[87.0222500000000,23.8075000000000;87.0343200000000,23.8155100000000]", "ORIG_FID": 20824 }, "geometry": { "type": "Point", "coordinates": [ 87.028285, 23.811505 ] } },
{ "type": "Feature", "properties": { "Points_num": 179, "Min_date": "2013-03-26", "Max_date": "2020-05-16", "date2012_p": 0, "date2013_p": 0, "date2014_p": 1, "date2015_p": 0, "date2016_p": 0, "date2017_p": 1, "date2018_p": 0, "date2019_p": 79, "date2020_p": 27, "date2021_p": 0, "CONTINENT": "Asia", "area": 0.435946, "Type": 0, "Nation": "India", "Locations": "[87.0150200000000,23.8147100000000;87.0212100000000,23.8196400000000]", "ORIG_FID": 20825 }, "geometry": { "type": "Point", "coordinates": [ 87.018115, 23.817175 ] } },
{ "type": "Feature", "properties": { "Points_num": 6232, "Min_date": "2012-01-21", "Max_date": "2021-03-15", "date2012_p": 159, "date2013_p": 159, "date2014_p": 537, "date2015_p": 613, "date2016_p": 683, "date2017_p": 346, "date2018_p": 0, "date2019_p": 275, "date2020_p": 272, "date2021_p": 153, "CONTINENT": "Asia", "area": 2.11968, "Type": 0, "Nation": "India", "Locations": "[87.0343600000000,23.8002900000000;87.0490000000000,23.8104200000000]", "ORIG_FID": 20826 }, "geometry": { "type": "Point", "coordinates": [ 87.04168, 23.805355 ] } },
{ "type": "Feature", "properties": { "Points_num": 149, "Min_date": "2018-09-17", "Max_date": "2021-09-04", "date2012_p": 0, "date2013_p": 0, "date2014_p": 0, "date2015_p": 0, "date2016_p": 0, "date2017_p": 0, "date2018_p": 0, "date2019_p": 55, "date2020_p": 44, "date2021_p": 22, "CONTINENT": "Asia", "area": 0.151757, "Type": 0, "Nation": "India", "Locations": "[87.0543300000000,23.7984800000000;87.0578800000000,23.8014700000000]", "ORIG_FID": 20827 }, "geometry": { "type": "Point", "coordinates": [ 87.056105, 23.799975 ] } },
{ "type": "Feature", "properties": { "Points_num": 113, "Min_date": "2018-01-04", "Max_date": "2021-01-01", "date2012_p": 0, "date2013_p": 0, "date2014_p": 0, "date2015_p": 0, "date2016_p": 0, "date2017_p": 0, "date2018_p": 0, "date2019_p": 59, "date2020_p": 11, "date2021_p": 2, "CONTINENT": "Asia", "area": 0.213541, "Type": 0, "Nation": "India", "Locations": "[87.1066000000000,23.7706200000000;87.1110800000000,23.7739500000000]", "ORIG_FID": 20828 }, "geometry": { "type": "Point", "coordinates": [ 87.10884, 23.772285 ] } },
{ "type": "Feature", "properties": { "Points_num": 163, "Min_date": "2018-08-29", "Max_date": "2021-03-13", "date2012_p": 0, "date2013_p": 0, "date2014_p": 0, "date2015_p": 0, "date2016_p": 0, "date2017_p": 0, "date2018_p": 0, "date2019_p": 77, "date2020_p": 48, "date2021_p": 4, "CONTINENT": "Asia", "area": 0.291297, "Type": 1, "Nation": "India", "Locations": "[87.0799000000000,23.7841900000000;87.0853300000000,23.7879400000000]", "ORIG_FID": 20829 }, "geometry": { "type": "Point", "coordinates": [ 87.082615, 23.786065 ] } },
{ "type": "Feature", "properties": { "Points_num": 75, "Min_date": "2018-08-29", "Max_date": "2020-01-21", "date2012_p": 0, "date2013_p": 0, "date2014_p": 0, "date2015_p": 0, "date2016_p": 0, "date2017_p": 0, "date2018_p": 0, "date2019_p": 41, "date2020_p": 16, "date2021_p": 0, "CONTINENT": "Asia", "area": 0.203739, "Type": 0, "Nation": "India", "Locations": "[87.0795600000000,23.7805600000000;87.0841100000000,23.7836900000000]", "ORIG_FID": 20830 }, "geometry": { "type": "Point", "coordinates": [ 87.081835, 23.782125 ] } },
{ "type": "Feature", "properties": { "Points_num": 163, "Min_date": "2016-12-22", "Max_date": "2021-02-13", "date2012_p": 0, "date2013_p": 0, "date2014_p": 0, "date2015_p": 0, "date2016_p": 1, "date2017_p": 6, "date2018_p": 0, "date2019_p": 61, "date2020_p": 9, "date2021_p": 8, "CONTINENT": "Asia", "area": 0.309368, "Type": 0, "Nation": "India", "Locations": "[87.0754100000000,23.7933500000000;87.0796100000000,23.7985000000000]", "ORIG_FID": 20831 }, "geometry": { "type": "Point", "coordinates": [ 87.07751, 23.795925 ] } },
{ "type": "Feature", "properties": { "Points_num": 5497, "Min_date": "2012-01-21", "Max_date": "2021-02-22", "date2012_p": 56, "date2013_p": 56, "date2014_p": 93, "date2015_p": 161, "date2016_p": 328, "date2017_p": 345, "date2018_p": 436, "date2019_p": 492, "date2020_p": 493, "date2021_p": 665, "CONTINENT": "Asia", "area": 1.53942, "Type": 0, "Nation": "India", "Locations": "[87.1120400000000,23.6896000000000;87.1261200000000,23.6972300000000]", "ORIG_FID": 20832 }, "geometry": { "type": "Point", "coordinates": [ 87.11908, 23.693415 ] } },
{ "type": "Feature", "properties": { "Points_num": 201, "Min_date": "2016-12-21", "Max_date": "2017-03-12", "date2012_p": 0, "date2013_p": 0, "date2014_p": 0, "date2015_p": 0, "date2016_p": 13, "date2017_p": 86, "date2018_p": 0, "date2019_p": 0, "date2020_p": 0, "date2021_p": 0, "CONTINENT": "Asia", "area": 0.612, "Type": 0, "Nation": "India", "Locations": "[87.1142300000000,23.6598700000000;87.1208700000000,23.6663000000000]", "ORIG_FID": 20833 }, "geometry": { "type": "Point", "coordinates": [ 87.11755, 23.663085 ] } },
{ "type": "Feature", "properties": { "Points_num": 1707, "Min_date": "2013-02-19", "Max_date": "2021-12-18", "date2012_p": 0, "date2013_p": 0, "date2014_p": 23, "date2015_p": 45, "date2016_p": 154, "date2017_p": 106, "date2018_p": 131, "date2019_p": 130, "date2020_p": 187, "date2021_p": 215, "CONTINENT": "Asia", "area": 0.955107, "Type": 0, "Nation": "India", "Locations": "[87.1023600000000,23.6905000000000;87.1119800000000,23.6974300000000]", "ORIG_FID": 20834 }, "geometry": { "type": "Point", "coordinates": [ 87.10717, 23.693965 ] } },
{ "type": "Feature", "properties": { "Points_num": 1732, "Min_date": "2012-02-12", "Max_date": "2021-10-20", "date2012_p": 6, "date2013_p": 6, "date2014_p": 10, "date2015_p": 13, "date2016_p": 69, "date2017_p": 111, "date2018_p": 153, "date2019_p": 218, "date2020_p": 236, "date2021_p": 220, "CONTINENT": "Asia", "area": 0.69772, "Type": 0, "Nation": "India", "Locations": "[87.0965600000000,23.6871800000000;87.1040300000000,23.6937000000000]", "ORIG_FID": 20835 }, "geometry": { "type": "Point", "coordinates": [ 87.100295, 23.69044 ] } },
{ "type": "Feature", "properties": { "Points_num": 111, "Min_date": "2012-10-12", "Max_date": "1899-12-30", "date2012_p": 29, "date2013_p": 29, "date2014_p": 4, "date2015_p": 0, "date2016_p": 0, "date2017_p": 0, "date2018_p": 0, "date2019_p": 0, "date2020_p": 0, "date2021_p": 0, "CONTINENT": "Asia", "area": 0.364613, "Type": 0, "Nation": "India", "Locations": "[87.0088300000000,23.6859000000000;87.0136300000000,23.6912100000000]", "ORIG_FID": 20836 }, "geometry": { "type": "Point", "coordinates": [ 87.01123, 23.688555 ] } },
{ "type": "Feature", "properties": { "Points_num": 214, "Min_date": "2012-01-20", "Max_date": "2012-02-24", "date2012_p": 70, "date2013_p": 70, "date2014_p": 0, "date2015_p": 0, "date2016_p": 0, "date2017_p": 0, "date2018_p": 0, "date2019_p": 0, "date2020_p": 0, "date2021_p": 0, "CONTINENT": "Asia", "area": 0.424624, "Type": 0, "Nation": "India", "Locations": "[87.0178800000000,23.6615100000000;87.0235100000000,23.6667800000000]", "ORIG_FID": 20837 }, "geometry": { "type": "Point", "coordinates": [ 87.020695, 23.664145 ] } },
{ "type": "Feature", "properties": { "Points_num": 1548, "Min_date": "2012-01-21", "Max_date": "2021-01-28", "date2012_p": 60, "date2013_p": 60, "date2014_p": 38, "date2015_p": 56, "date2016_p": 75, "date2017_p": 96, "date2018_p": 112, "date2019_p": 136, "date2020_p": 117, "date2021_p": 78, "CONTINENT": "Asia", "area": 0.627441, "Type": 0, "Nation": "India", "Locations": "[87.1435500000000,23.6084800000000;87.1510500000000,23.6143100000000]", "ORIG_FID": 20838 }, "geometry": { "type": "Point", "coordinates": [ 87.1473, 23.611395 ] } },
{ "type": "Feature", "properties": { "Points_num": 766, "Min_date": "2012-01-24", "Max_date": "2021-11-17", "date2012_p": 23, "date2013_p": 23, "date2014_p": 42, "date2015_p": 27, "date2016_p": 26, "date2017_p": 39, "date2018_p": 85, "date2019_p": 42, "date2020_p": 70, "date2021_p": 26, "CONTINENT": "Asia", "area": 0.253881, "Type": 0, "Nation": "India", "Locations": "[87.1495100000000,23.6019000000000;87.1524100000000,23.6080000000000]", "ORIG_FID": 20839 }, "geometry": { "type": "Point", "coordinates": [ 87.15096, 23.60495 ] } },
{ "type": "Feature", "properties": { "Points_num": 4303, "Min_date": "2012-01-21", "Max_date": "2021-12-01", "date2012_p": 24, "date2013_p": 24, "date2014_p": 148, "date2015_p": 360, "date2016_p": 217, "date2017_p": 170, "date2018_p": 341, "date2019_p": 359, "date2020_p": 344, "date2021_p": 223, "CONTINENT": "Asia", "area": 2.96288, "Type": 0, "Nation": "India", "Locations": "[86.9116400000000,23.6597900000000;86.9273500000000,23.6729900000000]", "ORIG_FID": 20840 }, "geometry": { "type": "Point", "coordinates": [ 86.919495, 23.66639 ] } },
{ "type": "Feature", "properties": { "Points_num": 1724, "Min_date": "2012-01-20", "Max_date": "2021-12-07", "date2012_p": 170, "date2013_p": 170, "date2014_p": 87, "date2015_p": 51, "date2016_p": 62, "date2017_p": 83, "date2018_p": 93, "date2019_p": 76, "date2020_p": 38, "date2021_p": 17, "CONTINENT": "Asia", "area": 1.53614, "Type": 0, "Nation": "India", "Locations": "[86.9306200000000,23.6683600000000;86.9416000000000,23.6781500000000]", "ORIG_FID": 20841 }, "geometry": { "type": "Point", "coordinates": [ 86.93611, 23.673255 ] } },
{ "type": "Feature", "properties": { "Points_num": 984, "Min_date": "2012-11-13", "Max_date": "2021-03-29", "date2012_p": 2, "date2013_p": 2, "date2014_p": 15, "date2015_p": 78, "date2016_p": 84, "date2017_p": 150, "date2018_p": 69, "date2019_p": 2, "date2020_p": 2, "date2021_p": 18, "CONTINENT": "Asia", "area": 0.765553, "Type": 1, "Nation": "India", "Locations": "[86.9193900000000,23.6388800000000;86.9275800000000,23.6454200000000]", "ORIG_FID": 20842 }, "geometry": { "type": "Point", "coordinates": [ 86.923485, 23.64215 ] } },
{ "type": "Feature", "properties": { "Points_num": 403, "Min_date": "2012-01-20", "Max_date": "2014-03-25", "date2012_p": 110, "date2013_p": 110, "date2014_p": 10, "date2015_p": 0, "date2016_p": 0, "date2017_p": 0, "date2018_p": 0, "date2019_p": 0, "date2020_p": 0, "date2021_p": 0, "CONTINENT": "Asia", "area": 0.532117, "Type": 1, "Nation": "India", "Locations": "[86.9302100000000,23.7856200000000;86.9360000000000,23.7920600000000]", "ORIG_FID": 20843 }, "geometry": { "type": "Point", "coordinates": [ 86.933105, 23.78884 ] } },
{ "type": "Feature", "properties": { "Points_num": 35, "Min_date": "2012-10-14", "Max_date": "2014-02-21", "date2012_p": 9, "date2013_p": 9, "date2014_p": 1, "date2015_p": 0, "date2016_p": 0, "date2017_p": 0, "date2018_p": 0, "date2019_p": 0, "date2020_p": 0, "date2021_p": 0, "CONTINENT": "Asia", "area": 0.284787, "Type": 0, "Nation": "India", "Locations": "[86.8851200000000,23.8343100000000;86.8892400000000,23.8391600000000]", "ORIG_FID": 20844 }, "geometry": { "type": "Point", "coordinates": [ 86.88718, 23.836735 ] } },
{ "type": "Feature", "properties": { "Points_num": 267, "Min_date": "2012-12-16", "Max_date": "2021-01-18", "date2012_p": 3, "date2013_p": 3, "date2014_p": 110, "date2015_p": 6, "date2016_p": 2, "date2017_p": 0, "date2018_p": 0, "date2019_p": 0, "date2020_p": 0, "date2021_p": 4, "CONTINENT": "Asia", "area": 0.560317, "Type": 0, "Nation": "India", "Locations": "[86.8878300000000,23.8244400000000;86.8933200000000,23.8316000000000]", "ORIG_FID": 20845 }, "geometry": { "type": "Point", "coordinates": [ 86.890575, 23.82802 ] } },
{ "type": "Feature", "properties": { "Points_num": 24838, "Min_date": "2012-01-20", "Max_date": "2021-10-31", "date2012_p": 1270, "date2013_p": 1270, "date2014_p": 1592, "date2015_p": 1317, "date2016_p": 1326, "date2017_p": 1041, "date2018_p": 1338, "date2019_p": 1156, "date2020_p": 1102, "date2021_p": 1227, "CONTINENT": "Asia", "area": 6.80408, "Type": 0, "Nation": "India", "Locations": "[87.2296700000000,23.5445400000000;87.2540700000000,23.5639300000000]", "ORIG_FID": 20846 }, "geometry": { "type": "Point", "coordinates": [ 87.24187, 23.554235 ] } },
{ "type": "Feature", "properties": { "Points_num": 986, "Min_date": "2012-10-16", "Max_date": "2021-11-26", "date2012_p": 32, "date2013_p": 32, "date2014_p": 82, "date2015_p": 88, "date2016_p": 46, "date2017_p": 47, "date2018_p": 55, "date2019_p": 34, "date2020_p": 31, "date2021_p": 25, "CONTINENT": "Asia", "area": 0.723299, "Type": 0, "Nation": "India", "Locations": "[87.2692600000000,23.5124100000000;87.2766600000000,23.5192000000000]", "ORIG_FID": 20847 }, "geometry": { "type": "Point", "coordinates": [ 87.27296, 23.515805 ] } },
{ "type": "Feature", "properties": { "Points_num": 2046, "Min_date": "2012-01-29", "Max_date": "2021-11-26", "date2012_p": 34, "date2013_p": 34, "date2014_p": 78, "date2015_p": 119, "date2016_p": 92, "date2017_p": 124, "date2018_p": 174, "date2019_p": 151, "date2020_p": 126, "date2021_p": 110, "CONTINENT": "Asia", "area": 1.09973, "Type": 0, "Nation": "India", "Locations": "[87.2758300000000,23.5052600000000;87.2842700000000,23.5143100000000]", "ORIG_FID": 20848 }, "geometry": { "type": "Point", "coordinates": [ 87.28005, 23.509785 ] } },
{ "type": "Feature", "properties": { "Points_num": 723, "Min_date": "2012-01-20", "Max_date": "2015-02-12", "date2012_p": 123, "date2013_p": 123, "date2014_p": 81, "date2015_p": 51, "date2016_p": 0, "date2017_p": 0, "date2018_p": 0, "date2019_p": 0, "date2020_p": 0, "date2021_p": 0, "CONTINENT": "Asia", "area": 0.633102, "Type": 0, "Nation": "India", "Locations": "[87.3002200000000,23.5068400000000;87.3057700000000,23.5147600000000]", "ORIG_FID": 20849 }, "geometry": { "type": "Point", "coordinates": [ 87.302995, 23.5108 ] } },
{ "type": "Feature", "properties": { "Points_num": 345, "Min_date": "2012-11-28", "Max_date": "2021-05-13", "date2012_p": 1, "date2013_p": 1, "date2014_p": 2, "date2015_p": 19, "date2016_p": 32, "date2017_p": 56, "date2018_p": 28, "date2019_p": 4, "date2020_p": 1, "date2021_p": 2, "CONTINENT": "Asia", "area": 0.313543, "Type": 0, "Nation": "India", "Locations": "[87.3094200000000,23.5034100000000;87.3149300000000,23.5073600000000]", "ORIG_FID": 20850 }, "geometry": { "type": "Point", "coordinates": [ 87.312175, 23.505385 ] } },
{ "type": "Feature", "properties": { "Points_num": 356, "Min_date": "2017-03-28", "Max_date": "2021-12-01", "date2012_p": 0, "date2013_p": 0, "date2014_p": 0, "date2015_p": 0, "date2016_p": 0, "date2017_p": 73, "date2018_p": 47, "date2019_p": 0, "date2020_p": 0, "date2021_p": 20, "CONTINENT": "Asia", "area": 0.316107, "Type": 1, "Nation": "India", "Locations": "[87.2226300000000,23.6765400000000;87.2280800000000,23.6805800000000]", "ORIG_FID": 20851 }, "geometry": { "type": "Point", "coordinates": [ 87.225355, 23.67856 ] } },
{ "type": "Feature", "properties": { "Points_num": 286, "Min_date": "2016-04-24", "Max_date": "2021-03-11", "date2012_p": 0, "date2013_p": 0, "date2014_p": 0, "date2015_p": 0, "date2016_p": 10, "date2017_p": 0, "date2018_p": 38, "date2019_p": 87, "date2020_p": 22, "date2021_p": 3, "CONTINENT": "Asia", "area": 0.468859, "Type": 1, "Nation": "India", "Locations": "[87.2013700000000,23.6618400000000;87.2087100000000,23.6662900000000]", "ORIG_FID": 20852 }, "geometry": { "type": "Point", "coordinates": [ 87.20504, 23.664065 ] } },
{ "type": "Feature", "properties": { "Points_num": 123, "Min_date": "2016-06-18", "Max_date": "2021-02-04", "date2012_p": 0, "date2013_p": 0, "date2014_p": 0, "date2015_p": 0, "date2016_p": 4, "date2017_p": 40, "date2018_p": 4, "date2019_p": 8, "date2020_p": 4, "date2021_p": 4, "CONTINENT": "Asia", "area": 0.345836, "Type": 0, "Nation": "India", "Locations": "[87.2479200000000,23.7103400000000;87.2529700000000,23.7151100000000]", "ORIG_FID": 20853 }, "geometry": { "type": "Point", "coordinates": [ 87.250445, 23.712725 ] } },
{ "type": "Feature", "properties": { "Points_num": 115, "Min_date": "2016-03-10", "Max_date": "2017-02-08", "date2012_p": 0, "date2013_p": 0, "date2014_p": 0, "date2015_p": 0, "date2016_p": 54, "date2017_p": 1, "date2018_p": 0, "date2019_p": 0, "date2020_p": 0, "date2021_p": 0, "CONTINENT": "Asia", "area": 0.302471, "Type": 0, "Nation": "India", "Locations": "[87.2464900000000,23.7020900000000;87.2511200000000,23.7066400000000]", "ORIG_FID": 20854 }, "geometry": { "type": "Point", "coordinates": [ 87.248805, 23.704365 ] } },
{ "type": "Feature", "properties": { "Points_num": 1092, "Min_date": "2012-01-25", "Max_date": "2021-11-15", "date2012_p": 39, "date2013_p": 39, "date2014_p": 36, "date2015_p": 42, "date2016_p": 37, "date2017_p": 48, "date2018_p": 80, "date2019_p": 66, "date2020_p": 69, "date2021_p": 53, "CONTINENT": "Asia", "area": 0.363192, "Type": 0, "Nation": "India", "Locations": "[87.1513100000000,23.6022800000000;87.1560400000000,23.6076300000000]", "ORIG_FID": 20855 }, "geometry": { "type": "Point", "coordinates": [ 87.153675, 23.604955 ] } },
{ "type": "Feature", "properties": { "Points_num": 380, "Min_date": "2016-03-24", "Max_date": "2021-04-23", "date2012_p": 0, "date2013_p": 0, "date2014_p": 0, "date2015_p": 0, "date2016_p": 49, "date2017_p": 133, "date2018_p": 0, "date2019_p": 3, "date2020_p": 11, "date2021_p": 1, "CONTINENT": "Asia", "area": 0.671741, "Type": 1, "Nation": "India", "Locations": "[87.1602400000000,23.6160900000000;87.1684800000000,23.6217700000000]", "ORIG_FID": 20856 }, "geometry": { "type": "Point", "coordinates": [ 87.16436, 23.61893 ] } },
{ "type": "Feature", "properties": { "Points_num": 250, "Min_date": "2014-03-30", "Max_date": "2021-07-05", "date2012_p": 0, "date2013_p": 0, "date2014_p": 0, "date2015_p": 0, "date2016_p": 0, "date2017_p": 49, "date2018_p": 27, "date2019_p": 5, "date2020_p": 35, "date2021_p": 1, "CONTINENT": "Asia", "area": 0.753521, "Type": 0, "Nation": "India", "Locations": "[87.4054200000000,23.5673700000000;87.4150800000000,23.5727800000000]", "ORIG_FID": 20857 }, "geometry": { "type": "Point", "coordinates": [ 87.41025, 23.570075 ] } },
{ "type": "Feature", "properties": { "Points_num": 819, "Min_date": "2015-09-17", "Max_date": "2021-01-18", "date2012_p": 0, "date2013_p": 0, "date2014_p": 0, "date2015_p": 12, "date2016_p": 40, "date2017_p": 87, "date2018_p": 103, "date2019_p": 12, "date2020_p": 81, "date2021_p": 35, "CONTINENT": "Asia", "area": 0.827379, "Type": 0, "Nation": "India", "Locations": "[87.3462200000000,23.6255000000000;87.3543500000000,23.6325700000000]", "ORIG_FID": 20858 }, "geometry": { "type": "Point", "coordinates": [ 87.350285, 23.629035 ] } },
{ "type": "Feature", "properties": { "Points_num": 535, "Min_date": "2012-10-18", "Max_date": "2021-11-09", "date2012_p": 4, "date2013_p": 4, "date2014_p": 1, "date2015_p": 30, "date2016_p": 42, "date2017_p": 39, "date2018_p": 37, "date2019_p": 34, "date2020_p": 56, "date2021_p": 51, "CONTINENT": "Asia", "area": 0.39025, "Type": 1, "Nation": "India", "Locations": "[87.3528100000000,23.4804000000000;87.3590600000000,23.4847300000000]", "ORIG_FID": 20859 }, "geometry": { "type": "Point", "coordinates": [ 87.355935, 23.482565 ] } },
{ "type": "Feature", "properties": { "Points_num": 1141, "Min_date": "2012-08-31", "Max_date": "2021-05-13", "date2012_p": 18, "date2013_p": 18, "date2014_p": 22, "date2015_p": 19, "date2016_p": 56, "date2017_p": 86, "date2018_p": 109, "date2019_p": 85, "date2020_p": 80, "date2021_p": 84, "CONTINENT": "Asia", "area": 0.456884, "Type": 0, "Nation": "India", "Locations": "[87.3591700000000,23.4801400000000;87.3655700000000,23.4850900000000]", "ORIG_FID": 20860 }, "geometry": { "type": "Point", "coordinates": [ 87.36237, 23.482615 ] } },
{ "type": "Feature", "properties": { "Points_num": 186, "Min_date": "2012-01-31", "Max_date": "2021-10-11", "date2012_p": 3, "date2013_p": 3, "date2014_p": 6, "date2015_p": 4, "date2016_p": 9, "date2017_p": 13, "date2018_p": 17, "date2019_p": 17, "date2020_p": 8, "date2021_p": 16, "CONTINENT": "Asia", "area": 0.267295, "Type": 0, "Nation": "India", "Locations": "[87.3667300000000,23.4849800000000;87.3710300000000,23.4892900000000]", "ORIG_FID": 20861 }, "geometry": { "type": "Point", "coordinates": [ 87.36888, 23.487135 ] } },
{ "type": "Feature", "properties": { "Points_num": 140, "Min_date": "2013-02-13", "Max_date": "2021-01-04", "date2012_p": 0, "date2013_p": 0, "date2014_p": 4, "date2015_p": 4, "date2016_p": 8, "date2017_p": 10, "date2018_p": 16, "date2019_p": 9, "date2020_p": 9, "date2021_p": 2, "CONTINENT": "Asia", "area": 0.176261, "Type": 0, "Nation": "India", "Locations": "[88.0022100000000,22.4740000000000;88.0055300000000,22.4776000000000]", "ORIG_FID": 20862 }, "geometry": { "type": "Point", "coordinates": [ 88.00387, 22.4758 ] } },
{ "type": "Feature", "properties": { "Points_num": 5155, "Min_date": "2012-01-22", "Max_date": "2021-11-04", "date2012_p": 133, "date2013_p": 133, "date2014_p": 205, "date2015_p": 218, "date2016_p": 285, "date2017_p": 285, "date2018_p": 350, "date2019_p": 443, "date2020_p": 350, "date2021_p": 395, "CONTINENT": "Asia", "area": 0.86846, "Type": 0, "Nation": "India", "Locations": "[87.0142200000000,22.3617000000000;87.0217900000000,22.3696000000000]", "ORIG_FID": 20863 }, "geometry": { "type": "Point", "coordinates": [ 87.018005, 22.36565 ] } },
{ "type": "Feature", "properties": { "Points_num": 548, "Min_date": "2012-04-21", "Max_date": "2021-02-13", "date2012_p": 1, "date2013_p": 1, "date2014_p": 10, "date2015_p": 1, "date2016_p": 13, "date2017_p": 29, "date2018_p": 42, "date2019_p": 68, "date2020_p": 107, "date2021_p": 93, "CONTINENT": "Asia", "area": 0.6953, "Type": 0, "Nation": "India", "Locations": "[87.2857100000000,22.3566600000000;87.2937200000000,22.3626100000000]", "ORIG_FID": 20864 }, "geometry": { "type": "Point", "coordinates": [ 87.289715, 22.359635 ] } },
{ "type": "Feature", "properties": { "Points_num": 3566, "Min_date": "2012-01-31", "Max_date": "2021-11-10", "date2012_p": 87, "date2013_p": 87, "date2014_p": 63, "date2015_p": 73, "date2016_p": 139, "date2017_p": 177, "date2018_p": 292, "date2019_p": 354, "date2020_p": 410, "date2021_p": 433, "CONTINENT": "Asia", "area": 1.48963, "Type": 0, "Nation": "India", "Locations": "[87.2764300000000,22.3711700000000;87.2851900000000,22.3828300000000]", "ORIG_FID": 20865 }, "geometry": { "type": "Point", "coordinates": [ 87.28081, 22.377 ] } },
{ "type": "Feature", "properties": { "Points_num": 356, "Min_date": "2012-03-03", "Max_date": "2021-02-24", "date2012_p": 7, "date2013_p": 7, "date2014_p": 32, "date2015_p": 21, "date2016_p": 13, "date2017_p": 10, "date2018_p": 20, "date2019_p": 25, "date2020_p": 23, "date2021_p": 16, "CONTINENT": "Asia", "area": 0.379344, "Type": 0, "Nation": "India", "Locations": "[87.2832300000000,22.3853500000000;87.2888000000000,22.3900200000000]", "ORIG_FID": 20866 }, "geometry": { "type": "Point", "coordinates": [ 87.286015, 22.387685 ] } },
{ "type": "Feature", "properties": { "Points_num": 236, "Min_date": "2016-10-24", "Max_date": "2021-03-07", "date2012_p": 0, "date2013_p": 0, "date2014_p": 0, "date2015_p": 0, "date2016_p": 13, "date2017_p": 17, "date2018_p": 32, "date2019_p": 9, "date2020_p": 13, "date2021_p": 26, "CONTINENT": "Asia", "area": 0.358757, "Type": 0, "Nation": "India", "Locations": "[87.2872800000000,22.3780600000000;87.2934600000000,22.3820400000000]", "ORIG_FID": 20867 }, "geometry": { "type": "Point", "coordinates": [ 87.29037, 22.38005 ] } },
{ "type": "Feature", "properties": { "Points_num": 1676, "Min_date": "2012-01-20", "Max_date": "2021-02-28", "date2012_p": 160, "date2013_p": 160, "date2014_p": 99, "date2015_p": 85, "date2016_p": 60, "date2017_p": 46, "date2018_p": 66, "date2019_p": 80, "date2020_p": 64, "date2021_p": 127, "CONTINENT": "Asia", "area": 0.859359, "Type": 0, "Nation": "India", "Locations": "[87.3860500000000,22.2398700000000;87.3920800000000,22.2496100000000]", "ORIG_FID": 20868 }, "geometry": { "type": "Point", "coordinates": [ 87.389065, 22.24474 ] } },
{ "type": "Feature", "properties": { "Points_num": 884, "Min_date": "2012-01-20", "Max_date": "2021-10-08", "date2012_p": 47, "date2013_p": 47, "date2014_p": 35, "date2015_p": 46, "date2016_p": 45, "date2017_p": 40, "date2018_p": 69, "date2019_p": 53, "date2020_p": 33, "date2021_p": 32, "CONTINENT": "Asia", "area": 0.645625, "Type": 0, "Nation": "India", "Locations": "[88.1083800000000,22.0842700000000;88.1147500000000,22.0911000000000]", "ORIG_FID": 20869 }, "geometry": { "type": "Point", "coordinates": [ 88.111565, 22.087685 ] } },
{ "type": "Feature", "properties": { "Points_num": 12774, "Min_date": "2012-01-20", "Max_date": "2021-01-10", "date2012_p": 563, "date2013_p": 563, "date2014_p": 685, "date2015_p": 646, "date2016_p": 631, "date2017_p": 744, "date2018_p": 793, "date2019_p": 683, "date2020_p": 566, "date2021_p": 591, "CONTINENT": "Asia", "area": 4.9738, "Type": 0, "Nation": "India", "Locations": "[88.1143800000000,22.0490700000000;88.1311300000000,22.0690700000000]", "ORIG_FID": 20870 }, "geometry": { "type": "Point", "coordinates": [ 88.122755, 22.05907 ] } },
{ "type": "Feature", "properties": { "Points_num": 2096, "Min_date": "2012-01-20", "Max_date": "2021-01-26", "date2012_p": 165, "date2013_p": 165, "date2014_p": 101, "date2015_p": 49, "date2016_p": 59, "date2017_p": 72, "date2018_p": 111, "date2019_p": 91, "date2020_p": 139, "date2021_p": 140, "CONTINENT": "Asia", "area": 1.02413, "Type": 0, "Nation": "India", "Locations": "[88.1000800000000,22.0463400000000;88.1086400000000,22.0544000000000]", "ORIG_FID": 20871 }, "geometry": { "type": "Point", "coordinates": [ 88.10436, 22.05037 ] } },
{ "type": "Feature", "properties": { "Points_num": 137, "Min_date": "2012-02-24", "Max_date": "2021-02-05", "date2012_p": 8, "date2013_p": 8, "date2014_p": 10, "date2015_p": 3, "date2016_p": 1, "date2017_p": 6, "date2018_p": 8, "date2019_p": 3, "date2020_p": 14, "date2021_p": 8, "CONTINENT": "Asia", "area": 0.436667, "Type": 0, "Nation": "India", "Locations": "[88.0944600000000,22.0495400000000;88.0999800000000,22.0548700000000]", "ORIG_FID": 20872 }, "geometry": { "type": "Point", "coordinates": [ 88.09722, 22.052205 ] } },
{ "type": "Feature", "properties": { "Points_num": 566, "Min_date": "2012-02-17", "Max_date": "2020-04-03", "date2012_p": 34, "date2013_p": 34, "date2014_p": 22, "date2015_p": 31, "date2016_p": 7, "date2017_p": 34, "date2018_p": 7, "date2019_p": 19, "date2020_p": 52, "date2021_p": 0, "CONTINENT": "Asia", "area": 2.36775, "Type": 0, "Nation": "India", "Locations": "[88.0893400000000,22.0290700000000;88.0987900000000,22.0459500000000]", "ORIG_FID": 20873 }, "geometry": { "type": "Point", "coordinates": [ 88.094065, 22.03751 ] } },
{ "type": "Feature", "properties": { "Points_num": 704, "Min_date": "2015-12-26", "Max_date": "2021-01-09", "date2012_p": 0, "date2013_p": 0, "date2014_p": 0, "date2015_p": 4, "date2016_p": 16, "date2017_p": 76, "date2018_p": 79, "date2019_p": 77, "date2020_p": 66, "date2021_p": 49, "CONTINENT": "Asia", "area": 0.502751, "Type": 0, "Nation": "India", "Locations": "[86.5425000000000,23.5453900000000;86.5491700000000,23.5506900000000]", "ORIG_FID": 20874 }, "geometry": { "type": "Point", "coordinates": [ 86.545835, 23.54804 ] } },
{ "type": "Feature", "properties": { "Points_num": 529, "Min_date": "2012-10-23", "Max_date": "2021-11-10", "date2012_p": 4, "date2013_p": 4, "date2014_p": 11, "date2015_p": 15, "date2016_p": 41, "date2017_p": 48, "date2018_p": 17, "date2019_p": 34, "date2020_p": 76, "date2021_p": 102, "CONTINENT": "Asia", "area": 0.489318, "Type": 0, "Nation": "India", "Locations": "[86.7847200000000,23.6114800000000;86.7897200000000,23.6183400000000]", "ORIG_FID": 20875 }, "geometry": { "type": "Point", "coordinates": [ 86.78722, 23.61491 ] } },
{ "type": "Feature", "properties": { "Points_num": 1142, "Min_date": "2012-02-04", "Max_date": "2021-11-05", "date2012_p": 4, "date2013_p": 4, "date2014_p": 65, "date2015_p": 78, "date2016_p": 98, "date2017_p": 67, "date2018_p": 86, "date2019_p": 43, "date2020_p": 48, "date2021_p": 61, "CONTINENT": "Asia", "area": 0.758645, "Type": 0, "Nation": "India", "Locations": "[86.8587300000000,23.6127900000000;86.8644600000000,23.6220600000000]", "ORIG_FID": 20876 }, "geometry": { "type": "Point", "coordinates": [ 86.861595, 23.617425 ] } },
{ "type": "Feature", "properties": { "Points_num": 41, "Min_date": "2018-03-29", "Max_date": "2020-03-03", "date2012_p": 0, "date2013_p": 0, "date2014_p": 0, "date2015_p": 0, "date2016_p": 0, "date2017_p": 0, "date2018_p": 6, "date2019_p": 18, "date2020_p": 5, "date2021_p": 0, "CONTINENT": "Asia", "area": 0.23205, "Type": 0, "Nation": "India", "Locations": "[69.8522984640023,22.3142149871395;69.8557724770708,22.3199153274622]", "ORIG_FID": 20878 }, "geometry": { "type": "Point", "coordinates": [ 69.854035470536644, 22.317065157300828 ] } },
{ "type": "Feature", "properties": { "Points_num": 4, "Min_date": "2019-01-06", "Max_date": "2021-03-31", "date2012_p": 0, "date2013_p": 0, "date2014_p": 0, "date2015_p": 0, "date2016_p": 0, "date2017_p": 0, "date2018_p": 0, "date2019_p": 2, "date2020_p": 1, "date2021_p": 1, "CONTINENT": "Asia", "area": 0.711474, "Type": 0, "Nation": "India", "Locations": "[69.8772915180983,22.3115587597499;69.8877937807781,22.3175074122645]", "ORIG_FID": 20879 }, "geometry": { "type": "Point", "coordinates": [ 69.882542649438179, 22.314533086007227 ] } },
{ "type": "Feature", "properties": { "Points_num": 270, "Min_date": "2012-03-01", "Max_date": "2021-11-26", "date2012_p": 1, "date2013_p": 1, "date2014_p": 0, "date2015_p": 13, "date2016_p": 24, "date2017_p": 21, "date2018_p": 36, "date2019_p": 52, "date2020_p": 21, "date2021_p": 29, "CONTINENT": "Asia", "area": 2.25193, "Type": 0, "Nation": "India", "Locations": "[69.8692593083731,22.3180410312897;69.8868192383062,22.3289106666368]", "ORIG_FID": 20880 }, "geometry": { "type": "Point", "coordinates": [ 69.87803927333961, 22.323475848963259 ] } },
{ "type": "Feature", "properties": { "Points_num": 312, "Min_date": "2019-04-19", "Max_date": "2021-03-23", "date2012_p": 0, "date2013_p": 0, "date2014_p": 0, "date2015_p": 0, "date2016_p": 0, "date2017_p": 0, "date2018_p": 0, "date2019_p": 40, "date2020_p": 169, "date2021_p": 103, "CONTINENT": "Asia", "area": 0.857146, "Type": 0, "Nation": "India", "Locations": "[71.7453327957621,25.2979346601357;71.7577217037974,25.3042402318010]", "ORIG_FID": 20881 }, "geometry": { "type": "Point", "coordinates": [ 71.751527249779755, 25.30108744596842 ] } },
{ "type": "Feature", "properties": { "Points_num": 3, "Min_date": "2019-02-24", "Max_date": "2019-04-18", "date2012_p": 0, "date2013_p": 0, "date2014_p": 0, "date2015_p": 0, "date2016_p": 0, "date2017_p": 0, "date2018_p": 0, "date2019_p": 3, "date2020_p": 0, "date2021_p": 0, "CONTINENT": "Asia", "area": 0.667613, "Type": 0, "Nation": "India", "Locations": "[72.7822860910351,21.8803160474271;72.7907263559835,21.8896532178629]", "ORIG_FID": 20882 }, "geometry": { "type": "Point", "coordinates": [ 72.786506223509349, 21.884984632645001 ] } },
{ "type": "Feature", "properties": { "Points_num": 102, "Min_date": "1899-12-30", "Max_date": "2021-11-25", "date2012_p": 10, "date2013_p": 10, "date2014_p": 1, "date2015_p": 5, "date2016_p": 2, "date2017_p": 2, "date2018_p": 4, "date2019_p": 34, "date2020_p": 24, "date2021_p": 2, "CONTINENT": "Asia", "area": 0.763776, "Type": 0, "Nation": "India", "Locations": "[73.0189016561491,18.6993833882852;73.0280102824592,18.7091964063203]", "ORIG_FID": 20884 }, "geometry": { "type": "Point", "coordinates": [ 73.023455969304152, 18.704289897302694 ] } },
{ "type": "Feature", "properties": { "Points_num": 0, "Min_date": null, "Max_date": null, "date2012_p": 0, "date2013_p": 0, "date2014_p": 0, "date2015_p": 0, "date2016_p": 0, "date2017_p": 0, "date2018_p": 0, "date2019_p": 0, "date2020_p": 0, "date2021_p": 0, "CONTINENT": "Asia", "area": 0.66202, "Type": 0, "Nation": "India", "Locations": "[73.2018281184264,17.2942876508102;73.2119502806469,17.3046857692677]", "ORIG_FID": 20885 }, "geometry": { "type": "Point", "coordinates": [ 73.206889199536604, 17.299486710038952 ] } },
{ "type": "Feature", "properties": { "Points_num": 0, "Min_date": null, "Max_date": null, "date2012_p": 0, "date2013_p": 0, "date2014_p": 0, "date2015_p": 0, "date2016_p": 0, "date2017_p": 0, "date2018_p": 0, "date2019_p": 0, "date2020_p": 0, "date2021_p": 0, "CONTINENT": "Asia", "area": 0.476791, "Type": 0, "Nation": "India", "Locations": "[73.2076697036115,17.2904845296063;73.2166010794563,17.2992021115186]", "ORIG_FID": 20886 }, "geometry": { "type": "Point", "coordinates": [ 73.212135391533891, 17.294843320562478 ] } },
{ "type": "Feature", "properties": { "Points_num": 0, "Min_date": null, "Max_date": null, "date2012_p": 0, "date2013_p": 0, "date2014_p": 0, "date2015_p": 0, "date2016_p": 0, "date2017_p": 0, "date2018_p": 0, "date2019_p": 0, "date2020_p": 0, "date2021_p": 0, "CONTINENT": "Asia", "area": 0.068524, "Type": 0, "Nation": "India", "Locations": "[73.9869505565398,15.6570611715370;73.9895614115579,15.6591980047704]", "ORIG_FID": 20887 }, "geometry": { "type": "Point", "coordinates": [ 73.988255984048806, 15.658129588153749 ] } },
{ "type": "Feature", "properties": { "Points_num": 123, "Min_date": "2014-01-07", "Max_date": "2021-12-12", "date2012_p": 0, "date2013_p": 0, "date2014_p": 11, "date2015_p": 7, "date2016_p": 19, "date2017_p": 13, "date2018_p": 11, "date2019_p": 20, "date2020_p": 14, "date2021_p": 6, "CONTINENT": "Asia", "area": 1.26495, "Type": 0, "Nation": "India", "Locations": "[74.3486372356219,21.0844144640458;74.3605231074584,21.0931544290744]", "ORIG_FID": 20888 }, "geometry": { "type": "Point", "coordinates": [ 74.354580171540164, 21.088784446560112 ] } },
{ "type": "Feature", "properties": { "Points_num": 10, "Min_date": "2019-05-21", "Max_date": "2020-01-19", "date2012_p": 0, "date2013_p": 0, "date2014_p": 0, "date2015_p": 0, "date2016_p": 0, "date2017_p": 0, "date2018_p": 0, "date2019_p": 9, "date2020_p": 1, "date2021_p": 0, "CONTINENT": "Asia", "area": 0.410909, "Type": 0, "Nation": "India", "Locations": "[76.6864193418905,12.1519363660681;76.6925807368398,12.1569168683331]", "ORIG_FID": 20889 }, "geometry": { "type": "Point", "coordinates": [ 76.6895000393652, 12.154426617200617 ] } },
{ "type": "Feature", "properties": { "Points_num": 134, "Min_date": "1899-12-30", "Max_date": "2021-01-02", "date2012_p": 0, "date2013_p": 0, "date2014_p": 5, "date2015_p": 4, "date2016_p": 10, "date2017_p": 8, "date2018_p": 23, "date2019_p": 18, "date2020_p": 12, "date2021_p": 8, "CONTINENT": "Asia", "area": 0.743824, "Type": 0, "Nation": "India", "Locations": "[76.8912551662476,15.0122204826436;76.9013201716865,15.0181121097802]", "ORIG_FID": 20890 }, "geometry": { "type": "Point", "coordinates": [ 76.896287668967048, 15.015166296211941 ] } },
{ "type": "Feature", "properties": { "Points_num": 20, "Min_date": "2019-05-27", "Max_date": "2021-02-05", "date2012_p": 0, "date2013_p": 0, "date2014_p": 0, "date2015_p": 0, "date2016_p": 0, "date2017_p": 0, "date2018_p": 0, "date2019_p": 15, "date2020_p": 3, "date2021_p": 2, "CONTINENT": "Asia", "area": 0.506231, "Type": 0, "Nation": "India", "Locations": "[76.9264399084939,28.7374721299269;76.9341408645706,28.7431090056083]", "ORIG_FID": 20891 }, "geometry": { "type": "Point", "coordinates": [ 76.930290386532292, 28.740290567767659 ] } },
{ "type": "Feature", "properties": { "Points_num": 12, "Min_date": "2012-07-07", "Max_date": "2019-03-24", "date2012_p": 3, "date2013_p": 3, "date2014_p": 0, "date2015_p": 0, "date2016_p": 0, "date2017_p": 0, "date2018_p": 0, "date2019_p": 6, "date2020_p": 0, "date2021_p": 0, "CONTINENT": "Asia", "area": 0.646999, "Type": 0, "Nation": "India", "Locations": "[76.9964916454013,10.9518140926328;77.0030249815111,10.9592083755189]", "ORIG_FID": 20892 }, "geometry": { "type": "Point", "coordinates": [ 76.999758313456184, 10.955511234075786 ] } },
{ "type": "Feature", "properties": { "Points_num": 156, "Min_date": "2012-04-07", "Max_date": "2021-03-31", "date2012_p": 19, "date2013_p": 19, "date2014_p": 12, "date2015_p": 5, "date2016_p": 5, "date2017_p": 26, "date2018_p": 0, "date2019_p": 36, "date2020_p": 28, "date2021_p": 6, "CONTINENT": "Asia", "area": 0.945664, "Type": 0, "Nation": "India", "Locations": "[77.0672590610755,28.7913722985303;77.0774153339888,28.7996518034671]", "ORIG_FID": 20893 }, "geometry": { "type": "Point", "coordinates": [ 77.072337197532065, 28.795512050998749 ] } },
{ "type": "Feature", "properties": { "Points_num": 8, "Min_date": "1899-12-30", "Max_date": "2021-09-12", "date2012_p": 0, "date2013_p": 0, "date2014_p": 0, "date2015_p": 1, "date2016_p": 0, "date2017_p": 1, "date2018_p": 1, "date2019_p": 1, "date2020_p": 1, "date2021_p": 1, "CONTINENT": "Asia", "area": 0.0895, "Type": 0, "Nation": "India", "Locations": "[78.1514595393952,8.87076404275877;78.1548166528793,8.87282932738918]", "ORIG_FID": 20894 }, "geometry": { "type": "Point", "coordinates": [ 78.153138096137283, 8.871796685073974 ] } },
{ "type": "Feature", "properties": { "Points_num": 21, "Min_date": "2016-05-26", "Max_date": "2021-03-30", "date2012_p": 0, "date2013_p": 0, "date2014_p": 0, "date2015_p": 0, "date2016_p": 1, "date2017_p": 1, "date2018_p": 0, "date2019_p": 13, "date2020_p": 0, "date2021_p": 6, "CONTINENT": "Asia", "area": 0.315088, "Type": 0, "Nation": "India", "Locations": "[79.2536734372021,20.8584237898014;79.2581108414161,20.8639745950176]", "ORIG_FID": 20895 }, "geometry": { "type": "Point", "coordinates": [ 79.255892139309111, 20.861199192409501 ] } },
{ "type": "Feature", "properties": { "Points_num": 101, "Min_date": "2012-07-05", "Max_date": "2021-06-04", "date2012_p": 7, "date2013_p": 7, "date2014_p": 3, "date2015_p": 9, "date2016_p": 6, "date2017_p": 6, "date2018_p": 13, "date2019_p": 22, "date2020_p": 0, "date2021_p": 2, "CONTINENT": "Asia", "area": 0.883287, "Type": 0, "Nation": "India", "Locations": "[80.0710712923722,13.3895115560932;80.0808162975823,13.3960505615057]", "ORIG_FID": 20896 }, "geometry": { "type": "Point", "coordinates": [ 80.075943794977277, 13.392781058799514 ] } },
{ "type": "Feature", "properties": { "Points_num": 326, "Min_date": "2012-04-28", "Max_date": "2020-05-31", "date2012_p": 104, "date2013_p": 104, "date2014_p": 0, "date2015_p": 0, "date2016_p": 27, "date2017_p": 5, "date2018_p": 0, "date2019_p": 85, "date2020_p": 1, "date2021_p": 0, "CONTINENT": "Asia", "area": 1.25262, "Type": 0, "Nation": "India", "Locations": "[80.3196973429435,13.2395302826865;80.3298597604584,13.2484789848213]", "ORIG_FID": 20897 }, "geometry": { "type": "Point", "coordinates": [ 80.324778551700945, 13.244004633753843 ] } },
{ "type": "Feature", "properties": { "Points_num": 10, "Min_date": "2019-03-03", "Max_date": "2021-12-16", "date2012_p": 0, "date2013_p": 0, "date2014_p": 0, "date2015_p": 0, "date2016_p": 0, "date2017_p": 0, "date2018_p": 0, "date2019_p": 3, "date2020_p": 6, "date2021_p": 1, "CONTINENT": "Asia", "area": 0.726719, "Type": 0, "Nation": "India", "Locations": "[80.3372075198954,13.2880666614442;80.3460767290355,13.2942195880748]", "ORIG_FID": 20898 }, "geometry": { "type": "Point", "coordinates": [ 80.341642124465466, 13.29114312475949 ] } },
{ "type": "Feature", "properties": { "Points_num": 2, "Min_date": "2019-02-08", "Max_date": "2019-02-07", "date2012_p": 0, "date2013_p": 0, "date2014_p": 0, "date2015_p": 0, "date2016_p": 0, "date2017_p": 0, "date2018_p": 0, "date2019_p": 2, "date2020_p": 0, "date2021_p": 0, "CONTINENT": "Asia", "area": 0.222048, "Type": 0, "Nation": "India", "Locations": "[80.5028909867637,16.4653611332431;80.5065286486183,16.4700915000038]", "ORIG_FID": 20899 }, "geometry": { "type": "Point", "coordinates": [ 80.504709817690966, 16.467726316623487 ] } },
{ "type": "Feature", "properties": { "Points_num": 366, "Min_date": "1899-12-30", "Max_date": "2021-01-22", "date2012_p": 20, "date2013_p": 20, "date2014_p": 26, "date2015_p": 47, "date2016_p": 19, "date2017_p": 25, "date2018_p": 24, "date2019_p": 57, "date2020_p": 35, "date2021_p": 45, "CONTINENT": "Asia", "area": 1.20884, "Type": 0, "Nation": "India", "Locations": "[81.6021179352836,21.2953351399730;81.6124047516656,21.3043819350496]", "ORIG_FID": 20900 }, "geometry": { "type": "Point", "coordinates": [ 81.607261343474548, 21.299858537511298 ] } },
{ "type": "Feature", "properties": { "Points_num": 104, "Min_date": "1899-12-30", "Max_date": "2021-01-09", "date2012_p": 0, "date2013_p": 0, "date2014_p": 1, "date2015_p": 0, "date2016_p": 3, "date2017_p": 8, "date2018_p": 2, "date2019_p": 18, "date2020_p": 43, "date2021_p": 25, "CONTINENT": "Asia", "area": 0.356362, "Type": 0, "Nation": "India", "Locations": "[81.7466043330435,21.5538175649828;81.7515899090599,21.5593038815024]", "ORIG_FID": 20901 }, "geometry": { "type": "Point", "coordinates": [ 81.74909712105169, 21.556560723242569 ] } },
{ "type": "Feature", "properties": { "Points_num": 26, "Min_date": "2017-02-10", "Max_date": "2019-03-30", "date2012_p": 0, "date2013_p": 0, "date2014_p": 0, "date2015_p": 0, "date2016_p": 0, "date2017_p": 2, "date2018_p": 0, "date2019_p": 24, "date2020_p": 0, "date2021_p": 0, "CONTINENT": "Asia", "area": 1.07175, "Type": 0, "Nation": "India", "Locations": "[82.5502818810639,22.3862052137397;82.5600691932829,22.3943666798933]", "ORIG_FID": 20902 }, "geometry": { "type": "Point", "coordinates": [ 82.555175537173383, 22.39028594681648 ] } },
{ "type": "Feature", "properties": { "Points_num": 82, "Min_date": "2012-02-26", "Max_date": "2021-10-21", "date2012_p": 10, "date2013_p": 10, "date2014_p": 0, "date2015_p": 0, "date2016_p": 0, "date2017_p": 2, "date2018_p": 2, "date2019_p": 1, "date2020_p": 36, "date2021_p": 17, "CONTINENT": "Asia", "area": 0.42283, "Type": 0, "Nation": "India", "Locations": "[82.5664253638623,22.3222097854658;82.5735079595071,22.3267957924971]", "ORIG_FID": 20903 }, "geometry": { "type": "Point", "coordinates": [ 82.569966661684759, 22.324502788981459 ] } },
{ "type": "Feature", "properties": { "Points_num": 81, "Min_date": "2012-05-05", "Max_date": "2021-06-06", "date2012_p": 3, "date2013_p": 3, "date2014_p": 0, "date2015_p": 0, "date2016_p": 0, "date2017_p": 0, "date2018_p": 0, "date2019_p": 31, "date2020_p": 32, "date2021_p": 12, "CONTINENT": "Asia", "area": 0.963991, "Type": 0, "Nation": "India", "Locations": "[82.5665206025128,22.3273563027257;82.5749570895047,22.3369336332743]", "ORIG_FID": 20904 }, "geometry": { "type": "Point", "coordinates": [ 82.57073884600868, 22.33214496799997 ] } },
{ "type": "Feature", "properties": { "Points_num": 24, "Min_date": "2019-04-19", "Max_date": "2021-05-30", "date2012_p": 0, "date2013_p": 0, "date2014_p": 0, "date2015_p": 0, "date2016_p": 0, "date2017_p": 0, "date2018_p": 0, "date2019_p": 16, "date2020_p": 7, "date2021_p": 1, "CONTINENT": "Asia", "area": 0.485726, "Type": 0, "Nation": "India", "Locations": "[82.5740799122220,24.1848306109052;82.5797143707467,24.1916789423751]", "ORIG_FID": 20905 }, "geometry": { "type": "Point", "coordinates": [ 82.576897141484409, 24.188254776640125 ] } },
{ "type": "Feature", "properties": { "Points_num": 54, "Min_date": "2014-02-08", "Max_date": "2021-05-05", "date2012_p": 0, "date2013_p": 0, "date2014_p": 6, "date2015_p": 0, "date2016_p": 0, "date2017_p": 0, "date2018_p": 0, "date2019_p": 1, "date2020_p": 1, "date2021_p": 46, "CONTINENT": "Asia", "area": 0.707367, "Type": 0, "Nation": "India", "Locations": "[82.5995387984802,24.1522677696123;82.6103058595317,24.1585715832690]", "ORIG_FID": 20906 }, "geometry": { "type": "Point", "coordinates": [ 82.604922329005916, 24.155419676440669 ] } },
{ "type": "Feature", "properties": { "Points_num": 75, "Min_date": "1899-12-30", "Max_date": "2021-04-20", "date2012_p": 0, "date2013_p": 0, "date2014_p": 11, "date2015_p": 8, "date2016_p": 1, "date2017_p": 1, "date2018_p": 0, "date2019_p": 6, "date2020_p": 12, "date2021_p": 36, "CONTINENT": "Asia", "area": 0.467871, "Type": 0, "Nation": "India", "Locations": "[82.6171711215556,24.1534551620742;82.6274436623020,24.1601288178657]", "ORIG_FID": 20907 }, "geometry": { "type": "Point", "coordinates": [ 82.6223073919288, 24.156791989969946 ] } },
{ "type": "Feature", "properties": { "Points_num": 57, "Min_date": "1899-12-30", "Max_date": "2021-03-05", "date2012_p": 0, "date2013_p": 0, "date2014_p": 0, "date2015_p": 5, "date2016_p": 5, "date2017_p": 8, "date2018_p": 0, "date2019_p": 25, "date2020_p": 9, "date2021_p": 5, "CONTINENT": "Asia", "area": 0.376623, "Type": 0, "Nation": "India", "Locations": "[82.6330446541695,24.1388082033163;82.6415188302494,24.1440516114201]", "ORIG_FID": 20908 }, "geometry": { "type": "Point", "coordinates": [ 82.63728174220941, 24.141429907368185 ] } },
{ "type": "Feature", "properties": { "Points_num": 72, "Min_date": "2014-04-04", "Max_date": "2021-12-03", "date2012_p": 0, "date2013_p": 0, "date2014_p": 2, "date2015_p": 2, "date2016_p": 7, "date2017_p": 2, "date2018_p": 0, "date2019_p": 46, "date2020_p": 8, "date2021_p": 5, "CONTINENT": "Asia", "area": 0.403964, "Type": 0, "Nation": "India", "Locations": "[82.7182664447214,24.1312534929691;82.7258947099551,24.1392650934031]", "ORIG_FID": 20909 }, "geometry": { "type": "Point", "coordinates": [ 82.722080577338303, 24.13525929318611 ] } },
{ "type": "Feature", "properties": { "Points_num": 251, "Min_date": "2012-05-21", "Max_date": "2021-04-19", "date2012_p": 2, "date2013_p": 2, "date2014_p": 0, "date2015_p": 0, "date2016_p": 0, "date2017_p": 22, "date2018_p": 0, "date2019_p": 35, "date2020_p": 153, "date2021_p": 37, "CONTINENT": "Asia", "area": 0.880092, "Type": 0, "Nation": "India", "Locations": "[82.7585777427208,24.1404595534156;82.7675342398766,24.1493880568258]", "ORIG_FID": 20910 }, "geometry": { "type": "Point", "coordinates": [ 82.763055991298657, 24.144923805120712 ] } },
{ "type": "Feature", "properties": { "Points_num": 9, "Min_date": "2019-03-20", "Max_date": "2021-12-30", "date2012_p": 0, "date2013_p": 0, "date2014_p": 0, "date2015_p": 0, "date2016_p": 0, "date2017_p": 0, "date2018_p": 0, "date2019_p": 8, "date2020_p": 0, "date2021_p": 1, "CONTINENT": "Asia", "area": 0.362274, "Type": 0, "Nation": "India", "Locations": "[82.7626856621889,24.1588500271792;82.7683398202927,24.1652325415700]", "ORIG_FID": 20911 }, "geometry": { "type": "Point", "coordinates": [ 82.765512741240741, 24.162041284374627 ] } },
{ "type": "Feature", "properties": { "Points_num": 19, "Min_date": "2012-05-14", "Max_date": "2020-12-21", "date2012_p": 1, "date2013_p": 1, "date2014_p": 1, "date2015_p": 2, "date2016_p": 0, "date2017_p": 3, "date2018_p": 2, "date2019_p": 3, "date2020_p": 2, "date2021_p": 0, "CONTINENT": "Asia", "area": 0.197924, "Type": 0, "Nation": "India", "Locations": "[83.1829855394135,17.6033465562799;83.1875842909719,17.6084148082223]", "ORIG_FID": 20912 }, "geometry": { "type": "Point", "coordinates": [ 83.185284915192668, 17.605880682251083 ] } },
{ "type": "Feature", "properties": { "Points_num": 77, "Min_date": "2017-03-12", "Max_date": "2021-07-12", "date2012_p": 0, "date2013_p": 0, "date2014_p": 0, "date2015_p": 0, "date2016_p": 0, "date2017_p": 2, "date2018_p": 11, "date2019_p": 30, "date2020_p": 7, "date2021_p": 5, "CONTINENT": "Asia", "area": 0.420109, "Type": 0, "Nation": "India", "Locations": "[83.3277967620420,22.0090638196423;83.3330624096359,22.0149172525829]", "ORIG_FID": 20913 }, "geometry": { "type": "Point", "coordinates": [ 83.330429585838928, 22.011990536112634 ] } },
{ "type": "Feature", "properties": { "Points_num": 56, "Min_date": "2012-02-05", "Max_date": "2021-12-06", "date2012_p": 1, "date2013_p": 1, "date2014_p": 4, "date2015_p": 0, "date2016_p": 0, "date2017_p": 3, "date2018_p": 2, "date2019_p": 22, "date2020_p": 14, "date2021_p": 5, "CONTINENT": "Asia", "area": 0.266746, "Type": 0, "Nation": "India", "Locations": "[83.4970323258980,21.9412764818262;83.5026271247523,21.9449007800888]", "ORIG_FID": 20914 }, "geometry": { "type": "Point", "coordinates": [ 83.499829725325171, 21.943088630957508 ] } },
{ "type": "Feature", "properties": { "Points_num": 393, "Min_date": "2014-01-14", "Max_date": "2019-06-06", "date2012_p": 0, "date2013_p": 0, "date2014_p": 18, "date2015_p": 81, "date2016_p": 34, "date2017_p": 145, "date2018_p": 25, "date2019_p": 40, "date2020_p": 0, "date2021_p": 0, "CONTINENT": "Asia", "area": 3.06953, "Type": 0, "Nation": "India", "Locations": "[83.5048672751595,22.1286131578059;83.5256841756134,22.1402839179228]", "ORIG_FID": 20915 }, "geometry": { "type": "Point", "coordinates": [ 83.515275725386502, 22.134448537864387 ] } },
{ "type": "Feature", "properties": { "Points_num": 181, "Min_date": "2015-05-19", "Max_date": "2021-03-23", "date2012_p": 0, "date2013_p": 0, "date2014_p": 0, "date2015_p": 17, "date2016_p": 0, "date2017_p": 113, "date2018_p": 4, "date2019_p": 30, "date2020_p": 1, "date2021_p": 8, "CONTINENT": "Asia", "area": 1.26894, "Type": 0, "Nation": "India", "Locations": "[83.5135363403211,22.1153556509325;83.5262783540074,22.1237114787098]", "ORIG_FID": 20916 }, "geometry": { "type": "Point", "coordinates": [ 83.519907347164249, 22.119533564821069 ] } },
{ "type": "Feature", "properties": { "Points_num": 29, "Min_date": "2019-05-18", "Max_date": "2020-02-15", "date2012_p": 0, "date2013_p": 0, "date2014_p": 0, "date2015_p": 0, "date2016_p": 0, "date2017_p": 0, "date2018_p": 0, "date2019_p": 12, "date2020_p": 17, "date2021_p": 0, "CONTINENT": "Asia", "area": 0.665436, "Type": 0, "Nation": "India", "Locations": "[83.5364499559489,22.1040495212351;83.5448375559946,22.1110195763861]", "ORIG_FID": 20917 }, "geometry": { "type": "Point", "coordinates": [ 83.540643755971715, 22.107534548810644 ] } },
{ "type": "Feature", "properties": { "Points_num": 166, "Min_date": "1899-12-30", "Max_date": "2021-12-01", "date2012_p": 0, "date2013_p": 0, "date2014_p": 0, "date2015_p": 0, "date2016_p": 2, "date2017_p": 18, "date2018_p": 22, "date2019_p": 30, "date2020_p": 21, "date2021_p": 29, "CONTINENT": "Asia", "area": 1.06585, "Type": 0, "Nation": "India", "Locations": "[84.0275182932277,21.6917689449566;84.0365356102433,21.7003825937978]", "ORIG_FID": 20918 }, "geometry": { "type": "Point", "coordinates": [ 84.032026951735517, 21.696075769377231 ] } },
{ "type": "Feature", "properties": { "Points_num": 2638, "Min_date": "2012-02-09", "Max_date": "2021-01-11", "date2012_p": 29, "date2013_p": 29, "date2014_p": 80, "date2015_p": 105, "date2016_p": 104, "date2017_p": 156, "date2018_p": 312, "date2019_p": 380, "date2020_p": 437, "date2021_p": 382, "CONTINENT": "Asia", "area": 1.119, "Type": 0, "Nation": "India", "Locations": "[84.0353702291446,21.6735191733353;84.0470593313359,21.6850751037165]", "ORIG_FID": 20919 }, "geometry": { "type": "Point", "coordinates": [ 84.041214780240239, 21.679297138525889 ] } },
{ "type": "Feature", "properties": { "Points_num": 112, "Min_date": "2017-03-16", "Max_date": "2021-01-22", "date2012_p": 0, "date2013_p": 0, "date2014_p": 0, "date2015_p": 0, "date2016_p": 0, "date2017_p": 1, "date2018_p": 2, "date2019_p": 33, "date2020_p": 24, "date2021_p": 48, "CONTINENT": "Asia", "area": 0.374908, "Type": 0, "Nation": "India", "Locations": "[85.0315633663360,21.0675946226850;85.0387202831919,21.0714571083024]", "ORIG_FID": 20920 }, "geometry": { "type": "Point", "coordinates": [ 85.035141824764025, 21.069525865493667 ] } },
{ "type": "Feature", "properties": { "Points_num": 48, "Min_date": "2015-04-20", "Max_date": "2019-05-22", "date2012_p": 0, "date2013_p": 0, "date2014_p": 0, "date2015_p": 2, "date2016_p": 0, "date2017_p": 0, "date2018_p": 6, "date2019_p": 28, "date2020_p": 0, "date2021_p": 0, "CONTINENT": "Asia", "area": 0.761087, "Type": 0, "Nation": "India", "Locations": "[85.0849498416578,20.9632444958926;85.0928371090799,20.9700236171614]", "ORIG_FID": 20921 }, "geometry": { "type": "Point", "coordinates": [ 85.088893475368806, 20.966634056526967 ] } },
{ "type": "Feature", "properties": { "Points_num": 36, "Min_date": "2019-06-23", "Max_date": "2021-02-23", "date2012_p": 0, "date2013_p": 0, "date2014_p": 0, "date2015_p": 0, "date2016_p": 0, "date2017_p": 0, "date2018_p": 0, "date2019_p": 18, "date2020_p": 6, "date2021_p": 12, "CONTINENT": "Asia", "area": 1.55114, "Type": 0, "Nation": "India", "Locations": "[85.2226005705180,23.8757262082350;85.2344502863272,23.8866201202241]", "ORIG_FID": 20922 }, "geometry": { "type": "Point", "coordinates": [ 85.2285254284226, 23.88117316422947 ] } },
{ "type": "Feature", "properties": { "Points_num": 280, "Min_date": "1899-12-30", "Max_date": "2021-12-25", "date2012_p": 0, "date2013_p": 0, "date2014_p": 0, "date2015_p": 0, "date2016_p": 0, "date2017_p": 0, "date2018_p": 4, "date2019_p": 107, "date2020_p": 66, "date2021_p": 95, "CONTINENT": "Asia", "area": 0.713194, "Type": 0, "Nation": "India", "Locations": "[85.2823448117453,23.7091456460847;85.2908393432509,23.7157500000000]", "ORIG_FID": 20923 }, "geometry": { "type": "Point", "coordinates": [ 85.286592077498099, 23.712447823042361 ] } },
{ "type": "Feature", "properties": { "Points_num": 322, "Min_date": "2012-04-15", "Max_date": "2021-02-27", "date2012_p": 11, "date2013_p": 11, "date2014_p": 0, "date2015_p": 0, "date2016_p": 2, "date2017_p": 1, "date2018_p": 14, "date2019_p": 76, "date2020_p": 80, "date2021_p": 99, "CONTINENT": "Asia", "area": 0.448924, "Type": 0, "Nation": "India", "Locations": "[85.3226459417872,21.9895288057350;85.3291109688660,21.9946496189953]", "ORIG_FID": 20924 }, "geometry": { "type": "Point", "coordinates": [ 85.325878455326603, 21.99208921236513 ] } },
{ "type": "Feature", "properties": { "Points_num": 159, "Min_date": "2012-04-23", "Max_date": "2021-02-13", "date2012_p": 1, "date2013_p": 1, "date2014_p": 3, "date2015_p": 3, "date2016_p": 14, "date2017_p": 5, "date2018_p": 11, "date2019_p": 31, "date2020_p": 29, "date2021_p": 39, "CONTINENT": "Asia", "area": 0.229313, "Type": 0, "Nation": "India", "Locations": "[85.4004613369094,23.7079551223229;85.4052855344140,23.7114209124106]", "ORIG_FID": 20925 }, "geometry": { "type": "Point", "coordinates": [ 85.402873435661689, 23.709688017366705 ] } },
{ "type": "Feature", "properties": { "Points_num": 53, "Min_date": "1899-12-30", "Max_date": "2021-02-13", "date2012_p": 0, "date2013_p": 0, "date2014_p": 0, "date2015_p": 2, "date2016_p": 2, "date2017_p": 0, "date2018_p": 1, "date2019_p": 16, "date2020_p": 15, "date2021_p": 15, "CONTINENT": "Asia", "area": 0.210324, "Type": 0, "Nation": "India", "Locations": "[85.4250161201497,23.7078638513219;85.4300491043491,23.7110080762496]", "ORIG_FID": 20926 }, "geometry": { "type": "Point", "coordinates": [ 85.427532612249365, 23.709435963785779 ] } },
{ "type": "Feature", "properties": { "Points_num": 84, "Min_date": "2014-01-31", "Max_date": "2021-11-17", "date2012_p": 0, "date2013_p": 0, "date2014_p": 6, "date2015_p": 4, "date2016_p": 0, "date2017_p": 2, "date2018_p": 0, "date2019_p": 18, "date2020_p": 36, "date2021_p": 18, "CONTINENT": "Asia", "area": 0.353031, "Type": 0, "Nation": "India", "Locations": "[85.5769210474255,21.7596097211086;85.5821975362341,21.7683478048059]", "ORIG_FID": 20927 }, "geometry": { "type": "Point", "coordinates": [ 85.579559291829767, 21.763978762957262 ] } },
{ "type": "Feature", "properties": { "Points_num": 92, "Min_date": "2018-06-29", "Max_date": "2021-04-04", "date2012_p": 0, "date2013_p": 0, "date2014_p": 0, "date2015_p": 0, "date2016_p": 0, "date2017_p": 0, "date2018_p": 1, "date2019_p": 15, "date2020_p": 39, "date2021_p": 35, "CONTINENT": "Asia", "area": 0.441739, "Type": 0, "Nation": "India", "Locations": "[85.9036111485137,22.5885948735341;85.9085717174132,22.5953440024430]", "ORIG_FID": 20928 }, "geometry": { "type": "Point", "coordinates": [ 85.906091432963521, 22.59196943798851 ] } },
{ "type": "Feature", "properties": { "Points_num": 61, "Min_date": "2012-01-27", "Max_date": "2019-01-31", "date2012_p": 4, "date2013_p": 4, "date2014_p": 5, "date2015_p": 3, "date2016_p": 1, "date2017_p": 1, "date2018_p": 7, "date2019_p": 22, "date2020_p": 0, "date2021_p": 0, "CONTINENT": "Asia", "area": 2.75677, "Type": 0, "Nation": "India", "Locations": "[86.0085857989054,20.9936893790193;86.0304292509388,21.0023982063007]", "ORIG_FID": 20929 }, "geometry": { "type": "Point", "coordinates": [ 86.019507524922091, 20.998043792659956 ] } },
{ "type": "Feature", "properties": { "Points_num": 281, "Min_date": "1899-12-30", "Max_date": "2021-12-23", "date2012_p": 0, "date2013_p": 0, "date2014_p": 0, "date2015_p": 0, "date2016_p": 0, "date2017_p": 0, "date2018_p": 0, "date2019_p": 44, "date2020_p": 79, "date2021_p": 158, "CONTINENT": "Asia", "area": 0.861051, "Type": 0, "Nation": "India", "Locations": "[86.7879668939627,23.6093659416124;86.7946591280416,23.6194609955637]", "ORIG_FID": 20930 }, "geometry": { "type": "Point", "coordinates": [ 86.791313011002231, 23.614413468588076 ] } },
{ "type": "Feature", "properties": { "Points_num": 62, "Min_date": "1899-12-30", "Max_date": "2021-02-07", "date2012_p": 0, "date2013_p": 0, "date2014_p": 0, "date2015_p": 0, "date2016_p": 0, "date2017_p": 0, "date2018_p": 0, "date2019_p": 45, "date2020_p": 13, "date2021_p": 4, "CONTINENT": "Asia", "area": 2.86914, "Type": 0, "Nation": "India", "Locations": "[87.0281381096037,23.7987773919593;87.0443995260579,23.8117157111786]", "ORIG_FID": 20931 }, "geometry": { "type": "Point", "coordinates": [ 87.036268817830802, 23.805246551568999 ] } },
{ "type": "Feature", "properties": { "Points_num": 629, "Min_date": "1899-12-30", "Max_date": "2021-12-10", "date2012_p": 0, "date2013_p": 0, "date2014_p": 0, "date2015_p": 0, "date2016_p": 0, "date2017_p": 0, "date2018_p": 0, "date2019_p": 105, "date2020_p": 293, "date2021_p": 231, "CONTINENT": "Asia", "area": 0.478862, "Type": 0, "Nation": "India", "Locations": "[87.0457899039863,23.7975824370441;87.0537599015494,23.8027250383387]", "ORIG_FID": 20932 }, "geometry": { "type": "Point", "coordinates": [ 87.049774902767794, 23.800153737691367 ] } },
{ "type": "Feature", "properties": { "Points_num": 110, "Min_date": "2015-04-19", "Max_date": "2019-03-28", "date2012_p": 0, "date2013_p": 0, "date2014_p": 0, "date2015_p": 1, "date2016_p": 1, "date2017_p": 0, "date2018_p": 25, "date2019_p": 33, "date2020_p": 0, "date2021_p": 0, "CONTINENT": "Asia", "area": 1.25709, "Type": 0, "Nation": "India", "Locations": "[88.0801940141701,22.0285323832938;88.0879287045755,22.0461403947370]", "ORIG_FID": 20933 }, "geometry": { "type": "Point", "coordinates": [ 88.084061359372782, 22.037336389015358 ] } },
{ "type": "Feature", "properties": { "Points_num": 2, "Min_date": "1899-12-30", "Max_date": "1899-12-30", "date2012_p": 1, "date2013_p": 1, "date2014_p": 0, "date2015_p": 0, "date2016_p": 0, "date2017_p": 0, "date2018_p": 0, "date2019_p": 0, "date2020_p": 0, "date2021_p": 0, "CONTINENT": "Asia", "area": 0.109741, "Type": 0, "Nation": "India", "Locations": "[95.4350828639402,27.3930526300427;95.4381954883539,27.3968041559499]", "ORIG_FID": 20934 }, "geometry": { "type": "Point", "coordinates": [ 95.436639176147082, 27.394928392996274 ] } },
{ "type": "Feature", "properties": { "Points_num": 73, "Min_date": "2012-02-13", "Max_date": "2021-12-18", "date2012_p": 1, "date2013_p": 1, "date2014_p": 0, "date2015_p": 0, "date2016_p": 1, "date2017_p": 2, "date2018_p": 1, "date2019_p": 8, "date2020_p": 24, "date2021_p": 33, "CONTINENT": "Asia", "area": 0.953496, "Type": 0, "Nation": "India", "Locations": "[72.5317465257421,21.6791556039153;72.5394083901808,21.6894859239636]", "ORIG_FID": 20935 }, "geometry": { "type": "Point", "coordinates": [ 72.535577457961423, 21.684320763939397 ] } },
{ "type": "Feature", "properties": { "Points_num": 45, "Min_date": "2016-04-11", "Max_date": "2020-05-09", "date2012_p": 0, "date2013_p": 0, "date2014_p": 0, "date2015_p": 0, "date2016_p": 1, "date2017_p": 1, "date2018_p": 7, "date2019_p": 0, "date2020_p": 22, "date2021_p": 0, "CONTINENT": "Asia", "area": 0.132823, "Type": 0, "Nation": "India", "Locations": "[73.0393361609261,18.4846290792422;73.0437503493309,18.4872426149518]", "ORIG_FID": 20936 }, "geometry": { "type": "Point", "coordinates": [ 73.041543255128516, 18.485935847096954 ] } },
{ "type": "Feature", "properties": { "Points_num": 49, "Min_date": "2020-12-14", "Max_date": "2021-05-20", "date2012_p": 0, "date2013_p": 0, "date2014_p": 0, "date2015_p": 0, "date2016_p": 0, "date2017_p": 0, "date2018_p": 0, "date2019_p": 0, "date2020_p": 14, "date2021_p": 35, "CONTINENT": "Asia", "area": 0.30386, "Type": 0, "Nation": "India", "Locations": "[73.2194672742535,27.8237746349267;73.2261692198023,27.8278304136361]", "ORIG_FID": 20937 }, "geometry": { "type": "Point", "coordinates": [ 73.22281824702786, 27.825802524281361 ] } },
{ "type": "Feature", "properties": { "Points_num": 65, "Min_date": "1899-12-30", "Max_date": "2021-02-06", "date2012_p": 6, "date2013_p": 6, "date2014_p": 3, "date2015_p": 4, "date2016_p": 1, "date2017_p": 4, "date2018_p": 0, "date2019_p": 9, "date2020_p": 17, "date2021_p": 15, "CONTINENT": "Asia", "area": 2.27854, "Type": 0, "Nation": "India", "Locations": "[74.1148823502151,24.9577021114922;74.1325855400986,24.9693328682362]", "ORIG_FID": 20938 }, "geometry": { "type": "Point", "coordinates": [ 74.123733945156772, 24.963517489864202 ] } },
{ "type": "Feature", "properties": { "Points_num": 5, "Min_date": "1899-12-30", "Max_date": "2020-11-02", "date2012_p": 0, "date2013_p": 0, "date2014_p": 0, "date2015_p": 1, "date2016_p": 0, "date2017_p": 1, "date2018_p": 0, "date2019_p": 0, "date2020_p": 3, "date2021_p": 0, "CONTINENT": "Asia", "area": 0.208479, "Type": 0, "Nation": "India", "Locations": "[74.7703661252414,30.3702443630531;74.7745806849714,30.3747003747810]", "ORIG_FID": 20939 }, "geometry": { "type": "Point", "coordinates": [ 74.772473405106425, 30.372472368917105 ] } },
{ "type": "Feature", "properties": { "Points_num": 4, "Min_date": "2017-05-06", "Max_date": "2021-11-10", "date2012_p": 0, "date2013_p": 0, "date2014_p": 0, "date2015_p": 0, "date2016_p": 0, "date2017_p": 1, "date2018_p": 0, "date2019_p": 0, "date2020_p": 1, "date2021_p": 2, "CONTINENT": "Asia", "area": 0.118071, "Type": 0, "Nation": "India", "Locations": "[74.8932870272892,30.5846447632538;74.8977723684811,30.5869630761396]", "ORIG_FID": 20940 }, "geometry": { "type": "Point", "coordinates": [ 74.895529697885209, 30.585803919696691 ] } },
{ "type": "Feature", "properties": { "Points_num": 17, "Min_date": "1899-12-30", "Max_date": "2020-11-04", "date2012_p": 1, "date2013_p": 1, "date2014_p": 3, "date2015_p": 1, "date2016_p": 3, "date2017_p": 2, "date2018_p": 0, "date2019_p": 5, "date2020_p": 1, "date2021_p": 0, "CONTINENT": "Asia", "area": 0.232824, "Type": 0, "Nation": "India", "Locations": "[74.9196469177581,30.5899959659170;74.9259654734914,30.5935235862353]", "ORIG_FID": 20941 }, "geometry": { "type": "Point", "coordinates": [ 74.922806195624716, 30.591759776076167 ] } },
{ "type": "Feature", "properties": { "Points_num": 1, "Min_date": "1899-12-30", "Max_date": "1899-12-30", "date2012_p": 0, "date2013_p": 0, "date2014_p": 0, "date2015_p": 1, "date2016_p": 0, "date2017_p": 0, "date2018_p": 0, "date2019_p": 0, "date2020_p": 0, "date2021_p": 0, "CONTINENT": "Asia", "area": 0.097012, "Type": 0, "Nation": "India", "Locations": "[75.0181209406408,31.0490920736553;75.0216105416974,31.0515355195081]", "ORIG_FID": 20942 }, "geometry": { "type": "Point", "coordinates": [ 75.019865741169127, 31.050313796581719 ] } },
{ "type": "Feature", "properties": { "Points_num": 53, "Min_date": "1899-12-30", "Max_date": "2021-12-20", "date2012_p": 0, "date2013_p": 0, "date2014_p": 0, "date2015_p": 0, "date2016_p": 0, "date2017_p": 0, "date2018_p": 4, "date2019_p": 15, "date2020_p": 16, "date2021_p": 10, "CONTINENT": "Asia", "area": 0.785852, "Type": 0, "Nation": "India", "Locations": "[75.1278736777118,22.2619359968099;75.1371614072413,22.2690242712835]", "ORIG_FID": 20943 }, "geometry": { "type": "Point", "coordinates": [ 75.132517542476535, 22.265480134046754 ] } },
{ "type": "Feature", "properties": { "Points_num": 0, "Min_date": null, "Max_date": null, "date2012_p": 0, "date2013_p": 0, "date2014_p": 0, "date2015_p": 0, "date2016_p": 0, "date2017_p": 0, "date2018_p": 0, "date2019_p": 0, "date2020_p": 0, "date2021_p": 0, "CONTINENT": "Asia", "area": 0.137256, "Type": 0, "Nation": "India", "Locations": "[75.2015217925274,30.2412642719304;75.2059458718415,30.2440783007239]", "ORIG_FID": 20944 }, "geometry": { "type": "Point", "coordinates": [ 75.203733832184469, 30.242671286327102 ] } },
{ "type": "Feature", "properties": { "Points_num": 3, "Min_date": "2016-05-09", "Max_date": "2020-11-01", "date2012_p": 0, "date2013_p": 0, "date2014_p": 0, "date2015_p": 0, "date2016_p": 1, "date2017_p": 0, "date2018_p": 0, "date2019_p": 0, "date2020_p": 2, "date2021_p": 0, "CONTINENT": "Asia", "area": 0.225393, "Type": 0, "Nation": "India", "Locations": "[75.6909088498883,30.6437750172485;75.6965564124522,30.6476164415116]", "ORIG_FID": 20945 }, "geometry": { "type": "Point", "coordinates": [ 75.693732631170292, 30.645695729379991 ] } },
{ "type": "Feature", "properties": { "Points_num": 2, "Min_date": "1899-12-30", "Max_date": "2021-11-11", "date2012_p": 0, "date2013_p": 0, "date2014_p": 0, "date2015_p": 1, "date2016_p": 0, "date2017_p": 0, "date2018_p": 0, "date2019_p": 0, "date2020_p": 0, "date2021_p": 1, "CONTINENT": "Asia", "area": 0.271766, "Type": 0, "Nation": "India", "Locations": "[75.7012297620012,30.6528815300019;75.7073164848030,30.6568071096468]", "ORIG_FID": 20946 }, "geometry": { "type": "Point", "coordinates": [ 75.704273123402103, 30.654844319824321 ] } },
{ "type": "Feature", "properties": { "Points_num": 4, "Min_date": "2017-07-05", "Max_date": "2020-10-26", "date2012_p": 0, "date2013_p": 0, "date2014_p": 0, "date2015_p": 0, "date2016_p": 0, "date2017_p": 1, "date2018_p": 0, "date2019_p": 0, "date2020_p": 3, "date2021_p": 0, "CONTINENT": "Asia", "area": 0.189621, "Type": 0, "Nation": "India", "Locations": "[76.1263549030119,33.2806857632754;76.1335956516268,33.2851165250746]", "ORIG_FID": 20947 }, "geometry": { "type": "Point", "coordinates": [ 76.129975277319318, 33.282901144174957 ] } },
{ "type": "Feature", "properties": { "Points_num": 86, "Min_date": "2017-01-05", "Max_date": "2021-12-29", "date2012_p": 0, "date2013_p": 0, "date2014_p": 0, "date2015_p": 0, "date2016_p": 0, "date2017_p": 1, "date2018_p": 0, "date2019_p": 0, "date2020_p": 34, "date2021_p": 51, "CONTINENT": "Asia", "area": 0.829416, "Type": 0, "Nation": "India", "Locations": "[76.2731121329132,15.3322582902019;76.2843999799401,15.3410666635857]", "ORIG_FID": 20948 }, "geometry": { "type": "Point", "coordinates": [ 76.278756056426602, 15.3366624768938 ] } },
{ "type": "Feature", "properties": { "Points_num": 71, "Min_date": "2020-12-03", "Max_date": "2021-04-09", "date2012_p": 0, "date2013_p": 0, "date2014_p": 0, "date2015_p": 0, "date2016_p": 0, "date2017_p": 0, "date2018_p": 0, "date2019_p": 0, "date2020_p": 41, "date2021_p": 30, "CONTINENT": "Asia", "area": 0.643038, "Type": 0, "Nation": "India", "Locations": "[76.3780008749513,15.1890632008078;76.3825218348767,15.2024926325460]", "ORIG_FID": 20949 }, "geometry": { "type": "Point", "coordinates": [ 76.380261354913998, 15.195777916676981 ] } },
{ "type": "Feature", "properties": { "Points_num": 0, "Min_date": null, "Max_date": null, "date2012_p": 0, "date2013_p": 0, "date2014_p": 0, "date2015_p": 0, "date2016_p": 0, "date2017_p": 0, "date2018_p": 0, "date2019_p": 0, "date2020_p": 0, "date2021_p": 0, "CONTINENT": "Asia", "area": 0.052533, "Type": 0, "Nation": "India", "Locations": "[76.9316858899332,28.7412488836333;76.9341069889101,28.7431090056083]", "ORIG_FID": 20950 }, "geometry": { "type": "Point", "coordinates": [ 76.932896439421668, 28.742178944620797 ] } },
{ "type": "Feature", "properties": { "Points_num": 5, "Min_date": "2015-04-20", "Max_date": "2021-04-09", "date2012_p": 0, "date2013_p": 0, "date2014_p": 0, "date2015_p": 1, "date2016_p": 0, "date2017_p": 0, "date2018_p": 0, "date2019_p": 0, "date2020_p": 2, "date2021_p": 2, "CONTINENT": "Asia", "area": 0.171583, "Type": 0, "Nation": "India", "Locations": "[77.0055628867178,25.1879909442392;77.0111288924744,25.1905495890215]", "ORIG_FID": 20951 }, "geometry": { "type": "Point", "coordinates": [ 77.008345889596015, 25.189270266630363 ] } },
{ "type": "Feature", "properties": { "Points_num": 84, "Min_date": "2017-02-24", "Max_date": "2021-01-11", "date2012_p": 0, "date2013_p": 0, "date2014_p": 0, "date2015_p": 0, "date2016_p": 0, "date2017_p": 2, "date2018_p": 0, "date2019_p": 11, "date2020_p": 67, "date2021_p": 4, "CONTINENT": "Asia", "area": 1.79619, "Type": 0, "Nation": "India", "Locations": "[77.1258779007402,28.7610024196749;77.1414633703284,28.7707844713129]", "ORIG_FID": 20952 }, "geometry": { "type": "Point", "coordinates": [ 77.133670635534315, 28.765893445493816 ] } },
{ "type": "Feature", "properties": { "Points_num": 56, "Min_date": "1899-12-30", "Max_date": "2021-02-06", "date2012_p": 0, "date2013_p": 0, "date2014_p": 0, "date2015_p": 5, "date2016_p": 6, "date2017_p": 1, "date2018_p": 3, "date2019_p": 11, "date2020_p": 16, "date2021_p": 8, "CONTINENT": "Asia", "area": 1.63716, "Type": 0, "Nation": "India", "Locations": "[77.1270850645912,17.1010563949386;77.1397057257660,17.1142476157297]", "ORIG_FID": 20953 }, "geometry": { "type": "Point", "coordinates": [ 77.133395395178596, 17.107652005334142 ] } },
{ "type": "Feature", "properties": { "Points_num": 40, "Min_date": "1899-12-30", "Max_date": "2021-11-12", "date2012_p": 0, "date2013_p": 0, "date2014_p": 0, "date2015_p": 0, "date2016_p": 0, "date2017_p": 0, "date2018_p": 0, "date2019_p": 5, "date2020_p": 14, "date2021_p": 21, "CONTINENT": "Asia", "area": 0.519401, "Type": 0, "Nation": "India", "Locations": "[77.2589023470608,28.3475578620191;77.2676825581723,28.3526631659848]", "ORIG_FID": 20954 }, "geometry": { "type": "Point", "coordinates": [ 77.263292452616554, 28.350110514001926 ] } },
{ "type": "Feature", "properties": { "Points_num": 4, "Min_date": "2015-04-02", "Max_date": "2020-04-07", "date2012_p": 0, "date2013_p": 0, "date2014_p": 0, "date2015_p": 1, "date2016_p": 0, "date2017_p": 0, "date2018_p": 0, "date2019_p": 1, "date2020_p": 2, "date2021_p": 0, "CONTINENT": "Asia", "area": 0.278824, "Type": 0, "Nation": "India", "Locations": "[77.5075758530278,22.6735243038764;77.5119450600870,22.6789114007420]", "ORIG_FID": 20955 }, "geometry": { "type": "Point", "coordinates": [ 77.509760456557444, 22.676217852309147 ] } },
{ "type": "Feature", "properties": { "Points_num": 38, "Min_date": "2012-01-27", "Max_date": "2021-03-28", "date2012_p": 2, "date2013_p": 2, "date2014_p": 0, "date2015_p": 2, "date2016_p": 1, "date2017_p": 0, "date2018_p": 0, "date2019_p": 1, "date2020_p": 29, "date2021_p": 1, "CONTINENT": "Asia", "area": 0.575727, "Type": 0, "Nation": "India", "Locations": "[77.5213371016509,28.6855923512038;77.5321636492274,28.6910246681477]", "ORIG_FID": 20956 }, "geometry": { "type": "Point", "coordinates": [ 77.526750375439079, 28.688308509675743 ] } },
{ "type": "Feature", "properties": { "Points_num": 71, "Min_date": "2015-03-05", "Max_date": "2021-05-04", "date2012_p": 0, "date2013_p": 0, "date2014_p": 0, "date2015_p": 1, "date2016_p": 10, "date2017_p": 5, "date2018_p": 5, "date2019_p": 10, "date2020_p": 18, "date2021_p": 12, "CONTINENT": "Asia", "area": 1.47776, "Type": 0, "Nation": "India", "Locations": "[77.6505446515236,22.7571832105948;77.6653634405940,22.7658920378761]", "ORIG_FID": 20957 }, "geometry": { "type": "Point", "coordinates": [ 77.657954046058776, 22.761537624235416 ] } },
{ "type": "Feature", "properties": { "Points_num": 29, "Min_date": "2020-12-16", "Max_date": "2021-01-23", "date2012_p": 0, "date2013_p": 0, "date2014_p": 0, "date2015_p": 0, "date2016_p": 0, "date2017_p": 0, "date2018_p": 0, "date2019_p": 0, "date2020_p": 20, "date2021_p": 9, "CONTINENT": "Asia", "area": 0.750947, "Type": 0, "Nation": "India", "Locations": "[77.6632345832588,28.4594927790637;77.6727105667881,28.4665075286954]", "ORIG_FID": 20958 }, "geometry": { "type": "Point", "coordinates": [ 77.66797257502347, 28.463000153879602 ] } },
{ "type": "Feature", "properties": { "Points_num": 276, "Min_date": "2012-01-21", "Max_date": "2021-04-03", "date2012_p": 4, "date2013_p": 4, "date2014_p": 0, "date2015_p": 0, "date2016_p": 0, "date2017_p": 0, "date2018_p": 0, "date2019_p": 0, "date2020_p": 161, "date2021_p": 107, "CONTINENT": "Asia", "area": 1.39748, "Type": 0, "Nation": "India", "Locations": "[79.0228513519475,20.1130330454177;79.0381379786197,20.1273764197502]", "ORIG_FID": 20959 }, "geometry": { "type": "Point", "coordinates": [ 79.030494665283555, 20.120204732583954 ] } },
{ "type": "Feature", "properties": { "Points_num": 80, "Min_date": "2012-06-28", "Max_date": "2021-03-11", "date2012_p": 7, "date2013_p": 7, "date2014_p": 7, "date2015_p": 4, "date2016_p": 0, "date2017_p": 5, "date2018_p": 0, "date2019_p": 1, "date2020_p": 27, "date2021_p": 22, "CONTINENT": "Asia", "area": 0.452688, "Type": 0, "Nation": "India", "Locations": "[79.2301801952418,21.2375805024257;79.2371555150305,21.2430247092069]", "ORIG_FID": 20960 }, "geometry": { "type": "Point", "coordinates": [ 79.233667855136176, 21.240302605816272 ] } },
{ "type": "Feature", "properties": { "Points_num": 42, "Min_date": "2018-05-12", "Max_date": "2021-04-27", "date2012_p": 0, "date2013_p": 0, "date2014_p": 0, "date2015_p": 0, "date2016_p": 0, "date2017_p": 0, "date2018_p": 2, "date2019_p": 10, "date2020_p": 18, "date2021_p": 8, "CONTINENT": "Asia", "area": 0.359455, "Type": 0, "Nation": "India", "Locations": "[79.2485618486335,20.8714946994670;79.2550940055390,20.8777065746794]", "ORIG_FID": 20961 }, "geometry": { "type": "Point", "coordinates": [ 79.251827927086282, 20.874600637073222 ] } },
{ "type": "Feature", "properties": { "Points_num": 105, "Min_date": "2012-05-30", "Max_date": "2021-02-25", "date2012_p": 3, "date2013_p": 3, "date2014_p": 0, "date2015_p": 2, "date2016_p": 0, "date2017_p": 0, "date2018_p": 0, "date2019_p": 0, "date2020_p": 19, "date2021_p": 78, "CONTINENT": "Asia", "area": 0.719548, "Type": 0, "Nation": "India", "Locations": "[79.5035912476845,18.7182066718906;79.5141508965677,18.7259603406931]", "ORIG_FID": 20962 }, "geometry": { "type": "Point", "coordinates": [ 79.508871072126141, 18.722083506291831 ] } },
{ "type": "Feature", "properties": { "Points_num": 368, "Min_date": "2015-01-06", "Max_date": "2021-01-31", "date2012_p": 0, "date2013_p": 0, "date2014_p": 0, "date2015_p": 5, "date2016_p": 3, "date2017_p": 3, "date2018_p": 84, "date2019_p": 0, "date2020_p": 15, "date2021_p": 90, "CONTINENT": "Asia", "area": 0.597047, "Type": 0, "Nation": "India", "Locations": "[79.5280836752824,18.7230082816034;79.5366759469719,18.7283612641858]", "ORIG_FID": 20963 }, "geometry": { "type": "Point", "coordinates": [ 79.532379811127043, 18.725684772894606 ] } },
{ "type": "Feature", "properties": { "Points_num": 90, "Min_date": "2012-04-13", "Max_date": "2020-05-25", "date2012_p": 32, "date2013_p": 32, "date2014_p": 4, "date2015_p": 1, "date2016_p": 0, "date2017_p": 0, "date2018_p": 0, "date2019_p": 0, "date2020_p": 21, "date2021_p": 0, "CONTINENT": "Asia", "area": 0.768868, "Type": 0, "Nation": "India", "Locations": "[80.1206186257550,14.2641414998606;80.1280554927635,14.2718511219275]", "ORIG_FID": 20964 }, "geometry": { "type": "Point", "coordinates": [ 80.124337059259219, 14.267996310893992 ] } },
{ "type": "Feature", "properties": { "Points_num": 62, "Min_date": "2020-12-25", "Max_date": "2021-06-09", "date2012_p": 0, "date2013_p": 0, "date2014_p": 0, "date2015_p": 0, "date2016_p": 0, "date2017_p": 0, "date2018_p": 0, "date2019_p": 0, "date2020_p": 34, "date2021_p": 28, "CONTINENT": "Asia", "area": 0.321027, "Type": 0, "Nation": "India", "Locations": "[80.1301610615367,14.2673687041237;80.1343880335747,14.2748247692921]", "ORIG_FID": 20965 }, "geometry": { "type": "Point", "coordinates": [ 80.132274547555667, 14.271096736707914 ] } },
{ "type": "Feature", "properties": { "Points_num": 236, "Min_date": "2018-07-02", "Max_date": "2021-10-21", "date2012_p": 0, "date2013_p": 0, "date2014_p": 0, "date2015_p": 0, "date2016_p": 0, "date2017_p": 0, "date2018_p": 1, "date2019_p": 20, "date2020_p": 149, "date2021_p": 64, "CONTINENT": "Asia", "area": 0.409119, "Type": 0, "Nation": "India", "Locations": "[80.3140773905287,17.5790050946203;80.3222084906748,17.5832245760157]", "ORIG_FID": 20966 }, "geometry": { "type": "Point", "coordinates": [ 80.31814294060176, 17.58111483531798 ] } },
{ "type": "Feature", "properties": { "Points_num": 31, "Min_date": "2012-02-09", "Max_date": "2021-12-05", "date2012_p": 1, "date2013_p": 1, "date2014_p": 0, "date2015_p": 0, "date2016_p": 0, "date2017_p": 0, "date2018_p": 0, "date2019_p": 14, "date2020_p": 12, "date2021_p": 3, "CONTINENT": "Asia", "area": 0.628351, "Type": 0, "Nation": "India", "Locations": "[80.7591498508877,17.9500609071077;80.7679909133711,17.9590111403577]", "ORIG_FID": 20967 }, "geometry": { "type": "Point", "coordinates": [ 80.763570382129387, 17.954536023732697 ] } },
{ "type": "Feature", "properties": { "Points_num": 90, "Min_date": "2012-02-29", "Max_date": "2021-01-01", "date2012_p": 4, "date2013_p": 4, "date2014_p": 4, "date2015_p": 0, "date2016_p": 2, "date2017_p": 6, "date2018_p": 5, "date2019_p": 10, "date2020_p": 27, "date2021_p": 18, "CONTINENT": "Asia", "area": 0.940317, "Type": 0, "Nation": "India", "Locations": "[81.6135799781811,21.2966135036968;81.6231004020114,21.3044658620381]", "ORIG_FID": 20968 }, "geometry": { "type": "Point", "coordinates": [ 81.618340190096234, 21.300539682867399 ] } },
{ "type": "Feature", "properties": { "Points_num": 14, "Min_date": "2012-02-26", "Max_date": "2021-03-17", "date2012_p": 1, "date2013_p": 1, "date2014_p": 0, "date2015_p": 1, "date2016_p": 5, "date2017_p": 1, "date2018_p": 0, "date2019_p": 0, "date2020_p": 1, "date2021_p": 4, "CONTINENT": "Asia", "area": 0.083837, "Type": 0, "Nation": "India", "Locations": "[81.9874265450471,16.8741757169545;81.9899267021793,16.8767946966483]", "ORIG_FID": 20969 }, "geometry": { "type": "Point", "coordinates": [ 81.988676623613159, 16.875485206801457 ] } },
{ "type": "Feature", "properties": { "Points_num": 34, "Min_date": "1899-12-30", "Max_date": "2021-02-22", "date2012_p": 0, "date2013_p": 0, "date2014_p": 0, "date2015_p": 0, "date2016_p": 0, "date2017_p": 0, "date2018_p": 0, "date2019_p": 5, "date2020_p": 15, "date2021_p": 14, "CONTINENT": "Asia", "area": 0.350417, "Type": 0, "Nation": "India", "Locations": "[82.5552953092638,22.3189509570306;82.5632300481523,22.3235029417015]", "ORIG_FID": 20970 }, "geometry": { "type": "Point", "coordinates": [ 82.559262678708038, 22.321226949366036 ] } },
{ "type": "Feature", "properties": { "Points_num": 244, "Min_date": "2012-04-17", "Max_date": "2021-03-16", "date2012_p": 28, "date2013_p": 28, "date2014_p": 3, "date2015_p": 11, "date2016_p": 13, "date2017_p": 8, "date2018_p": 0, "date2019_p": 24, "date2020_p": 47, "date2021_p": 82, "CONTINENT": "Asia", "area": 0.42373, "Type": 0, "Nation": "India", "Locations": "[82.5984433716318,24.1435134085414;82.6067338334731,24.1478903732428]", "ORIG_FID": 20971 }, "geometry": { "type": "Point", "coordinates": [ 82.60258860255243, 24.145701890892099 ] } },
{ "type": "Feature", "properties": { "Points_num": 25, "Min_date": "2017-06-17", "Max_date": "2021-05-29", "date2012_p": 0, "date2013_p": 0, "date2014_p": 0, "date2015_p": 0, "date2016_p": 0, "date2017_p": 1, "date2018_p": 0, "date2019_p": 2, "date2020_p": 10, "date2021_p": 12, "CONTINENT": "Asia", "area": 0.549487, "Type": 0, "Nation": "India", "Locations": "[82.6127008571023,24.1581503974908;82.6206337389820,24.1635711691575]", "ORIG_FID": 20972 }, "geometry": { "type": "Point", "coordinates": [ 82.616667298042131, 24.160860783324168 ] } },
{ "type": "Feature", "properties": { "Points_num": 130, "Min_date": "2015-02-23", "Max_date": "2021-02-11", "date2012_p": 0, "date2013_p": 0, "date2014_p": 0, "date2015_p": 1, "date2016_p": 0, "date2017_p": 3, "date2018_p": 0, "date2019_p": 22, "date2020_p": 32, "date2021_p": 72, "CONTINENT": "Asia", "area": 0.502102, "Type": 0, "Nation": "India", "Locations": "[82.6475291447833,22.3317364626038;82.6558417111480,22.3377863093191]", "ORIG_FID": 20973 }, "geometry": { "type": "Point", "coordinates": [ 82.65168542796566, 22.334761385961414 ] } },
{ "type": "Feature", "properties": { "Points_num": 0, "Min_date": null, "Max_date": null, "date2012_p": 0, "date2013_p": 0, "date2014_p": 0, "date2015_p": 0, "date2016_p": 0, "date2017_p": 0, "date2018_p": 0, "date2019_p": 0, "date2020_p": 0, "date2021_p": 0, "CONTINENT": "Asia", "area": 0.104102, "Type": 0, "Nation": "India", "Locations": "[82.6627562496995,24.1503272794827;82.6660269435619,24.1537697535307]", "ORIG_FID": 20974 }, "geometry": { "type": "Point", "coordinates": [ 82.664391596630693, 24.152048516506675 ] } },
{ "type": "Feature", "properties": { "Points_num": 63, "Min_date": "1899-12-30", "Max_date": "2021-06-08", "date2012_p": 0, "date2013_p": 0, "date2014_p": 0, "date2015_p": 1, "date2016_p": 0, "date2017_p": 8, "date2018_p": 0, "date2019_p": 13, "date2020_p": 37, "date2021_p": 4, "CONTINENT": "Asia", "area": 1.6242, "Type": 0, "Nation": "India", "Locations": "[82.6539661570923,24.1713927386840;82.6732383207856,24.1840799481176]", "ORIG_FID": 20975 }, "geometry": { "type": "Point", "coordinates": [ 82.663602238938921, 24.177736343400795 ] } },
{ "type": "Feature", "properties": { "Points_num": 12, "Min_date": "2020-03-26", "Max_date": "2021-09-21", "date2012_p": 0, "date2013_p": 0, "date2014_p": 0, "date2015_p": 0, "date2016_p": 0, "date2017_p": 0, "date2018_p": 0, "date2019_p": 0, "date2020_p": 5, "date2021_p": 7, "CONTINENT": "Asia", "area": 0.361051, "Type": 0, "Nation": "India", "Locations": "[82.6733459353168,24.1635628455705;82.6801822069916,24.1721936888289]", "ORIG_FID": 20976 }, "geometry": { "type": "Point", "coordinates": [ 82.676764071154139, 24.1678782671998 ] } },
{ "type": "Feature", "properties": { "Points_num": 42, "Min_date": "1899-12-30", "Max_date": "2021-01-19", "date2012_p": 0, "date2013_p": 0, "date2014_p": 0, "date2015_p": 0, "date2016_p": 0, "date2017_p": 0, "date2018_p": 0, "date2019_p": 7, "date2020_p": 26, "date2021_p": 9, "CONTINENT": "Asia", "area": 0.466306, "Type": 0, "Nation": "India", "Locations": "[82.7264306440259,24.1284528511917;82.7377883423910,24.1326800000001]", "ORIG_FID": 20977 }, "geometry": { "type": "Point", "coordinates": [ 82.732109493208469, 24.130566425595902 ] } },
{ "type": "Feature", "properties": { "Points_num": 45, "Min_date": "1899-12-30", "Max_date": "2021-12-19", "date2012_p": 3, "date2013_p": 3, "date2014_p": 0, "date2015_p": 0, "date2016_p": 0, "date2017_p": 8, "date2018_p": 2, "date2019_p": 4, "date2020_p": 17, "date2021_p": 4, "CONTINENT": "Asia", "area": 1.05883, "Type": 0, "Nation": "India", "Locations": "[83.1131818983550,22.0972045935596;83.1231889578904,22.1051244565404]", "ORIG_FID": 20978 }, "geometry": { "type": "Point", "coordinates": [ 83.118185428122715, 22.101164525049953 ] } },
{ "type": "Feature", "properties": { "Points_num": 10, "Min_date": "2019-05-13", "Max_date": "2021-10-20", "date2012_p": 0, "date2013_p": 0, "date2014_p": 0, "date2015_p": 0, "date2016_p": 0, "date2017_p": 0, "date2018_p": 0, "date2019_p": 2, "date2020_p": 5, "date2021_p": 3, "CONTINENT": "Asia", "area": 0.146378, "Type": 0, "Nation": "India", "Locations": "[83.1782529875481,17.5969540933430;83.1828704260278,17.6008514351988]", "ORIG_FID": 20979 }, "geometry": { "type": "Point", "coordinates": [ 83.180561706787998, 17.598902764270917 ] } },
{ "type": "Feature", "properties": { "Points_num": 159, "Min_date": "2015-06-04", "Max_date": "2021-04-06", "date2012_p": 0, "date2013_p": 0, "date2014_p": 0, "date2015_p": 5, "date2016_p": 1, "date2017_p": 0, "date2018_p": 41, "date2019_p": 0, "date2020_p": 18, "date2021_p": 12, "CONTINENT": "Asia", "area": 1.48482, "Type": 0, "Nation": "India", "Locations": "[83.2789014349189,22.2880414042550;83.2920045009240,22.2989869248819]", "ORIG_FID": 20980 }, "geometry": { "type": "Point", "coordinates": [ 83.285452967921472, 22.293514164568411 ] } },
{ "type": "Feature", "properties": { "Points_num": 54, "Min_date": "2019-02-03", "Max_date": "2021-03-15", "date2012_p": 0, "date2013_p": 0, "date2014_p": 0, "date2015_p": 0, "date2016_p": 0, "date2017_p": 0, "date2018_p": 0, "date2019_p": 6, "date2020_p": 23, "date2021_p": 25, "CONTINENT": "Asia", "area": 0.725713, "Type": 0, "Nation": "India", "Locations": "[83.3631700899073,22.0259576707592;83.3715538631942,22.0334660782656]", "ORIG_FID": 20981 }, "geometry": { "type": "Point", "coordinates": [ 83.367361976550782, 22.029711874512419 ] } },
{ "type": "Feature", "properties": { "Points_num": 248, "Min_date": "2012-03-03", "Max_date": "2021-01-14", "date2012_p": 7, "date2013_p": 7, "date2014_p": 1, "date2015_p": 8, "date2016_p": 4, "date2017_p": 2, "date2018_p": 0, "date2019_p": 35, "date2020_p": 67, "date2021_p": 117, "CONTINENT": "Asia", "area": 1.01762, "Type": 0, "Nation": "India", "Locations": "[84.8375329311812,23.7998497580987;84.8497600000000,23.8118459120498]", "ORIG_FID": 20982 }, "geometry": { "type": "Point", "coordinates": [ 84.843646465590609, 23.805847835074292 ] } },
{ "type": "Feature", "properties": { "Points_num": 77, "Min_date": "1899-12-30", "Max_date": "2021-12-22", "date2012_p": 0, "date2013_p": 0, "date2014_p": 1, "date2015_p": 5, "date2016_p": 7, "date2017_p": 3, "date2018_p": 5, "date2019_p": 8, "date2020_p": 13, "date2021_p": 25, "CONTINENT": "Asia", "area": 0.236458, "Type": 0, "Nation": "India", "Locations": "[84.9782681687250,20.8796281139131;84.9824602469120,20.8836509314077]", "ORIG_FID": 20983 }, "geometry": { "type": "Point", "coordinates": [ 84.980364207818482, 20.881639522660389 ] } },
{ "type": "Feature", "properties": { "Points_num": 3, "Min_date": "2016-04-10", "Max_date": "2020-07-16", "date2012_p": 0, "date2013_p": 0, "date2014_p": 0, "date2015_p": 0, "date2016_p": 1, "date2017_p": 0, "date2018_p": 0, "date2019_p": 0, "date2020_p": 2, "date2021_p": 0, "CONTINENT": "Asia", "area": 0.222264, "Type": 0, "Nation": "India", "Locations": "[85.0001696094694,23.6928500000001;85.0059232475633,23.6974558420426]", "ORIG_FID": 20984 }, "geometry": { "type": "Point", "coordinates": [ 85.003046428516384, 23.695152921021407 ] } },
{ "type": "Feature", "properties": { "Points_num": 78, "Min_date": "2014-04-10", "Max_date": "2021-10-11", "date2012_p": 0, "date2013_p": 0, "date2014_p": 1, "date2015_p": 0, "date2016_p": 0, "date2017_p": 0, "date2018_p": 0, "date2019_p": 0, "date2020_p": 16, "date2021_p": 61, "CONTINENT": "Asia", "area": 0.274884, "Type": 0, "Nation": "India", "Locations": "[85.1693196456550,20.9688980534943;85.1747444264221,20.9729344763373]", "ORIG_FID": 20985 }, "geometry": { "type": "Point", "coordinates": [ 85.172032036038544, 20.970916264915811 ] } },
{ "type": "Feature", "properties": { "Points_num": 139, "Min_date": "2014-02-24", "Max_date": "2021-11-27", "date2012_p": 0, "date2013_p": 0, "date2014_p": 1, "date2015_p": 0, "date2016_p": 3, "date2017_p": 1, "date2018_p": 3, "date2019_p": 12, "date2020_p": 33, "date2021_p": 80, "CONTINENT": "Asia", "area": 0.217467, "Type": 0, "Nation": "India", "Locations": "[85.3817868760819,22.1317255612510;85.3858701301595,22.1357658671715]", "ORIG_FID": 20986 }, "geometry": { "type": "Point", "coordinates": [ 85.383828503120696, 22.13374571421129 ] } },
{ "type": "Feature", "properties": { "Points_num": 80, "Min_date": "2015-03-21", "Max_date": "2021-01-20", "date2012_p": 0, "date2013_p": 0, "date2014_p": 0, "date2015_p": 1, "date2016_p": 11, "date2017_p": 0, "date2018_p": 5, "date2019_p": 13, "date2020_p": 18, "date2021_p": 22, "CONTINENT": "Asia", "area": 0.174557, "Type": 0, "Nation": "India", "Locations": "[85.3960182631745,23.6396401388877;85.4002884496030,23.6428042628777]", "ORIG_FID": 20987 }, "geometry": { "type": "Point", "coordinates": [ 85.398153356388718, 23.64122220088268 ] } },
{ "type": "Feature", "properties": { "Points_num": 40, "Min_date": "2019-03-12", "Max_date": "2021-03-02", "date2012_p": 0, "date2013_p": 0, "date2014_p": 0, "date2015_p": 0, "date2016_p": 0, "date2017_p": 0, "date2018_p": 0, "date2019_p": 4, "date2020_p": 16, "date2021_p": 20, "CONTINENT": "Asia", "area": 0.439943, "Type": 0, "Nation": "India", "Locations": "[85.4326125668052,21.6813706464192;85.4393899202124,21.6865491930782]", "ORIG_FID": 20988 }, "geometry": { "type": "Point", "coordinates": [ 85.436001243508827, 21.683959919748688 ] } },
{ "type": "Feature", "properties": { "Points_num": 97, "Min_date": "2018-03-09", "Max_date": "2021-10-29", "date2012_p": 0, "date2013_p": 0, "date2014_p": 0, "date2015_p": 0, "date2016_p": 0, "date2017_p": 0, "date2018_p": 8, "date2019_p": 6, "date2020_p": 28, "date2021_p": 39, "CONTINENT": "Asia", "area": 0.414154, "Type": 0, "Nation": "India", "Locations": "[85.5227383392787,23.7201407884775;85.5299283027634,23.7265286023294]", "ORIG_FID": 20989 }, "geometry": { "type": "Point", "coordinates": [ 85.526333321021056, 23.723334695403498 ] } },
{ "type": "Feature", "properties": { "Points_num": 0, "Min_date": null, "Max_date": null, "date2012_p": 0, "date2013_p": 0, "date2014_p": 0, "date2015_p": 0, "date2016_p": 0, "date2017_p": 0, "date2018_p": 0, "date2019_p": 0, "date2020_p": 0, "date2021_p": 0, "CONTINENT": "Asia", "area": 0.159601, "Type": 0, "Nation": "India", "Locations": "[85.5665374970678,23.7932350531652;85.5719709792204,23.7975300000001]", "ORIG_FID": 20990 }, "geometry": { "type": "Point", "coordinates": [ 85.56925423814414, 23.795382526582639 ] } },
{ "type": "Feature", "properties": { "Points_num": 26, "Min_date": "2020-12-13", "Max_date": "2021-12-14", "date2012_p": 0, "date2013_p": 0, "date2014_p": 0, "date2015_p": 0, "date2016_p": 0, "date2017_p": 0, "date2018_p": 0, "date2019_p": 0, "date2020_p": 17, "date2021_p": 9, "CONTINENT": "Asia", "area": 0.33589, "Type": 0, "Nation": "India", "Locations": "[85.5645724425518,23.6460782858719;85.5708256071914,23.6513550396978]", "ORIG_FID": 20991 }, "geometry": { "type": "Point", "coordinates": [ 85.567699024871587, 23.64871666278486 ] } },
{ "type": "Feature", "properties": { "Points_num": 44, "Min_date": "2016-01-04", "Max_date": "2021-02-07", "date2012_p": 0, "date2013_p": 0, "date2014_p": 0, "date2015_p": 0, "date2016_p": 2, "date2017_p": 4, "date2018_p": 0, "date2019_p": 8, "date2020_p": 22, "date2021_p": 8, "CONTINENT": "Asia", "area": 0.20887, "Type": 0, "Nation": "India", "Locations": "[85.9094013445052,23.7686149981162;85.9163475389488,23.7714683177696]", "ORIG_FID": 20992 }, "geometry": { "type": "Point", "coordinates": [ 85.912874441726998, 23.770041657942883 ] } },
{ "type": "Feature", "properties": { "Points_num": 62, "Min_date": "1899-12-30", "Max_date": "2021-11-09", "date2012_p": 0, "date2013_p": 0, "date2014_p": 0, "date2015_p": 0, "date2016_p": 1, "date2017_p": 0, "date2018_p": 5, "date2019_p": 16, "date2020_p": 12, "date2021_p": 18, "CONTINENT": "Asia", "area": 0.289219, "Type": 0, "Nation": "India", "Locations": "[86.0693021886783,23.6756630246724;86.0740183453764,23.6802254957087]", "ORIG_FID": 20993 }, "geometry": { "type": "Point", "coordinates": [ 86.071660267027312, 23.677944260190532 ] } },
{ "type": "Feature", "properties": { "Points_num": 9, "Min_date": "2020-11-28", "Max_date": "2021-08-21", "date2012_p": 0, "date2013_p": 0, "date2014_p": 0, "date2015_p": 0, "date2016_p": 0, "date2017_p": 0, "date2018_p": 0, "date2019_p": 0, "date2020_p": 7, "date2021_p": 2, "CONTINENT": "Asia", "area": 0.202348, "Type": 0, "Nation": "India", "Locations": "[86.1933672321308,23.7794171611371;86.2016173523507,23.7813758878507]", "ORIG_FID": 20994 }, "geometry": { "type": "Point", "coordinates": [ 86.197492292240725, 23.780396524493952 ] } },
{ "type": "Feature", "properties": { "Points_num": 68, "Min_date": "1899-12-30", "Max_date": "2021-11-19", "date2012_p": 0, "date2013_p": 0, "date2014_p": 0, "date2015_p": 0, "date2016_p": 0, "date2017_p": 0, "date2018_p": 0, "date2019_p": 2, "date2020_p": 17, "date2021_p": 49, "CONTINENT": "Asia", "area": 0.297957, "Type": 0, "Nation": "India", "Locations": "[86.2004799272986,23.7709308938573;86.2078059437719,23.7745083804809]", "ORIG_FID": 20995 }, "geometry": { "type": "Point", "coordinates": [ 86.204142935535273, 23.772719637169089 ] } },
{ "type": "Feature", "properties": { "Points_num": 9, "Min_date": "1899-12-30", "Max_date": "2021-03-13", "date2012_p": 0, "date2013_p": 0, "date2014_p": 0, "date2015_p": 0, "date2016_p": 0, "date2017_p": 0, "date2018_p": 0, "date2019_p": 2, "date2020_p": 5, "date2021_p": 2, "CONTINENT": "Asia", "area": 0.554185, "Type": 0, "Nation": "India", "Locations": "[87.0744569238784,23.7856855258181;87.0829960438808,23.7914740044044]", "ORIG_FID": 20996 }, "geometry": { "type": "Point", "coordinates": [ 87.078726483879649, 23.78857976511129 ] } },
{ "type": "Feature", "properties": { "Points_num": 113, "Min_date": "2019-04-21", "Max_date": "2021-11-06", "date2012_p": 0, "date2013_p": 0, "date2014_p": 0, "date2015_p": 0, "date2016_p": 0, "date2017_p": 0, "date2018_p": 0, "date2019_p": 3, "date2020_p": 16, "date2021_p": 94, "CONTINENT": "Asia", "area": 0.194266, "Type": 0, "Nation": "India", "Locations": "[87.1197543324578,23.6865422502689;87.1248826914833,23.6896000000000]", "ORIG_FID": 20997 }, "geometry": { "type": "Point", "coordinates": [ 87.12231851197059, 23.688071125134464 ] } },
{ "type": "Feature", "properties": { "Points_num": 38, "Min_date": "2020-11-21", "Max_date": "2021-01-20", "date2012_p": 0, "date2013_p": 0, "date2014_p": 0, "date2015_p": 0, "date2016_p": 0, "date2017_p": 0, "date2018_p": 0, "date2019_p": 0, "date2020_p": 22, "date2021_p": 16, "CONTINENT": "Asia", "area": 0.218825, "Type": 0, "Nation": "India", "Locations": "[87.2058017989319,23.8218810793200;87.2122117535985,23.8246327788680]", "ORIG_FID": 20998 }, "geometry": { "type": "Point", "coordinates": [ 87.209006776265213, 23.823256929093972 ] } },
{ "type": "Feature", "properties": { "Points_num": 47, "Min_date": "2015-01-08", "Max_date": "2021-01-04", "date2012_p": 0, "date2013_p": 0, "date2014_p": 0, "date2015_p": 1, "date2016_p": 0, "date2017_p": 3, "date2018_p": 2, "date2019_p": 1, "date2020_p": 18, "date2021_p": 18, "CONTINENT": "Asia", "area": 0.360953, "Type": 0, "Nation": "India", "Locations": "[87.2974043085705,23.5877388567145;87.3059935662288,23.5935898191258]", "ORIG_FID": 20999 }, "geometry": { "type": "Point", "coordinates": [ 87.301698937399649, 23.590664337920135 ] } },
{ "type": "Feature", "properties": { "Points_num": 7, "Min_date": "2018-07-08", "Max_date": "2020-04-24", "date2012_p": 0, "date2013_p": 0, "date2014_p": 0, "date2015_p": 0, "date2016_p": 0, "date2017_p": 0, "date2018_p": 2, "date2019_p": 0, "date2020_p": 1, "date2021_p": 0, "CONTINENT": "Asia", "area": 0.404637, "Type": 0, "Nation": "India", "Locations": "[88.1072653057998,22.0617230459737;88.1139204577746,22.0681467044294]", "ORIG_FID": 21000 }, "geometry": { "type": "Point", "coordinates": [ 88.110592881787269, 22.064934875201555 ] } },
{ "type": "Feature", "properties": { "Points_num": 24, "Min_date": "2014-01-22", "Max_date": "2021-11-29", "date2012_p": 0, "date2013_p": 0, "date2014_p": 1, "date2015_p": 0, "date2016_p": 0, "date2017_p": 0, "date2018_p": 0, "date2019_p": 0, "date2020_p": 5, "date2021_p": 18, "CONTINENT": "Asia", "area": 0.325691, "Type": 0, "Nation": "India", "Locations": "[90.9024364279254,25.5105792790928;90.9084185166815,25.5156985963810]", "ORIG_FID": 21001 }, "geometry": { "type": "Point", "coordinates": [ 90.905427472303472, 25.51313893773689 ] } },
{ "type": "Feature", "properties": { "Points_num": 108, "Min_date": "2020-10-16", "Max_date": "2020-06-29", "date2012_p": 0, "date2013_p": 0, "date2014_p": 0, "date2015_p": 0, "date2016_p": 0, "date2017_p": 0, "date2018_p": 0, "date2019_p": 0, "date2020_p": 108, "date2021_p": 0, "CONTINENT": "Asia", "area": 0.570496, "Type": 0, "Nation": "India", "Locations": "[95.3788163887470,27.5934991598089;95.3877059766594,27.5977800517033]", "ORIG_FID": 21002 }, "geometry": { "type": "Point", "coordinates": [ 95.383261182703237, 27.595639605756062 ] } },
{ "type": "Feature", "properties": { "Points_num": 170, "Min_date": "2012-01-28", "Max_date": "2021-01-11", "date2012_p": 18, "date2013_p": 18, "date2014_p": 4, "date2015_p": 0, "date2016_p": 2, "date2017_p": 0, "date2018_p": 12, "date2019_p": 22, "date2020_p": 39, "date2021_p": 31, "CONTINENT": "Asia", "area": 0.37118, "Type": 0, "Nation": "India", "Locations": "[70.2596286986392,23.2557274198880;70.2670288223674,23.2602800603246]", "ORIG_FID": 21003 }, "geometry": { "type": "Point", "coordinates": [ 70.263328760503271, 23.258003740106318 ] } },
{ "type": "Feature", "properties": { "Points_num": 26, "Min_date": "2020-10-17", "Max_date": "2021-05-22", "date2012_p": 0, "date2013_p": 0, "date2014_p": 0, "date2015_p": 0, "date2016_p": 0, "date2017_p": 0, "date2018_p": 0, "date2019_p": 0, "date2020_p": 7, "date2021_p": 19, "CONTINENT": "Asia", "area": 1.48905, "Type": 0, "Nation": "India", "Locations": "[70.9090813710334,22.7809640391811;70.9220256389052,22.7907091436124]", "ORIG_FID": 21004 }, "geometry": { "type": "Point", "coordinates": [ 70.915553504969338, 22.785836591396791 ] } },
{ "type": "Feature", "properties": { "Points_num": 1, "Min_date": "2021-03-06", "Max_date": "2021-03-06", "date2012_p": 0, "date2013_p": 0, "date2014_p": 0, "date2015_p": 0, "date2016_p": 0, "date2017_p": 0, "date2018_p": 0, "date2019_p": 0, "date2020_p": 0, "date2021_p": 1, "CONTINENT": "Asia", "area": 0.123948, "Type": 0, "Nation": "India", "Locations": "[71.0092885618723,22.7360120582258;71.0130599370812,22.7388396515954]", "ORIG_FID": 21005 }, "geometry": { "type": "Point", "coordinates": [ 71.011174249476738, 22.737425854910569 ] } },
{ "type": "Feature", "properties": { "Points_num": 2, "Min_date": "1899-12-30", "Max_date": "1899-12-30", "date2012_p": 1, "date2013_p": 1, "date2014_p": 0, "date2015_p": 0, "date2016_p": 0, "date2017_p": 0, "date2018_p": 0, "date2019_p": 0, "date2020_p": 0, "date2021_p": 0, "CONTINENT": "Asia", "area": 0.070222, "Type": 0, "Nation": "India", "Locations": "[74.5677237859294,30.4007094196286;74.5704515194383,30.4030956888146]", "ORIG_FID": 21006 }, "geometry": { "type": "Point", "coordinates": [ 74.56908765268382, 30.401902554221593 ] } },
{ "type": "Feature", "properties": { "Points_num": 30, "Min_date": "1899-12-30", "Max_date": "2021-12-21", "date2012_p": 0, "date2013_p": 0, "date2014_p": 0, "date2015_p": 0, "date2016_p": 0, "date2017_p": 0, "date2018_p": 0, "date2019_p": 1, "date2020_p": 10, "date2021_p": 19, "CONTINENT": "Asia", "area": 0.733178, "Type": 0, "Nation": "India", "Locations": "[74.6762335105464,24.6893899265664;74.6905864193336,24.6951960440397]", "ORIG_FID": 21007 }, "geometry": { "type": "Point", "coordinates": [ 74.683409964939912, 24.692292985303091 ] } },
{ "type": "Feature", "properties": { "Points_num": 24, "Min_date": "1899-12-30", "Max_date": "2021-11-12", "date2012_p": 1, "date2013_p": 1, "date2014_p": 4, "date2015_p": 1, "date2016_p": 1, "date2017_p": 6, "date2018_p": 0, "date2019_p": 2, "date2020_p": 1, "date2021_p": 7, "CONTINENT": "Asia", "area": 0.712438, "Type": 0, "Nation": "India", "Locations": "[74.6820101042388,30.6292604297820;74.6916826132276,30.6368008757730]", "ORIG_FID": 21008 }, "geometry": { "type": "Point", "coordinates": [ 74.686846358733206, 30.63303065277746 ] } },
{ "type": "Feature", "properties": { "Points_num": 72, "Min_date": "2014-02-24", "Max_date": "2021-02-11", "date2012_p": 0, "date2013_p": 0, "date2014_p": 3, "date2015_p": 1, "date2016_p": 5, "date2017_p": 7, "date2018_p": 5, "date2019_p": 5, "date2020_p": 15, "date2021_p": 21, "CONTINENT": "Asia", "area": 1.47966, "Type": 0, "Nation": "India", "Locations": "[75.2248218363093,19.8110662747533;75.2349361677009,19.8232372177982]", "ORIG_FID": 21009 }, "geometry": { "type": "Point", "coordinates": [ 75.229879002005077, 19.817151746275741 ] } },
{ "type": "Feature", "properties": { "Points_num": 2, "Min_date": "1899-12-30", "Max_date": "2020-11-06", "date2012_p": 0, "date2013_p": 0, "date2014_p": 0, "date2015_p": 0, "date2016_p": 1, "date2017_p": 0, "date2018_p": 0, "date2019_p": 0, "date2020_p": 1, "date2021_p": 0, "CONTINENT": "Asia", "area": 0.070887, "Type": 0, "Nation": "India", "Locations": "[75.4414442644222,30.1952788524652;75.4441170987853,30.1978664161369]", "ORIG_FID": 21010 }, "geometry": { "type": "Point", "coordinates": [ 75.442780681603779, 30.196572634301088 ] } },
{ "type": "Feature", "properties": { "Points_num": 43, "Min_date": "1899-12-30", "Max_date": "2021-12-04", "date2012_p": 1, "date2013_p": 1, "date2014_p": 2, "date2015_p": 2, "date2016_p": 0, "date2017_p": 3, "date2018_p": 0, "date2019_p": 11, "date2020_p": 8, "date2021_p": 15, "CONTINENT": "Asia", "area": 0.370015, "Type": 0, "Nation": "India", "Locations": "[75.9927550349497,30.8803296790460;76.0005775130065,30.8848799485661]", "ORIG_FID": 21011 }, "geometry": { "type": "Point", "coordinates": [ 75.996666273978065, 30.88260481380604 ] } },
{ "type": "Feature", "properties": { "Points_num": 27, "Min_date": "1899-12-30", "Max_date": "2021-02-14", "date2012_p": 1, "date2013_p": 1, "date2014_p": 0, "date2015_p": 0, "date2016_p": 1, "date2017_p": 2, "date2018_p": 2, "date2019_p": 0, "date2020_p": 1, "date2021_p": 15, "CONTINENT": "Asia", "area": 0.311768, "Type": 0, "Nation": "India", "Locations": "[76.3887009328146,9.96249255726252;76.3936429625961,9.96752774476073]", "ORIG_FID": 21012 }, "geometry": { "type": "Point", "coordinates": [ 76.391171947705317, 9.965010151011626 ] } },
{ "type": "Feature", "properties": { "Points_num": 1, "Min_date": "2021-04-19", "Max_date": "2021-04-19", "date2012_p": 0, "date2013_p": 0, "date2014_p": 0, "date2015_p": 0, "date2016_p": 0, "date2017_p": 0, "date2018_p": 0, "date2019_p": 0, "date2020_p": 0, "date2021_p": 1, "CONTINENT": "Asia", "area": 0.516667, "Type": 0, "Nation": "India", "Locations": "[76.3890449245354,9.96729251208615;76.3978759599499,9.97167072033687]", "ORIG_FID": 21013 }, "geometry": { "type": "Point", "coordinates": [ 76.393460442242628, 9.969481616211468 ] } },
{ "type": "Feature", "properties": { "Points_num": 4, "Min_date": "1899-12-30", "Max_date": "2021-07-19", "date2012_p": 0, "date2013_p": 0, "date2014_p": 0, "date2015_p": 0, "date2016_p": 0, "date2017_p": 0, "date2018_p": 1, "date2019_p": 0, "date2020_p": 0, "date2021_p": 1, "CONTINENT": "Asia", "area": 0.424733, "Type": 0, "Nation": "India", "Locations": "[76.3806399063433,9.96224725260146;76.3868836120226,9.96811184882415]", "ORIG_FID": 21014 }, "geometry": { "type": "Point", "coordinates": [ 76.383761759182974, 9.965179550712822 ] } },
{ "type": "Feature", "properties": { "Points_num": 3, "Min_date": "2021-12-06", "Max_date": "2021-02-28", "date2012_p": 0, "date2013_p": 0, "date2014_p": 0, "date2015_p": 0, "date2016_p": 0, "date2017_p": 0, "date2018_p": 0, "date2019_p": 0, "date2020_p": 0, "date2021_p": 3, "CONTINENT": "Asia", "area": 0.223332, "Type": 0, "Nation": "India", "Locations": "[76.5609138478681,13.8976374302828;76.5658544996416,13.9036249281585]", "ORIG_FID": 21015 }, "geometry": { "type": "Point", "coordinates": [ 76.563384173754784, 13.90063117922065 ] } },
{ "type": "Feature", "properties": { "Points_num": 21, "Min_date": "2015-05-31", "Max_date": "2021-07-11", "date2012_p": 0, "date2013_p": 0, "date2014_p": 0, "date2015_p": 1, "date2016_p": 2, "date2017_p": 1, "date2018_p": 0, "date2019_p": 1, "date2020_p": 0, "date2021_p": 16, "CONTINENT": "Asia", "area": 1.04013, "Type": 0, "Nation": "India", "Locations": "[76.9597363698585,28.6636528158787;76.9691828300516,28.6733549092156]", "ORIG_FID": 21016 }, "geometry": { "type": "Point", "coordinates": [ 76.964459599955077, 28.668503862547198 ] } },
{ "type": "Feature", "properties": { "Points_num": 8, "Min_date": "2018-02-03", "Max_date": "2021-02-06", "date2012_p": 0, "date2013_p": 0, "date2014_p": 0, "date2015_p": 0, "date2016_p": 0, "date2017_p": 0, "date2018_p": 1, "date2019_p": 0, "date2020_p": 2, "date2021_p": 3, "CONTINENT": "Asia", "area": 0.055605, "Type": 0, "Nation": "India", "Locations": "[77.0632848482535,10.9285122491469;77.0656824147711,10.9302571080077]", "ORIG_FID": 21017 }, "geometry": { "type": "Point", "coordinates": [ 77.064483631512289, 10.929384678577364 ] } },
{ "type": "Feature", "properties": { "Points_num": 48, "Min_date": "2019-04-27", "Max_date": "2021-11-21", "date2012_p": 0, "date2013_p": 0, "date2014_p": 0, "date2015_p": 0, "date2016_p": 0, "date2017_p": 0, "date2018_p": 0, "date2019_p": 3, "date2020_p": 0, "date2021_p": 45, "CONTINENT": "Asia", "area": 1.01935, "Type": 0, "Nation": "India", "Locations": "[77.1427102396394,28.7901768471530;77.1546115824826,28.7986286926458]", "ORIG_FID": 21018 }, "geometry": { "type": "Point", "coordinates": [ 77.148660911061015, 28.79440276989936 ] } },
{ "type": "Feature", "properties": { "Points_num": 1, "Min_date": "2021-12-10", "Max_date": "2021-12-10", "date2012_p": 0, "date2013_p": 0, "date2014_p": 0, "date2015_p": 0, "date2016_p": 0, "date2017_p": 0, "date2018_p": 0, "date2019_p": 0, "date2020_p": 0, "date2021_p": 1, "CONTINENT": "Asia", "area": 0.092127, "Type": 0, "Nation": "India", "Locations": "[77.1501827158779,28.8430217563448;77.1534950509991,28.8453598752540]", "ORIG_FID": 21019 }, "geometry": { "type": "Point", "coordinates": [ 77.151838883438529, 28.844190815799379 ] } },
{ "type": "Feature", "properties": { "Points_num": 86, "Min_date": "1899-12-30", "Max_date": "2021-09-29", "date2012_p": 6, "date2013_p": 6, "date2014_p": 2, "date2015_p": 4, "date2016_p": 4, "date2017_p": 16, "date2018_p": 0, "date2019_p": 10, "date2020_p": 7, "date2021_p": 31, "CONTINENT": "Asia", "area": 0.630417, "Type": 0, "Nation": "India", "Locations": "[77.1475628469329,24.4940587550785;77.1550029265377,24.5010773985672]", "ORIG_FID": 21020 }, "geometry": { "type": "Point", "coordinates": [ 77.151282886735245, 24.497568076822873 ] } },
{ "type": "Feature", "properties": { "Points_num": 50, "Min_date": "1899-12-30", "Max_date": "2021-06-08", "date2012_p": 3, "date2013_p": 3, "date2014_p": 0, "date2015_p": 2, "date2016_p": 12, "date2017_p": 1, "date2018_p": 2, "date2019_p": 12, "date2020_p": 2, "date2021_p": 9, "CONTINENT": "Asia", "area": 0.079934, "Type": 0, "Nation": "India", "Locations": "[77.5889655460057,11.0397717413384;77.5924145073118,11.0425171280859]", "ORIG_FID": 21021 }, "geometry": { "type": "Point", "coordinates": [ 77.590690026658734, 11.041144434712162 ] } },
{ "type": "Feature", "properties": { "Points_num": 17, "Min_date": "1899-12-30", "Max_date": "2021-03-03", "date2012_p": 0, "date2013_p": 0, "date2014_p": 0, "date2015_p": 0, "date2016_p": 0, "date2017_p": 1, "date2018_p": 1, "date2019_p": 4, "date2020_p": 4, "date2021_p": 5, "CONTINENT": "Asia", "area": 0.25018, "Type": 0, "Nation": "India", "Locations": "[78.4344309002728,17.2825966449974;78.4394535617030,17.2875780583111]", "ORIG_FID": 21022 }, "geometry": { "type": "Point", "coordinates": [ 78.436942230987924, 17.285087351654209 ] } },
{ "type": "Feature", "properties": { "Points_num": 1, "Min_date": "2021-02-12", "Max_date": "2021-02-12", "date2012_p": 0, "date2013_p": 0, "date2014_p": 0, "date2015_p": 0, "date2016_p": 0, "date2017_p": 0, "date2018_p": 0, "date2019_p": 0, "date2020_p": 0, "date2021_p": 1, "CONTINENT": "Asia", "area": 0.133382, "Type": 0, "Nation": "India", "Locations": "[78.6666600274684,24.4870249123576;78.6712782021686,24.4915963005441]", "ORIG_FID": 21023 }, "geometry": { "type": "Point", "coordinates": [ 78.668969114818438, 24.489310606450843 ] } },
{ "type": "Feature", "properties": { "Points_num": 130, "Min_date": "1899-12-30", "Max_date": "2021-03-30", "date2012_p": 0, "date2013_p": 0, "date2014_p": 0, "date2015_p": 0, "date2016_p": 0, "date2017_p": 0, "date2018_p": 2, "date2019_p": 47, "date2020_p": 25, "date2021_p": 52, "CONTINENT": "Asia", "area": 0.360757, "Type": 0, "Nation": "India", "Locations": "[79.0195831855742,20.1268919172427;79.0272395744598,20.1333181522896]", "ORIG_FID": 21024 }, "geometry": { "type": "Point", "coordinates": [ 79.023411380016952, 20.130105034766217 ] } },
{ "type": "Feature", "properties": { "Points_num": 35, "Min_date": "1899-12-30", "Max_date": "2021-01-14", "date2012_p": 0, "date2013_p": 0, "date2014_p": 0, "date2015_p": 0, "date2016_p": 0, "date2017_p": 0, "date2018_p": 0, "date2019_p": 3, "date2020_p": 6, "date2021_p": 26, "CONTINENT": "Asia", "area": 0.227832, "Type": 0, "Nation": "India", "Locations": "[79.0226231346830,17.2179691525372;79.0275378851137,17.2223681895375]", "ORIG_FID": 21025 }, "geometry": { "type": "Point", "coordinates": [ 79.025080509898274, 17.220168671037339 ] } },
{ "type": "Feature", "properties": { "Points_num": 52, "Min_date": "2014-02-09", "Max_date": "2021-04-24", "date2012_p": 0, "date2013_p": 0, "date2014_p": 1, "date2015_p": 2, "date2016_p": 5, "date2017_p": 14, "date2018_p": 2, "date2019_p": 0, "date2020_p": 16, "date2021_p": 8, "CONTINENT": "Asia", "area": 0.335345, "Type": 0, "Nation": "India", "Locations": "[79.0358778922982,20.1145373539287;79.0417786824040,20.1211158775106]", "ORIG_FID": 21026 }, "geometry": { "type": "Point", "coordinates": [ 79.038828287351123, 20.11782661571964 ] } },
{ "type": "Feature", "properties": { "Points_num": 22, "Min_date": "2020-03-22", "Max_date": "2021-02-27", "date2012_p": 0, "date2013_p": 0, "date2014_p": 0, "date2015_p": 0, "date2016_p": 0, "date2017_p": 0, "date2018_p": 0, "date2019_p": 0, "date2020_p": 5, "date2021_p": 17, "CONTINENT": "Asia", "area": 0.415062, "Type": 0, "Nation": "India", "Locations": "[79.0960304857553,11.1788013220625;79.1014846026067,11.1870653211614]", "ORIG_FID": 21027 }, "geometry": { "type": "Point", "coordinates": [ 79.098757544180998, 11.182933321611964 ] } },
{ "type": "Feature", "properties": { "Points_num": 38, "Min_date": "2019-05-27", "Max_date": "2021-11-02", "date2012_p": 0, "date2013_p": 0, "date2014_p": 0, "date2015_p": 0, "date2016_p": 0, "date2017_p": 0, "date2018_p": 0, "date2019_p": 1, "date2020_p": 0, "date2021_p": 37, "CONTINENT": "Asia", "area": 0.383168, "Type": 0, "Nation": "India", "Locations": "[79.2431608380173,20.8641243421749;79.2503533321662,20.8683762271875]", "ORIG_FID": 21028 }, "geometry": { "type": "Point", "coordinates": [ 79.246757085091801, 20.866250284681154 ] } },
{ "type": "Feature", "properties": { "Points_num": 8, "Min_date": "2019-01-18", "Max_date": "2021-01-24", "date2012_p": 0, "date2013_p": 0, "date2014_p": 0, "date2015_p": 0, "date2016_p": 0, "date2017_p": 0, "date2018_p": 0, "date2019_p": 2, "date2020_p": 2, "date2021_p": 4, "CONTINENT": "Asia", "area": 0.090811, "Type": 0, "Nation": "India", "Locations": "[79.9062920913242,12.8528535529041;79.9097045049397,12.8556292315343]", "ORIG_FID": 21029 }, "geometry": { "type": "Point", "coordinates": [ 79.907998298131943, 12.85424139221915 ] } },
{ "type": "Feature", "properties": { "Points_num": 46, "Min_date": "2018-03-15", "Max_date": "2021-01-30", "date2012_p": 0, "date2013_p": 0, "date2014_p": 0, "date2015_p": 0, "date2016_p": 0, "date2017_p": 0, "date2018_p": 5, "date2019_p": 6, "date2020_p": 11, "date2021_p": 14, "CONTINENT": "Asia", "area": 0.220222, "Type": 0, "Nation": "India", "Locations": "[79.9781118935785,13.0776033303260;79.9826084332224,13.0818004564455]", "ORIG_FID": 21030 }, "geometry": { "type": "Point", "coordinates": [ 79.980360163400448, 13.079701893385693 ] } },
{ "type": "Feature", "properties": { "Points_num": 9, "Min_date": "2020-10-29", "Max_date": "2021-10-16", "date2012_p": 0, "date2013_p": 0, "date2014_p": 0, "date2015_p": 0, "date2016_p": 0, "date2017_p": 0, "date2018_p": 0, "date2019_p": 0, "date2020_p": 2, "date2021_p": 7, "CONTINENT": "Asia", "area": 0.384298, "Type": 0, "Nation": "India", "Locations": "[80.0717661046496,26.7556648589402;80.0803321642705,26.7594095801094]", "ORIG_FID": 21031 }, "geometry": { "type": "Point", "coordinates": [ 80.076049134460106, 26.757537219524735 ] } },
{ "type": "Feature", "properties": { "Points_num": 69, "Min_date": "1899-12-30", "Max_date": "2021-12-30", "date2012_p": 4, "date2013_p": 4, "date2014_p": 4, "date2015_p": 2, "date2016_p": 5, "date2017_p": 4, "date2018_p": 9, "date2019_p": 7, "date2020_p": 4, "date2021_p": 8, "CONTINENT": "Asia", "area": 0.321835, "Type": 0, "Nation": "India", "Locations": "[81.9824572495424,16.8743533994266;81.9902138319344,16.8778074788179]", "ORIG_FID": 21032 }, "geometry": { "type": "Point", "coordinates": [ 81.986335540738352, 16.876080439122255 ] } },
{ "type": "Feature", "properties": { "Points_num": 48, "Min_date": "1899-12-30", "Max_date": "2021-02-28", "date2012_p": 6, "date2013_p": 6, "date2014_p": 0, "date2015_p": 2, "date2016_p": 0, "date2017_p": 0, "date2018_p": 0, "date2019_p": 0, "date2020_p": 13, "date2021_p": 21, "CONTINENT": "Asia", "area": 0.65123, "Type": 0, "Nation": "India", "Locations": "[82.0489470930178,21.8831233586192;82.0572133405522,21.8908287531114]", "ORIG_FID": 21033 }, "geometry": { "type": "Point", "coordinates": [ 82.053080216784977, 21.886976055865308 ] } },
{ "type": "Feature", "properties": { "Points_num": 53, "Min_date": "1899-12-30", "Max_date": "2021-04-25", "date2012_p": 0, "date2013_p": 0, "date2014_p": 22, "date2015_p": 0, "date2016_p": 2, "date2017_p": 5, "date2018_p": 4, "date2019_p": 0, "date2020_p": 3, "date2021_p": 9, "CONTINENT": "Asia", "area": 1.07215, "Type": 0, "Nation": "India", "Locations": "[82.2953767800485,16.7412135763147;82.3038857326052,16.7516862153915]", "ORIG_FID": 21034 }, "geometry": { "type": "Point", "coordinates": [ 82.299631256326833, 16.746449895853111 ] } },
{ "type": "Feature", "properties": { "Points_num": 17, "Min_date": "2020-11-13", "Max_date": "2021-02-01", "date2012_p": 0, "date2013_p": 0, "date2014_p": 0, "date2015_p": 0, "date2016_p": 0, "date2017_p": 0, "date2018_p": 0, "date2019_p": 0, "date2020_p": 3, "date2021_p": 14, "CONTINENT": "Asia", "area": 0.78605, "Type": 0, "Nation": "India", "Locations": "[82.5808495976208,24.1144321967846;82.5889611141768,24.1232480998112]", "ORIG_FID": 21035 }, "geometry": { "type": "Point", "coordinates": [ 82.584905355898869, 24.118840148297938 ] } },
{ "type": "Feature", "properties": { "Points_num": 8, "Min_date": "2021-04-02", "Max_date": "2021-04-08", "date2012_p": 0, "date2013_p": 0, "date2014_p": 0, "date2015_p": 0, "date2016_p": 0, "date2017_p": 0, "date2018_p": 0, "date2019_p": 0, "date2020_p": 0, "date2021_p": 8, "CONTINENT": "Asia", "area": 0.11283, "Type": 0, "Nation": "India", "Locations": "[82.5999596059775,24.1389550218614;82.6040783781439,24.1410420077503]", "ORIG_FID": 21036 }, "geometry": { "type": "Point", "coordinates": [ 82.602018992060692, 24.139998514805853 ] } },
{ "type": "Feature", "properties": { "Points_num": 2, "Min_date": "2020-09-10", "Max_date": "2021-02-15", "date2012_p": 0, "date2013_p": 0, "date2014_p": 0, "date2015_p": 0, "date2016_p": 0, "date2017_p": 0, "date2018_p": 0, "date2019_p": 0, "date2020_p": 1, "date2021_p": 1, "CONTINENT": "Asia", "area": 0.312331, "Type": 0, "Nation": "India", "Locations": "[82.6508346785793,22.3385719338435;82.6563584177142,22.3428866243211]", "ORIG_FID": 21037 }, "geometry": { "type": "Point", "coordinates": [ 82.653596548146766, 22.340729279082257 ] } },
{ "type": "Feature", "properties": { "Points_num": 41, "Min_date": "1899-12-30", "Max_date": "2021-02-20", "date2012_p": 0, "date2013_p": 0, "date2014_p": 0, "date2015_p": 0, "date2016_p": 0, "date2017_p": 1, "date2018_p": 0, "date2019_p": 0, "date2020_p": 22, "date2021_p": 18, "CONTINENT": "Asia", "area": 0.551621, "Type": 0, "Nation": "India", "Locations": "[82.6525811219449,24.1449099377776;82.6598860672327,24.1537756234818]", "ORIG_FID": 21038 }, "geometry": { "type": "Point", "coordinates": [ 82.656233594588812, 24.149342780629748 ] } },
{ "type": "Feature", "properties": { "Points_num": 30, "Min_date": "2014-04-25", "Max_date": "2021-03-06", "date2012_p": 0, "date2013_p": 0, "date2014_p": 1, "date2015_p": 0, "date2016_p": 1, "date2017_p": 0, "date2018_p": 0, "date2019_p": 0, "date2020_p": 0, "date2021_p": 28, "CONTINENT": "Asia", "area": 0.281277, "Type": 0, "Nation": "India", "Locations": "[82.7005804579295,24.1361191479544;82.7099025368364,24.1402110198926]", "ORIG_FID": 21039 }, "geometry": { "type": "Point", "coordinates": [ 82.705241497383028, 24.138165083923496 ] } },
{ "type": "Feature", "properties": { "Points_num": 62, "Min_date": "2020-12-08", "Max_date": "2021-12-13", "date2012_p": 0, "date2013_p": 0, "date2014_p": 0, "date2015_p": 0, "date2016_p": 0, "date2017_p": 0, "date2018_p": 0, "date2019_p": 0, "date2020_p": 9, "date2021_p": 53, "CONTINENT": "Asia", "area": 0.470962, "Type": 0, "Nation": "India", "Locations": "[82.7421476216628,24.1380612834323;82.7502754924344,24.1466729412135]", "ORIG_FID": 21040 }, "geometry": { "type": "Point", "coordinates": [ 82.746211557048582, 24.142367112322905 ] } },
{ "type": "Feature", "properties": { "Points_num": 47, "Min_date": "2017-06-25", "Max_date": "2021-11-17", "date2012_p": 0, "date2013_p": 0, "date2014_p": 0, "date2015_p": 0, "date2016_p": 0, "date2017_p": 1, "date2018_p": 0, "date2019_p": 0, "date2020_p": 6, "date2021_p": 40, "CONTINENT": "Asia", "area": 0.165078, "Type": 0, "Nation": "India", "Locations": "[82.7587210080495,24.1516808044066;82.7625473170705,24.1549100142493]", "ORIG_FID": 21041 }, "geometry": { "type": "Point", "coordinates": [ 82.760634162559995, 24.153295409327939 ] } },
{ "type": "Feature", "properties": { "Points_num": 5, "Min_date": "2019-03-24", "Max_date": "2019-04-12", "date2012_p": 0, "date2013_p": 0, "date2014_p": 0, "date2015_p": 0, "date2016_p": 0, "date2017_p": 0, "date2018_p": 0, "date2019_p": 5, "date2020_p": 0, "date2021_p": 0, "CONTINENT": "Asia", "area": 0.660186, "Type": 0, "Nation": "India", "Locations": "[82.7625473170705,24.1466250256623;82.7698795212457,24.1533636592310]", "ORIG_FID": 21042 }, "geometry": { "type": "Point", "coordinates": [ 82.766213419158149, 24.149994342446661 ] } },
{ "type": "Feature", "properties": { "Points_num": 24, "Min_date": "1899-12-30", "Max_date": "2021-02-23", "date2012_p": 2, "date2013_p": 2, "date2014_p": 4, "date2015_p": 1, "date2016_p": 2, "date2017_p": 3, "date2018_p": 0, "date2019_p": 3, "date2020_p": 2, "date2021_p": 5, "CONTINENT": "Asia", "area": 0.197508, "Type": 0, "Nation": "India", "Locations": "[83.1529288144903,17.9675746357658;83.1580480513063,17.9703558703325]", "ORIG_FID": 21043 }, "geometry": { "type": "Point", "coordinates": [ 83.155488432898281, 17.968965253049149 ] } },
{ "type": "Feature", "properties": { "Points_num": 38, "Min_date": "2016-03-29", "Max_date": "2021-03-11", "date2012_p": 0, "date2013_p": 0, "date2014_p": 0, "date2015_p": 0, "date2016_p": 5, "date2017_p": 4, "date2018_p": 4, "date2019_p": 6, "date2020_p": 4, "date2021_p": 7, "CONTINENT": "Asia", "area": 0.267958, "Type": 0, "Nation": "India", "Locations": "[83.3466867540972,21.9298361124185;83.3525221393309,21.9357234571100]", "ORIG_FID": 21044 }, "geometry": { "type": "Point", "coordinates": [ 83.349604446714025, 21.932779784764321 ] } },
{ "type": "Feature", "properties": { "Points_num": 32, "Min_date": "2016-02-09", "Max_date": "2021-11-02", "date2012_p": 0, "date2013_p": 0, "date2014_p": 0, "date2015_p": 0, "date2016_p": 1, "date2017_p": 0, "date2018_p": 1, "date2019_p": 3, "date2020_p": 9, "date2021_p": 16, "CONTINENT": "Asia", "area": 0.404134, "Type": 0, "Nation": "India", "Locations": "[83.3470226476424,22.0684228817095;83.3532755595493,22.0739114761674]", "ORIG_FID": 21045 }, "geometry": { "type": "Point", "coordinates": [ 83.350149103595854, 22.071167178938413 ] } },
{ "type": "Feature", "properties": { "Points_num": 25, "Min_date": "2020-12-21", "Max_date": "2021-03-02", "date2012_p": 0, "date2013_p": 0, "date2014_p": 0, "date2015_p": 0, "date2016_p": 0, "date2017_p": 0, "date2018_p": 0, "date2019_p": 0, "date2020_p": 1, "date2021_p": 24, "CONTINENT": "Asia", "area": 0.588175, "Type": 0, "Nation": "India", "Locations": "[83.3496397615988,22.2616196419592;83.3584033796512,22.2685973946758]", "ORIG_FID": 21046 }, "geometry": { "type": "Point", "coordinates": [ 83.354021570625036, 22.265108518317504 ] } },
{ "type": "Feature", "properties": { "Points_num": 48, "Min_date": "1899-12-30", "Max_date": "2021-03-26", "date2012_p": 1, "date2013_p": 1, "date2014_p": 2, "date2015_p": 0, "date2016_p": 0, "date2017_p": 5, "date2018_p": 3, "date2019_p": 2, "date2020_p": 8, "date2021_p": 20, "CONTINENT": "Asia", "area": 0.586195, "Type": 0, "Nation": "India", "Locations": "[83.4668071294393,21.9501469651284;83.4737510299186,21.9581064378941]", "ORIG_FID": 21047 }, "geometry": { "type": "Point", "coordinates": [ 83.47027907967896, 21.954126701511214 ] } },
{ "type": "Feature", "properties": { "Points_num": 23, "Min_date": "1899-12-30", "Max_date": "2021-01-09", "date2012_p": 0, "date2013_p": 0, "date2014_p": 0, "date2015_p": 0, "date2016_p": 0, "date2017_p": 0, "date2018_p": 2, "date2019_p": 3, "date2020_p": 2, "date2021_p": 12, "CONTINENT": "Asia", "area": 0.349218, "Type": 0, "Nation": "India", "Locations": "[83.4901533001824,21.8729008093661;83.4963824364824,21.8785200315230]", "ORIG_FID": 21048 }, "geometry": { "type": "Point", "coordinates": [ 83.493267868332396, 21.875710420444506 ] } },
{ "type": "Feature", "properties": { "Points_num": 3, "Min_date": "2017-02-28", "Max_date": "2021-12-14", "date2012_p": 0, "date2013_p": 0, "date2014_p": 0, "date2015_p": 0, "date2016_p": 0, "date2017_p": 1, "date2018_p": 0, "date2019_p": 0, "date2020_p": 0, "date2021_p": 2, "CONTINENT": "Asia", "area": 0.179128, "Type": 0, "Nation": "India", "Locations": "[84.0380254880623,21.6700980656988;84.0434376247493,21.6743347442909]", "ORIG_FID": 21049 }, "geometry": { "type": "Point", "coordinates": [ 84.040731556405802, 21.67221640499487 ] } },
{ "type": "Feature", "properties": { "Points_num": 38, "Min_date": "2020-10-04", "Max_date": "2021-12-14", "date2012_p": 0, "date2013_p": 0, "date2014_p": 0, "date2015_p": 0, "date2016_p": 0, "date2017_p": 0, "date2018_p": 0, "date2019_p": 0, "date2020_p": 4, "date2021_p": 34, "CONTINENT": "Asia", "area": 0.759922, "Type": 0, "Nation": "India", "Locations": "[84.5748341323832,22.1983867248101;84.5835843581952,22.2052447268693]", "ORIG_FID": 21050 }, "geometry": { "type": "Point", "coordinates": [ 84.579209245289178, 22.20181572583968 ] } },
{ "type": "Feature", "properties": { "Points_num": 7, "Min_date": "1899-12-30", "Max_date": "2021-01-22", "date2012_p": 0, "date2013_p": 0, "date2014_p": 0, "date2015_p": 0, "date2016_p": 0, "date2017_p": 0, "date2018_p": 0, "date2019_p": 1, "date2020_p": 2, "date2021_p": 4, "CONTINENT": "Asia", "area": 0.223363, "Type": 0, "Nation": "India", "Locations": "[84.7698885640567,22.3124584806628;84.7744747940649,22.3166742451786]", "ORIG_FID": 21051 }, "geometry": { "type": "Point", "coordinates": [ 84.772181679060751, 22.314566362920718 ] } },
{ "type": "Feature", "properties": { "Points_num": 1, "Min_date": "2020-12-30", "Max_date": "2020-12-30", "date2012_p": 0, "date2013_p": 0, "date2014_p": 0, "date2015_p": 0, "date2016_p": 0, "date2017_p": 0, "date2018_p": 0, "date2019_p": 0, "date2020_p": 1, "date2021_p": 0, "CONTINENT": "Asia", "area": 0.065097, "Type": 0, "Nation": "India", "Locations": "[84.9468695083510,23.8412113242520;84.9490873951181,23.8433982724470]", "ORIG_FID": 21052 }, "geometry": { "type": "Point", "coordinates": [ 84.947978451734613, 23.842304798349474 ] } },
{ "type": "Feature", "properties": { "Points_num": 3, "Min_date": "2012-04-21", "Max_date": "2020-12-02", "date2012_p": 1, "date2013_p": 1, "date2014_p": 0, "date2015_p": 0, "date2016_p": 0, "date2017_p": 0, "date2018_p": 0, "date2019_p": 0, "date2020_p": 1, "date2021_p": 0, "CONTINENT": "Asia", "area": 0.741982, "Type": 0, "Nation": "India", "Locations": "[84.9857261154568,20.8798899999999;84.9951443428056,20.8858675916783]", "ORIG_FID": 21053 }, "geometry": { "type": "Point", "coordinates": [ 84.990435229131222, 20.882878795839176 ] } },
{ "type": "Feature", "properties": { "Points_num": 2, "Min_date": "2021-11-29", "Max_date": "2021-05-31", "date2012_p": 0, "date2013_p": 0, "date2014_p": 0, "date2015_p": 0, "date2016_p": 0, "date2017_p": 0, "date2018_p": 0, "date2019_p": 0, "date2020_p": 0, "date2021_p": 2, "CONTINENT": "Asia", "area": 0.072844, "Type": 0, "Nation": "India", "Locations": "[84.9873710415714,23.6653664849877;84.9900335217132,23.6677951609358]", "ORIG_FID": 21054 }, "geometry": { "type": "Point", "coordinates": [ 84.988702281642333, 23.666580822961773 ] } },
{ "type": "Feature", "properties": { "Points_num": 24, "Min_date": "1899-12-30", "Max_date": "2021-04-10", "date2012_p": 1, "date2013_p": 1, "date2014_p": 0, "date2015_p": 0, "date2016_p": 2, "date2017_p": 0, "date2018_p": 0, "date2019_p": 0, "date2020_p": 3, "date2021_p": 17, "CONTINENT": "Asia", "area": 0.192477, "Type": 0, "Nation": "India", "Locations": "[84.9862592439530,23.6884105792249;84.9910681961466,23.6934326570801]", "ORIG_FID": 21055 }, "geometry": { "type": "Point", "coordinates": [ 84.988663720049772, 23.69092161815248 ] } },
{ "type": "Feature", "properties": { "Points_num": 6, "Min_date": "2020-12-28", "Max_date": "2021-04-04", "date2012_p": 0, "date2013_p": 0, "date2014_p": 0, "date2015_p": 0, "date2016_p": 0, "date2017_p": 0, "date2018_p": 0, "date2019_p": 0, "date2020_p": 4, "date2021_p": 2, "CONTINENT": "Asia", "area": 0.122439, "Type": 0, "Nation": "India", "Locations": "[84.9993990039841,23.6947469413261;85.0036033189560,23.6989512562978]", "ORIG_FID": 21056 }, "geometry": { "type": "Point", "coordinates": [ 85.001501161470102, 23.696849098811906 ] } },
{ "type": "Feature", "properties": { "Points_num": 55, "Min_date": "2021-12-26", "Max_date": "2021-12-14", "date2012_p": 0, "date2013_p": 0, "date2014_p": 0, "date2015_p": 0, "date2016_p": 0, "date2017_p": 0, "date2018_p": 0, "date2019_p": 0, "date2020_p": 0, "date2021_p": 55, "CONTINENT": "Asia", "area": 0.386009, "Type": 0, "Nation": "India", "Locations": "[85.0106573934353,20.9400661746445;85.0180237529747,20.9474348598775]", "ORIG_FID": 21057 }, "geometry": { "type": "Point", "coordinates": [ 85.014340573205004, 20.94375051726098 ] } },
{ "type": "Feature", "properties": { "Points_num": 18, "Min_date": "2019-01-05", "Max_date": "2021-01-22", "date2012_p": 0, "date2013_p": 0, "date2014_p": 0, "date2015_p": 0, "date2016_p": 0, "date2017_p": 0, "date2018_p": 0, "date2019_p": 2, "date2020_p": 7, "date2021_p": 9, "CONTINENT": "Asia", "area": 0.385313, "Type": 0, "Nation": "India", "Locations": "[85.0172439827506,20.8628260891997;85.0247778154424,20.8674720342577]", "ORIG_FID": 21058 }, "geometry": { "type": "Point", "coordinates": [ 85.021010899096524, 20.865149061728683 ] } },
{ "type": "Feature", "properties": { "Points_num": 1, "Min_date": "2021-12-27", "Max_date": "2021-12-27", "date2012_p": 0, "date2013_p": 0, "date2014_p": 0, "date2015_p": 0, "date2016_p": 0, "date2017_p": 0, "date2018_p": 0, "date2019_p": 0, "date2020_p": 0, "date2021_p": 1, "CONTINENT": "Asia", "area": 0.207964, "Type": 0, "Nation": "India", "Locations": "[85.0344421748607,20.9684976930342;85.0401839097913,20.9733124908430]", "ORIG_FID": 21059 }, "geometry": { "type": "Point", "coordinates": [ 85.037313042326005, 20.970905091938569 ] } },
{ "type": "Feature", "properties": { "Points_num": 61, "Min_date": "2012-02-26", "Max_date": "2021-09-04", "date2012_p": 1, "date2013_p": 1, "date2014_p": 0, "date2015_p": 0, "date2016_p": 1, "date2017_p": 1, "date2018_p": 0, "date2019_p": 0, "date2020_p": 8, "date2021_p": 49, "CONTINENT": "Asia", "area": 0.595598, "Type": 0, "Nation": "India", "Locations": "[85.1448224756373,20.9391004801862;85.1537862435641,20.9444245066370]", "ORIG_FID": 21060 }, "geometry": { "type": "Point", "coordinates": [ 85.149304359600663, 20.941762493411609 ] } },
{ "type": "Feature", "properties": { "Points_num": 0, "Min_date": null, "Max_date": null, "date2012_p": 0, "date2013_p": 0, "date2014_p": 0, "date2015_p": 0, "date2016_p": 0, "date2017_p": 0, "date2018_p": 0, "date2019_p": 0, "date2020_p": 0, "date2021_p": 0, "CONTINENT": "Asia", "area": 0.128503, "Type": 0, "Nation": "India", "Locations": "[85.2513894745222,20.8050744483717;85.2556562387081,20.8080902809831]", "ORIG_FID": 21061 }, "geometry": { "type": "Point", "coordinates": [ 85.253522856615135, 20.806582364677414 ] } },
{ "type": "Feature", "properties": { "Points_num": 8, "Min_date": "2019-03-19", "Max_date": "1899-12-30", "date2012_p": 0, "date2013_p": 0, "date2014_p": 0, "date2015_p": 0, "date2016_p": 0, "date2017_p": 0, "date2018_p": 0, "date2019_p": 8, "date2020_p": 0, "date2021_p": 0, "CONTINENT": "Asia", "area": 0.195122, "Type": 0, "Nation": "India", "Locations": "[85.2773043321997,23.7049234244278;85.2825322981623,23.7100262400707]", "ORIG_FID": 21062 }, "geometry": { "type": "Point", "coordinates": [ 85.279918315181007, 23.707474832249254 ] } },
{ "type": "Feature", "properties": { "Points_num": 21, "Min_date": "2014-04-20", "Max_date": "2021-01-30", "date2012_p": 0, "date2013_p": 0, "date2014_p": 1, "date2015_p": 0, "date2016_p": 0, "date2017_p": 0, "date2018_p": 0, "date2019_p": 0, "date2020_p": 7, "date2021_p": 13, "CONTINENT": "Asia", "area": 0.195169, "Type": 0, "Nation": "India", "Locations": "[85.3804837455303,22.1308998073588;85.3857930466871,22.1361955677219]", "ORIG_FID": 21063 }, "geometry": { "type": "Point", "coordinates": [ 85.383138396108734, 22.133547687540368 ] } },
{ "type": "Feature", "properties": { "Points_num": 432, "Min_date": "2019-04-08", "Max_date": "2021-12-07", "date2012_p": 0, "date2013_p": 0, "date2014_p": 0, "date2015_p": 0, "date2016_p": 0, "date2017_p": 0, "date2018_p": 0, "date2019_p": 94, "date2020_p": 125, "date2021_p": 213, "CONTINENT": "Asia", "area": 0.548335, "Type": 0, "Nation": "India", "Locations": "[85.4961800823751,23.8207631807097;85.5046414917410,23.8287437858031]", "ORIG_FID": 21064 }, "geometry": { "type": "Point", "coordinates": [ 85.500410787058087, 23.824753483256348 ] } },
{ "type": "Feature", "properties": { "Points_num": 41, "Min_date": "2017-02-18", "Max_date": "2021-09-25", "date2012_p": 0, "date2013_p": 0, "date2014_p": 0, "date2015_p": 0, "date2016_p": 0, "date2017_p": 1, "date2018_p": 1, "date2019_p": 6, "date2020_p": 8, "date2021_p": 23, "CONTINENT": "Asia", "area": 0.238613, "Type": 0, "Nation": "India", "Locations": "[85.6438443790701,21.5685564623106;85.6493830051448,21.5741086892413]", "ORIG_FID": 21065 }, "geometry": { "type": "Point", "coordinates": [ 85.646613692107422, 21.571332575775887 ] } },
{ "type": "Feature", "properties": { "Points_num": 11, "Min_date": "2020-11-28", "Max_date": "2021-03-19", "date2012_p": 0, "date2013_p": 0, "date2014_p": 0, "date2015_p": 0, "date2016_p": 0, "date2017_p": 0, "date2018_p": 0, "date2019_p": 0, "date2020_p": 1, "date2021_p": 10, "CONTINENT": "Asia", "area": 0.229744, "Type": 0, "Nation": "India", "Locations": "[86.1927052684944,23.7713328424991;86.1981764758100,23.7771712926827]", "ORIG_FID": 21066 }, "geometry": { "type": "Point", "coordinates": [ 86.195440872152219, 23.774252067590893 ] } },
{ "type": "Feature", "properties": { "Points_num": 57, "Min_date": "2017-01-12", "Max_date": "2021-05-22", "date2012_p": 0, "date2013_p": 0, "date2014_p": 0, "date2015_p": 0, "date2016_p": 0, "date2017_p": 1, "date2018_p": 0, "date2019_p": 1, "date2020_p": 20, "date2021_p": 35, "CONTINENT": "Asia", "area": 0.379842, "Type": 0, "Nation": "India", "Locations": "[86.3473839570625,23.6845597412797;86.3547323776757,23.6921120841910]", "ORIG_FID": 21067 }, "geometry": { "type": "Point", "coordinates": [ 86.351058167369075, 23.688335912735322 ] } },
{ "type": "Feature", "properties": { "Points_num": 76, "Min_date": "2020-12-29", "Max_date": "2021-12-06", "date2012_p": 0, "date2013_p": 0, "date2014_p": 0, "date2015_p": 0, "date2016_p": 0, "date2017_p": 0, "date2018_p": 0, "date2019_p": 0, "date2020_p": 3, "date2021_p": 73, "CONTINENT": "Asia", "area": 0.145616, "Type": 0, "Nation": "India", "Locations": "[86.3716249316248,23.7791989249263;86.3749905136107,23.7829572481136]", "ORIG_FID": 21068 }, "geometry": { "type": "Point", "coordinates": [ 86.37330772261771, 23.781078086519905 ] } },
{ "type": "Feature", "properties": { "Points_num": 0, "Min_date": null, "Max_date": null, "date2012_p": 0, "date2013_p": 0, "date2014_p": 0, "date2015_p": 0, "date2016_p": 0, "date2017_p": 0, "date2018_p": 0, "date2019_p": 0, "date2020_p": 0, "date2021_p": 0, "CONTINENT": "Asia", "area": 0.04944, "Type": 0, "Nation": "India", "Locations": "[87.0793459541325,23.7910749301807;87.0817650931833,23.7934146941530]", "ORIG_FID": 21069 }, "geometry": { "type": "Point", "coordinates": [ 87.080555523657921, 23.792244812166913 ] } },
{ "type": "Feature", "properties": { "Points_num": 45, "Min_date": "2021-05-04", "Max_date": "2021-08-30", "date2012_p": 0, "date2013_p": 0, "date2014_p": 0, "date2015_p": 0, "date2016_p": 0, "date2017_p": 0, "date2018_p": 0, "date2019_p": 0, "date2020_p": 0, "date2021_p": 45, "CONTINENT": "Asia", "area": 0.434951, "Type": 0, "Nation": "India", "Locations": "[87.2983250122193,22.3622998392736;87.3089651640196,22.3673521036028]", "ORIG_FID": 21070 }, "geometry": { "type": "Point", "coordinates": [ 87.303645088119424, 22.364825971438194 ] } },
{ "type": "Feature", "properties": { "Points_num": 0, "Min_date": null, "Max_date": null, "date2012_p": 0, "date2013_p": 0, "date2014_p": 0, "date2015_p": 0, "date2016_p": 0, "date2017_p": 0, "date2018_p": 0, "date2019_p": 0, "date2020_p": 0, "date2021_p": 0, "CONTINENT": "Asia", "area": 0.324859, "Type": 0, "Nation": "India", "Locations": "[87.2997753382840,22.3595550043891;87.3093397036719,22.3638457413319]", "ORIG_FID": 21071 }, "geometry": { "type": "Point", "coordinates": [ 87.304557520977994, 22.361700372860437 ] } },
{ "type": "Feature", "properties": { "Points_num": 4, "Min_date": "2021-11-18", "Max_date": "2021-11-21", "date2012_p": 0, "date2013_p": 0, "date2014_p": 0, "date2015_p": 0, "date2016_p": 0, "date2017_p": 0, "date2018_p": 0, "date2019_p": 0, "date2020_p": 0, "date2021_p": 4, "CONTINENT": "Asia", "area": 0.49523, "Type": 0, "Nation": "India", "Locations": "[87.2973578059021,22.3650819043785;87.3079615808908,22.3705442631454]", "ORIG_FID": 21072 }, "geometry": { "type": "Point", "coordinates": [ 87.302659693396464, 22.367813083761945 ] } },
{ "type": "Feature", "properties": { "Points_num": 18, "Min_date": "2021-04-14", "Max_date": "2021-04-16", "date2012_p": 0, "date2013_p": 0, "date2014_p": 0, "date2015_p": 0, "date2016_p": 0, "date2017_p": 0, "date2018_p": 0, "date2019_p": 0, "date2020_p": 0, "date2021_p": 18, "CONTINENT": "Asia", "area": 0.22581, "Type": 0, "Nation": "India", "Locations": "[87.3766317389698,25.0330912405103;87.3832234309273,25.0378366907567]", "ORIG_FID": 21073 }, "geometry": { "type": "Point", "coordinates": [ 87.379927584948589, 25.035463965633472 ] } },
{ "type": "Feature", "properties": { "Points_num": 29, "Min_date": "2017-06-25", "Max_date": "2021-11-04", "date2012_p": 0, "date2013_p": 0, "date2014_p": 0, "date2015_p": 0, "date2016_p": 0, "date2017_p": 13, "date2018_p": 0, "date2019_p": 0, "date2020_p": 0, "date2021_p": 16, "CONTINENT": "Asia", "area": 0.71583, "Type": 0, "Nation": "India", "Locations": "[87.4877532206227,23.4399152453221;87.4955162242148,23.4465109645344]", "ORIG_FID": 21074 }, "geometry": { "type": "Point", "coordinates": [ 87.491634722418823, 23.443213104928219 ] } },
{ "type": "Feature", "properties": { "Points_num": 10, "Min_date": "2014-02-19", "Max_date": "2021-08-01", "date2012_p": 0, "date2013_p": 0, "date2014_p": 1, "date2015_p": 0, "date2016_p": 1, "date2017_p": 0, "date2018_p": 2, "date2019_p": 0, "date2020_p": 0, "date2021_p": 2, "CONTINENT": "Asia", "area": 0.459502, "Type": 0, "Nation": "India", "Locations": "[88.1077470705876,22.0605552685292;88.1178822084301,22.0667258662269]", "ORIG_FID": 21075 }, "geometry": { "type": "Point", "coordinates": [ 88.112814639508827, 22.06364056737803 ] } },
{ "type": "Feature", "properties": { "Points_num": 18, "Min_date": "2014-03-13", "Max_date": "2021-01-24", "date2012_p": 0, "date2013_p": 0, "date2014_p": 1, "date2015_p": 0, "date2016_p": 0, "date2017_p": 1, "date2018_p": 0, "date2019_p": 2, "date2020_p": 0, "date2021_p": 14, "CONTINENT": "Asia", "area": 0.172268, "Type": 0, "Nation": "India", "Locations": "[90.9007726662679,25.4950730989643;90.9055120492209,25.4998656257852]", "ORIG_FID": 21076 }, "geometry": { "type": "Point", "coordinates": [ 90.903142357744386, 25.497469362374776 ] } },
{ "type": "Feature", "properties": { "Points_num": 39, "Min_date": "2015-03-17", "Max_date": "2021-11-17", "date2012_p": 0, "date2013_p": 0, "date2014_p": 0, "date2015_p": 1, "date2016_p": 1, "date2017_p": 0, "date2018_p": 0, "date2019_p": 1, "date2020_p": 2, "date2021_p": 34, "CONTINENT": "Asia", "area": 0.170629, "Type": 0, "Nation": "India", "Locations": "[90.9030085064737,25.5165358850460;90.9080159154600,25.5208922691365]", "ORIG_FID": 21077 }, "geometry": { "type": "Point", "coordinates": [ 90.905512210966862, 25.518714077091257 ] } }
]
}
